knob_setting_id,trajectory_index,interface_mode,cycle_index,flux_peak_uM_h,flux_FWHM_h,flux_dose_uM,post_peak_dose_uM
Robust_K4,-1,deterministic_reference,0,2.6883212093160935,3.0666666666664923,7.918380119292181,3.1844154934272537
Robust_K4,-1,deterministic_reference,1,2.6882862056845536,3.0666666666664923,7.918380089791743,3.1956018388595133
Robust_K4,-1,deterministic_reference,2,2.688234054713242,3.0666666666664923,7.918920593171792,3.207328519707468
Robust_K4,-1,deterministic_reference,3,2.688238156500814,3.099999999999824,7.918920523544503,3.1289076553975623
Robust_K4,-1,deterministic_reference,4,2.688289558080121,3.099999999999824,7.918380078389577,3.1400938908999723
Robust_K4,-1,deterministic_reference,5,2.6883233830401223,3.0666666666664923,7.918380137726844,3.151280347356129
Robust_K4,-1,deterministic_reference,6,2.6883396965691246,3.0666666666664923,7.918380104280244,3.1624668468120323
Robust_K4,0,stochastic_raw,0,4.52829003618308,3.216666666666484,11.916837858834775,8.19015230059152
Robust_K4,0,stochastic_raw,1,2.0399722440230708,1.4499999999999176,2.8686642654961743,0.8479335179139955
Robust_K4,0,stochastic_raw,2,6.164751286882906,2.499999999999858,15.760653691528791,7.760861438250437
Robust_K4,0,stochastic_raw,3,4.281699984707764,2.666666666666515,10.615701716012358,3.21407714820667
Robust_K4,0,stochastic_raw,4,2.600404179194244,1.6333333333332405,4.478224783307786,3.520259795455205
Robust_K4,0,stochastic_raw,5,1.322619367003969,1.9999999999998863,2.5238118147208555,0.7851651411748126
Robust_K4,0,stochastic_raw,6,2.622821456601091,1.6999999999999034,4.830549659885395,0.8561531862964786
Robust_K4,0,stochastic_causal_2min,0,4.472246842665982,3.266666666666481,11.917118074802627,8.227421024280536
Robust_K4,0,stochastic_causal_2min,1,1.9278858569887234,1.6166666666665748,2.8685708601738344,0.8639058280664133
Robust_K4,0,stochastic_causal_2min,2,6.030247622441948,2.6333333333331836,15.760560286206518,7.811020096448411
Robust_K4,0,stochastic_causal_2min,3,4.214448152487421,2.7166666666665122,10.6159819319804,2.172981423303825
Robust_K4,0,stochastic_causal_2min,4,2.4883177921597053,1.716666666666569,4.478224783308071,3.49952381385399
Robust_K4,0,stochastic_causal_2min,5,1.2889934508939405,2.1833333333332092,2.5238118147211517,0.8379391484035712
Robust_K4,0,stochastic_causal_2min,6,2.4883177921597053,1.9833333333332206,4.830549659885627,0.8354172046952625
Robust_K4,0,stochastic_causal_5min,0,4.366885638853819,3.3666666666664753,11.917697187802304,8.263232624937974
Robust_K4,0,stochastic_causal_5min,1,1.7844152815849157,1.716666666666569,2.868103833561196,0.8474104481078523
Robust_K4,0,stochastic_causal_5min,2,5.9809296121467925,2.683333333333181,15.760653691529061,7.760936162508542
Robust_K4,0,stochastic_causal_5min,3,4.09787830997193,2.799999999999841,10.616299510076999,3.1462648840511163
Robust_K4,0,stochastic_causal_5min,4,2.4210659599393693,1.7499999999999005,4.478075334792024,3.599915854507642
Robust_K4,0,stochastic_causal_5min,5,1.2733013567090894,2.2166666666665407,2.523849176850157,0.8274217090868594
Robust_K4,0,stochastic_causal_5min,6,2.4300328709019596,2.133333333333212,4.830549659885628,0.8557422028774699
Robust_K4,0,stochastic_causal_10min,0,4.232381974412737,3.3999999999998067,11.9183323439955,8.438199475098418
Robust_K4,0,stochastic_causal_10min,1,1.6947461719575585,1.7499999999999005,2.867823617593608,0.749502989033461
Robust_K4,0,stochastic_causal_10min,2,5.924886418629649,2.599999999999852,15.760242708109919,7.80864760125612
Robust_K4,0,stochastic_causal_10min,3,3.90957317975417,3.0499999999998266,10.616972028399214,2.3675633911952665
Robust_K4,0,stochastic_causal_10min,4,2.3739896773849978,1.783333333333232,4.4774401785988305,3.4998040298215476
Robust_K4,0,stochastic_causal_10min,5,1.156731514193416,2.666666666666515,2.52418543601126,0.7779729313402541
Robust_K4,0,stochastic_causal_10min,6,2.360539310940749,2.3499999999998664,4.830624384143651,0.8364446632430835
Robust_K4,0,stochastic_causal_20min,0,3.944319959734753,3.449999999999804,11.919602656381892,8.237555501774887
Robust_K4,0,stochastic_causal_20min,1,1.6319777952184495,1.8166666666665634,2.8677208717388227,0.6987932394327326
Robust_K4,0,stochastic_causal_20min,2,5.724251785838351,2.683333333333181,15.758841628271991,8.282175224346743
Robust_K4,0,stochastic_causal_20min,3,3.8355961643116188,3.0666666666664923,10.61813025439857,2.6772207164418464
Robust_K4,0,stochastic_causal_20min,4,2.2137061439260832,2.0333333333332178,4.4756654774707805,3.53409312372177
Robust_K4,0,stochastic_causal_20min,5,1.0502494465108612,2.783333333333175,2.525353002542874,0.710254072507056
Robust_K4,0,stochastic_causal_20min,6,2.226035646499713,2.5833333333331865,4.829895822627926,0.7961589476365362
Robust_K4,1,stochastic_raw,0,4.954218306913171,1.899999999999892,11.138211090236947,2.25816707744973
Robust_K4,1,stochastic_raw,1,3.3625916110270397,1.783333333333232,5.614407126544814,0.9488112662447957
Robust_K4,1,stochastic_raw,2,4.281699984707764,1.7666666666665662,8.037341192934853,5.013624092041326
Robust_K4,1,stochastic_raw,3,4.573124590996774,1.299999999999926,8.456544280442891,3.4593595251665765
Robust_K4,1,stochastic_raw,4,2.8021596758558664,1.6833333333332376,4.248260879242556,1.5131662249621847
Robust_K4,1,stochastic_raw,5,4.035109933232447,3.0499999999998266,10.914411937458608,2.5417456366463456
Robust_K4,1,stochastic_raw,6,2.690073288821632,2.4499999999998607,6.940015463869695,1.035678216196326
Robust_K4,1,stochastic_causal_2min,0,4.808506003768798,2.1166666666665463,11.138117684914672,2.2180027887625577
Robust_K4,1,stochastic_causal_2min,1,3.284131140103227,1.8333333333332291,5.614407126545018,0.9759922151006436
Robust_K4,1,stochastic_causal_2min,2,4.248074068597816,1.7666666666665662,8.036967571645178,4.97766304286812
Robust_K4,1,stochastic_causal_2min,3,4.438620926555359,1.366666666666589,8.456824496410523,3.49634803288791
Robust_K4,1,stochastic_causal_2min,4,2.723699204932018,1.7499999999999005,4.248074068597836,1.977484083251671
Robust_K4,1,stochastic_causal_2min,5,3.9342321849017026,3.1833333333331524,10.91459874810397,2.5745309048540244
Robust_K4,1,stochastic_causal_2min,6,2.544360985677031,2.616666666666518,6.9396418425798405,4.071818224986274
Robust_K4,1,stochastic_causal_5min,0,4.70314479995659,2.2999999999998693,11.13836053875325,2.1004241687635896
Robust_K4,1,stochastic_causal_5min,1,3.1653195698468153,1.9666666666665549,5.614070867383912,1.000819349828727
Robust_K4,1,stochastic_causal_5min,2,4.1696135976737425,1.8166666666665634,8.036220329064951,5.011195553655867
Robust_K4,1,stochastic_causal_5min,3,4.147196320266448,1.4666666666665833,8.458188214119442,3.462086960584457
Robust_K4,1,stochastic_causal_5min,4,2.591437268231857,1.7666666666665662,4.247663085178705,1.5989123110435552
Robust_K4,1,stochastic_causal_5min,5,3.7795529707944295,3.2999999999998124,10.915121817910133,6.9747248817214516
Robust_K4,1,stochastic_causal_5min,6,2.4479666928276855,2.683333333333181,6.938558340838503,4.132214106533214
Robust_K4,1,stochastic_causal_10min,0,4.55519076907135,2.4666666666665265,11.13791219320512,2.366143630292813
Robust_K4,1,stochastic_causal_10min,1,2.9097626074087204,2.1166666666665463,5.614089548448415,0.9738625737469992
Robust_K4,1,stochastic_causal_10min,2,4.0664941216022275,1.783333333333232,8.035323637968673,4.77293725695004
Robust_K4,1,stochastic_causal_10min,3,3.9745832842337223,1.5333333333332462,8.459906872053974,3.4295258651510268
Robust_K4,1,stochastic_causal_10min,4,2.483834336678683,1.7666666666665662,4.247027928985508,2.1008725143118547
Robust_K4,1,stochastic_causal_10min,5,3.6786752224636077,3.3499999999998096,10.915420714942218,6.821521471710165
Robust_K4,1,stochastic_causal_10min,6,2.3336385780527964,2.966666666666498,6.937867141451789,1.2107384716794174
Robust_K4,1,stochastic_causal_20min,0,4.461038203962562,2.6999999999998465,11.137192972221648,2.0649955299285487
Robust_K4,1,stochastic_causal_20min,1,2.6609308281927495,2.1833333333332092,5.615770844253931,1.0612525935046964
Robust_K4,1,stochastic_causal_20min,2,3.8815515829956895,1.8833333333332263,8.033007185969955,4.835210585479822
Robust_K4,1,stochastic_causal_20min,3,3.756014829517062,1.6499999999999062,8.4625782642783,3.1193174485015245
Robust_K4,1,stochastic_causal_20min,4,2.4513292844386796,1.7333333333332348,4.244599390599758,2.300470348023059
Robust_K4,1,stochastic_causal_20min,5,3.537446374800493,3.5166666666664668,10.91622400071597,6.762209091904512
Robust_K4,1,stochastic_causal_20min,6,2.3078587090349627,2.783333333333175,6.9371759420650765,1.3592155723707695
Robust_K4,2,stochastic_raw,0,4.797297365065243,1.6333333333332405,8.509411692994039,3.236494425613524
Robust_K4,2,stochastic_raw,1,4.3937863717419985,2.2833333333332035,9.284302248690718,3.594050000252765
Robust_K4,2,stochastic_raw,2,3.5195125528749682,2.499999999999858,9.011745517552493,4.959822626264878
Robust_K4,2,stochastic_raw,3,3.272922501399652,1.899999999999892,6.623184609852935,2.238925581008854
Robust_K4,2,stochastic_raw,4,3.810937159163978,1.716666666666569,7.358284498152452,2.7655447894246645
Robust_K4,2,stochastic_raw,5,4.640376423217314,1.8833333333332263,9.945611932192705,7.068914808959069
Robust_K4,2,stochastic_raw,6,4.81971464247209,3.099999999999824,13.305775004834015,9.811855510331872
Robust_K4,2,stochastic_causal_2min,0,4.741254171548235,1.6833333333332376,8.50922488234919,3.2758180663981724
Robust_K4,2,stochastic_causal_2min,1,4.360160455631558,2.2999999999998693,9.28448905933592,3.557621924466625
Robust_K4,2,stochastic_causal_2min,2,3.485886636764917,2.5166666666665236,9.011745517552876,4.930586760313485
Robust_K4,2,stochastic_causal_2min,3,3.250505223993059,1.9166666666665577,6.622904393885628,2.2113710108631093
Robust_K4,2,stochastic_causal_2min,4,3.6764334947229145,1.7999999999998977,7.358844930088011,2.7961817352142146
Robust_K4,2,stochastic_causal_2min,5,4.595541868403416,1.9666666666665549,9.94533171622567,7.030338410755064
Robust_K4,2,stochastic_causal_2min,6,4.797297365064878,3.083333333333158,13.306055220802111,9.546958015641213
Robust_K4,2,stochastic_causal_5min,0,4.568641135515463,1.783333333333232,8.509038071704131,3.1610229250106188
Robust_K4,2,stochastic_causal_5min,1,4.2323819744127835,2.4166666666665293,9.284900042755043,3.4510277703970753
Robust_K4,2,stochastic_causal_5min,2,3.3760419774711408,2.5666666666665208,9.01174551755286,2.815497955913008
Robust_K4,2,stochastic_causal_5min,3,3.1339353814772037,2.1833333333332092,6.622474729401992,2.184526321168416
Robust_K4,2,stochastic_causal_5min,4,3.559863652207241,1.8666666666665606,7.359592172668242,2.884431083939166
Robust_K4,2,stochastic_causal_5min,5,4.402753282704543,2.149999999999878,9.944565792580933,6.918270704785351
Robust_K4,2,stochastic_causal_5min,6,4.622442601291732,3.199999999999818,13.306709058059809,9.660352077190838
Robust_K4,2,stochastic_causal_10min,0,4.409478465926805,1.9333333333332234,8.508982028510616,2.9789012271444815
Robust_K4,2,stochastic_causal_10min,1,3.9387156403830885,2.6333333333331836,9.285142896593612,3.3530082249356465
Robust_K4,2,stochastic_causal_10min,2,3.2011872136976307,2.6499999999998494,9.011745517552855,3.0033173784533616
Robust_K4,2,stochastic_causal_10min,3,3.0420245441090628,2.383333333333198,6.621783530015274,2.158802495344066
Robust_K4,2,stochastic_causal_10min,4,3.3513829723236084,2.016666666666552,7.359218551378127,2.8540183109238813
Robust_K4,2,stochastic_causal_10min,5,4.183063964117537,2.4499999999998607,9.943986679581252,7.091911199365873
Robust_K4,2,stochastic_causal_10min,6,4.48345548136931,3.2499999999998153,13.308409034929825,9.844360562572033
Robust_K4,2,stochastic_causal_20min,0,4.316446764688362,1.899999999999892,8.508244126462635,3.0518040813779788
Robust_K4,2,stochastic_causal_20min,1,3.6663457198898413,2.7166666666665122,9.285628604270771,2.9929774092494186
Robust_K4,2,stochastic_causal_20min,2,3.133935381477113,2.6999999999998465,9.012436716939574,3.2086316179033174
Robust_K4,2,stochastic_causal_20min,3,2.813368314559284,2.6333333333331836,6.621148373822078,2.1092976744039627
Robust_K4,2,stochastic_causal_20min,4,3.0812547795710996,2.149999999999878,7.357705385153158,2.647340353765029
Robust_K4,2,stochastic_causal_20min,5,4.023901294528969,2.8833333333331694,9.943192734339759,7.087222252174898
Robust_K4,2,stochastic_causal_20min,6,4.351193544668922,3.266666666666481,13.31151009163778,9.622233365066911
Robust_K4,3,stochastic_raw,0,3.6988507721297434,3.1333333333331552,10.339408771972977,6.8486650584367945
Robust_K4,3,stochastic_raw,1,3.183253391772264,2.549999999999855,7.113188931837575,2.707446678811937
Robust_K4,3,stochastic_raw,2,5.537067519491192,2.433333333333195,11.816707353084173,7.241714655636869
Robust_K4,3,stochastic_raw,3,2.645238734007938,1.5333333333332462,3.8964964346001034,1.9708523053519411
Robust_K4,3,stochastic_raw,4,5.492232964677498,2.7499999999998437,15.463251144597939,10.448506188686283
Robust_K4,3,stochastic_raw,5,4.0126926558256,2.4166666666665293,8.344831514698775,3.147572558566385
Robust_K4,3,stochastic_raw,6,4.550707313589927,1.8666666666665606,8.436181920131668,2.4573072250805486
Robust_K4,3,stochastic_causal_2min,0,3.6764334947229145,3.099999999999824,10.339221961328056,6.878928382936101
Robust_K4,3,stochastic_causal_2min,1,3.071167004738072,2.599999999999852,7.113375742482809,2.6816668097941423
Robust_K4,3,stochastic_causal_2min,2,5.503441603380907,2.4499999999998607,11.816520542439463,7.28720304770841
Robust_K4,3,stochastic_causal_2min,3,2.645238734007762,1.549999999999912,3.896870055890436,1.9488086492352539
Robust_K4,3,stochastic_causal_2min,4,5.312894745422909,2.8166666666665066,15.463344549920933,10.492780311565117
Robust_K4,3,stochastic_causal_2min,5,4.001484017122493,2.483333333333192,8.344457893409105,3.1805446374191884
Robust_K4,3,stochastic_causal_2min,6,4.517081397479615,1.8833333333332263,8.436088514809438,2.4944825434470506
Robust_K4,3,stochastic_causal_5min,0,3.618148573465078,3.1666666666664867,10.33858680513486,6.786942821310012
Robust_K4,3,stochastic_causal_5min,1,2.94114679577815,2.733333333333178,7.1136372773858945,2.288542488336044
Robust_K4,3,stochastic_causal_5min,2,5.303927834460046,2.549999999999855,11.816259007536384,7.241266310088816
Robust_K4,3,stochastic_causal_5min,3,2.5914372682313114,1.5666666666665776,3.8979535576317756,1.0564515599267683
Robust_K4,3,stochastic_causal_5min,4,5.182874536462987,2.849999999999838,15.463101696082369,10.621007138332285
Robust_K4,3,stochastic_causal_5min,5,3.7481687824249095,2.666666666666515,8.343673288699863,3.2734829333350746
Robust_K4,3,stochastic_causal_5min,6,4.290666895670438,2.249999999999872,8.435957747357891,2.384712608411529
Robust_K4,3,stochastic_causal_10min,0,3.5015787309494497,3.266666666666481,10.337746157232097,6.93157162271318
Robust_K4,3,stochastic_causal_10min,1,2.8447525029288045,2.8333333333331723,7.114160347192069,2.8712048902690226
Robust_K4,3,stochastic_causal_10min,2,5.196324902907145,2.549999999999855,11.81582934305276,7.457686442387422
Robust_K4,3,stochastic_causal_10min,3,2.4883177921598874,1.5833333333332433,3.8988315676635468,0.9932348376394365
Robust_K4,3,stochastic_causal_10min,4,5.068546421688097,2.8833333333331694,15.463045652888855,10.408678159160456
Robust_K4,3,stochastic_causal_10min,5,3.6584996727975523,2.683333333333181,8.343056813571176,3.362834464865867
Robust_K4,3,stochastic_causal_10min,6,4.2480740685973615,2.3333333333332007,8.435528082874265,2.2090358777998342
Robust_K4,3,stochastic_causal_20min,0,3.434326898728932,3.333333333333144,10.33668133655527,6.644658493502279
Robust_K4,3,stochastic_causal_20min,1,2.814489178429585,2.8166666666665066,7.114010898676017,2.589690588700272
Robust_K4,3,stochastic_causal_20min,2,4.994569406245501,2.5666666666665208,11.815754618794733,7.706378113619634
Robust_K4,3,stochastic_causal_20min,3,2.4277911431614485,1.5666666666665776,3.8987568434055233,2.224018091533302
Robust_K4,3,stochastic_causal_20min,4,4.996811133986102,2.9833333333331638,15.463699490146555,9.994864558762288
Robust_K4,3,stochastic_causal_20min,5,3.4522607206543854,2.733333333333178,8.34124475031411,3.5316365637394163
Robust_K4,3,stochastic_causal_20min,6,4.086669671268146,2.5833333333331865,8.4359577473579,2.0710388542962064
Robust_K4,4,stochastic_raw,0,3.5195125528749682,1.9333333333332234,6.498395098954811,2.1623332165354343
Robust_K4,4,stochastic_raw,1,3.9902753784187546,1.9166666666665577,8.816528393467838,1.2731145460638562
Robust_K4,4,stochastic_raw,2,3.183253391772264,1.3166666666665918,4.814670755055546,2.2678812309926872
Robust_K4,4,stochastic_raw,3,2.510735069566856,2.483333333333192,6.386869143855735,4.3986434485134875
Robust_K4,4,stochastic_raw,4,4.774880087658397,1.716666666666569,8.535938804592112,2.2041788010282253
Robust_K4,4,stochastic_raw,5,4.23686542989407,2.5333333333331893,8.957570430485926,4.815417997635804
Robust_K4,4,stochastic_raw,6,3.0487497273311828,2.2999999999998693,6.533515500225526,3.3861297523042286
Robust_K4,4,stochastic_causal_2min,0,3.5083039141713925,1.899999999999892,6.498395098955088,2.133097350584127
Robust_K4,4,stochastic_causal_2min,1,3.788519881757111,2.2166666666665407,8.81634158282318,1.241356736404401
Robust_K4,4,stochastic_causal_2min,2,3.149627475661873,1.2833333333332604,4.814857565700772,2.241634335362239
Robust_K4,4,stochastic_causal_2min,3,2.4210659599393693,2.549999999999855,6.3868691438561225,4.418725592857288
Robust_K4,4,stochastic_causal_2min,4,4.617959145810346,1.7999999999998977,8.53603220991497,2.165695808146652
Robust_K4,4,stochastic_causal_2min,5,4.11357040415669,2.5333333333331893,8.957477025163623,4.781044838945398
Robust_K4,4,stochastic_causal_2min,6,2.9366633402969455,2.433333333333195,6.533515500225806,3.4106019468067936
Robust_K4,4,stochastic_causal_5min,0,3.313273600731918,2.1166666666665463,6.498245650439042,2.1056175046962378
Robust_K4,4,stochastic_causal_5min,1,3.640565850872008,2.549999999999855,8.815669064500973,1.3326697797082927
Robust_K4,4,stochastic_causal_5min,2,2.9187295183714013,1.4666666666665833,4.815455359764961,2.315891566772421
Robust_K4,4,stochastic_causal_5min,3,2.389681771569667,2.599999999999852,6.386420798307993,3.9471968436688085
Robust_K4,4,stochastic_causal_5min,4,4.537256947145761,1.7999999999998977,8.536424512269608,2.052152298080989
Robust_K4,4,stochastic_causal_5min,5,4.035109933232524,2.5666666666665208,8.95697263642197,4.7473068364481055
Robust_K4,4,stochastic_causal_5min,6,2.8469942306695883,2.483333333333192,6.533851759386918,3.481365819154405
Robust_K4,4,stochastic_causal_10min,0,3.1316936537365563,2.199999999999875,6.497591813181341,2.1330973505841353
Robust_K4,4,stochastic_causal_10min,1,3.5127873696530516,2.849999999999838,8.815370167468885,1.4195927728533482
Robust_K4,4,stochastic_causal_10min,2,2.7595668487828333,1.5333333333332462,4.816314688732226,2.427753781032586
Robust_K4,4,stochastic_causal_10min,3,2.3291551225712284,2.6999999999998465,6.385673555727768,4.003688382734059
Robust_K4,4,stochastic_causal_10min,4,4.373610822075807,1.8499999999998948,8.537302522301387,1.9449043067536829
Robust_K4,4,stochastic_causal_10min,5,3.87146380816248,2.5666666666665208,8.956468247680304,4.521153869542046
Robust_K4,4,stochastic_causal_10min,6,2.7999179481152168,2.549999999999855,6.534430872386602,3.3175889266328964
Robust_K4,4,stochastic_causal_20min,0,3.110397240200018,2.149999999999878,6.49651765197226,1.7771203258956425
Robust_K4,4,stochastic_causal_20min,1,3.096946873755951,3.566666666666464,8.81577181035576,1.4704893330990985
Robust_K4,4,stochastic_causal_20min,2,2.7360287075056022,1.549999999999912,4.8162493050064565,2.6084183558672627
Robust_K4,4,stochastic_causal_20min,3,2.285441431627851,2.733333333333178,6.384646097179947,4.189910574259164
Robust_K4,4,stochastic_causal_20min,4,4.287304304059399,1.899999999999892,8.539021180235915,2.0169104698909366
Robust_K4,4,stochastic_causal_20min,5,3.7952450649792353,2.5666666666665208,8.955963858938649,5.151714520867628
Robust_K4,4,stochastic_causal_20min,6,2.6463595978782903,2.7166666666665122,6.5351500933700715,3.3617883252533667
Robust_K4,5,stochastic_raw,0,3.855771713977672,1.8333333333332291,8.311579219878615,2.681479999149005
Robust_K4,5,stochastic_raw,1,2.3762314051257745,1.0166666666666089,2.9822451376908683,1.1005015100311346
Robust_K4,5,stochastic_raw,2,4.730045532844702,2.8166666666665066,11.366493698496697,6.384253794824941
Robust_K4,5,stochastic_raw,3,6.994190550936242,1.9833333333332206,15.218155578283119,6.8170940594221765
Robust_K4,5,stochastic_raw,4,3.586764385095509,2.8166666666665066,9.853701094824634,3.2981419384823614
Robust_K4,5,stochastic_raw,5,2.959080617703795,2.666666666666515,6.883225027772349,4.083307079657171
Robust_K4,5,stochastic_raw,6,4.931801029506325,1.899999999999892,11.697148540247689,5.000734157532356
Robust_K4,5,stochastic_causal_2min,0,3.833354436570744,1.8833333333332263,8.311672625201329,2.713424619453818
Robust_K4,5,stochastic_causal_2min,1,2.3201882116088655,1.0499999999999403,2.982151732368469,1.119649601149545
Robust_K4,5,stochastic_causal_2min,2,4.606750507106881,2.8333333333331723,11.36630688785199,6.345490585975756
Robust_K4,5,stochastic_causal_2min,3,6.960564634825914,1.9833333333332206,15.218342388928633,6.875005359390053
Robust_K4,5,stochastic_causal_2min,4,3.541929830281788,2.849999999999838,9.853514284179795,3.3274712097563777
Robust_K4,5,stochastic_causal_2min,5,2.8469942306696794,2.916666666666501,6.88331843309528,4.107032031579603
Robust_K4,5,stochastic_causal_2min,6,4.875757835989134,1.8833333333332263,11.697055134925428,5.0412720675099285
Robust_K4,5,stochastic_causal_5min,0,3.6046982070210105,2.0333333333332178,8.312064927555948,2.622597283827082
Robust_K4,5,stochastic_causal_5min,1,2.246211196166132,1.183333333333266,2.981834154271874,1.1001652508700797
Robust_K4,5,stochastic_causal_5min,2,4.438620926555632,2.849999999999838,11.366194801464943,6.308408672931925
Robust_K4,5,stochastic_causal_5min,3,6.725183222054147,2.016666666666552,15.218716010218747,6.929927689036832
Robust_K4,5,stochastic_causal_5min,4,3.47467799806127,3.033333333333161,9.853327473534737,3.297992489966387
Robust_K4,5,stochastic_causal_5min,5,2.6900732888214405,3.1333333333331552,6.883822821836941,4.083979597979576
Robust_K4,5,stochastic_causal_5min,6,4.658310245142639,2.1833333333332092,11.696999091731902,5.001518762241795
Robust_K4,5,stochastic_causal_10min,0,3.4522607206544307,2.1666666666665435,8.313596774845418,2.6524869870362187
Robust_K4,5,stochastic_causal_10min,1,2.127399625909766,1.299999999999926,2.9819275595944013,1.01006647675907
Robust_K4,5,stochastic_causal_10min,2,4.189789147339662,3.0499999999998266,11.366306887851977,6.4164225879039165
Robust_K4,5,stochastic_causal_10min,3,6.507735631207652,2.0333333333332178,15.218473156380158,6.873249339326529
Robust_K4,5,stochastic_causal_10min,4,3.2482634962521844,3.316666666666478,9.85340219779275,3.2143386831097964
Robust_K4,5,stochastic_causal_10min,5,2.5847120850093233,3.4166666666664725,6.884215124191554,4.149344642685001
Robust_K4,5,stochastic_causal_10min,6,4.472246842665845,2.5166666666665236,11.696550746183759,4.888629089433836
Robust_K4,5,stochastic_causal_20min,0,3.1944620304756883,2.733333333333178,8.315847843118359,2.7577921476548655
Robust_K4,5,stochastic_causal_20min,1,1.9357319040812626,1.5166666666665805,2.98017153953086,1.2034902186511425
Robust_K4,5,stochastic_causal_20min,2,3.96337464553053,3.083333333333158,11.36760522183513,6.084207877266682
Robust_K4,5,stochastic_causal_20min,3,6.366506783544537,2.066666666666549,15.216558347268316,7.400821282032152
Robust_K4,5,stochastic_causal_20min,4,3.139539700828891,3.6666666666664582,9.852888468518843,7.942824347068169
Robust_K4,5,stochastic_causal_20min,5,2.5510861688991553,3.4166666666664725,6.88642883033549,3.8965618183260684
Robust_K4,5,stochastic_causal_20min,6,4.320930220169657,2.5666666666665208,11.693767267572403,4.668809003395159
Robust_K4,6,stochastic_raw,0,3.3850088884338865,1.5666666666665776,6.374726451927042,1.394541465350936
Robust_K4,6,stochastic_raw,1,3.564347107688662,1.5333333333332462,7.302614925925446,3.3741738710205804
Robust_K4,6,stochastic_raw,2,2.824576953262713,2.7499999999998437,6.7412489375289955,2.2492001664869834
Robust_K4,6,stochastic_raw,3,4.505872758776233,1.3166666666665918,7.863420482386745,4.394533614322207
Robust_K4,6,stochastic_raw,4,4.102361765452989,2.899999999999835,10.936642404220386,2.1825087662016336
Robust_K4,6,stochastic_raw,5,1.950303134395683,2.666666666666515,4.664288185784608,3.35549280651486
Robust_K4,6,stochastic_raw,6,4.259282707300917,2.799999999999841,11.03565204610065,4.837835275042652
Robust_K4,6,stochastic_causal_2min,0,3.2056706691789714,1.7666666666665662,6.3747264519271685,1.4212553875941984
Robust_K4,6,stochastic_causal_2min,1,3.541929830281788,1.5166666666665805,7.302521520603104,3.403596547617154
Robust_K4,6,stochastic_causal_2min,2,2.790951037152354,2.799999999999841,6.741342342851649,2.272458091796656
Robust_K4,6,stochastic_causal_2min,3,4.34895181692832,1.4333333333332519,7.863327077064413,4.358198943858711
Robust_K4,6,stochastic_causal_2min,4,4.068735849342829,2.916666666666501,10.936455593575532,2.148322418156293
Robust_K4,6,stochastic_causal_2min,5,1.9054685795817932,2.733333333333178,4.664661807074943,3.4607606050046194
Robust_K4,6,stochastic_causal_2min,6,4.16961359767356,2.8166666666665066,11.035652046100854,4.535388840695338
Robust_K4,6,stochastic_causal_5min,0,3.16980302532811,1.7333333333332348,6.375025348959259,1.3946161896090694
Robust_K4,6,stochastic_causal_5min,1,3.42087653228491,1.6166666666665748,7.302166580377492,3.431562101182195
Robust_K4,6,stochastic_causal_5min,2,2.645238734007853,2.8666666666665037,6.741286299658128,2.3382714820502564
Robust_K4,6,stochastic_causal_5min,3,4.241348885375373,1.5666666666665776,7.863420482386934,4.253790474336333
Robust_K4,6,stochastic_causal_5min,4,3.981308467456256,2.9333333333331666,10.936007248027398,1.786806457841881
Robust_K4,6,stochastic_causal_5min,5,1.8382167473613662,2.8166666666665066,4.665446411784195,3.4756867755446863
Robust_K4,6,stochastic_causal_5min,6,4.0575272106392735,2.8833333333331694,11.035652046100838,4.703779956149757
Robust_K4,6,stochastic_causal_10min,0,2.9254547015935257,2.199999999999875,6.375959402184548,1.467304211600772
Robust_K4,6,stochastic_causal_10min,1,3.322240511694781,1.6999999999999034,7.301998450796944,3.5688118821056216
Robust_K4,6,stochastic_causal_10min,2,2.6183380011196733,2.8833333333331694,6.7399412630137165,2.4435019184108917
Robust_K4,6,stochastic_causal_10min,3,4.07097757708334,1.783333333333232,7.864840243289362,4.086352093171706
Robust_K4,6,stochastic_causal_10min,4,3.970099828752791,3.033333333333161,10.93509187586662,1.8839293122070528
Robust_K4,6,stochastic_causal_10min,5,1.802349103510369,2.8166666666665066,4.666174973299921,3.430030253892756
Robust_K4,6,stochastic_causal_10min,6,3.970099828752609,2.8833333333331694,11.035820175681387,4.603556045076658
Robust_K4,6,stochastic_causal_20min,0,2.632909231434155,2.9333333333331666,6.376361045071415,1.6343783120075317
Robust_K4,6,stochastic_causal_20min,1,3.233692265937725,1.899999999999892,7.303222060522072,3.514973054200145
Robust_K4,6,stochastic_causal_20min,2,2.5533278966398485,2.9499999999998323,6.738764355949858,2.312762488467692
Robust_K4,6,stochastic_causal_20min,3,3.955528598438127,1.9333333333332234,7.8656995722566245,3.887454799379431
Robust_K4,6,stochastic_causal_20min,4,3.947682551345815,3.033333333333161,10.933298493674064,2.0788008365983206
Robust_K4,6,stochastic_causal_20min,5,1.733976407419459,3.033333333333161,4.668127144540772,3.2841685022322
Robust_K4,6,stochastic_causal_20min,6,3.6898838611669817,2.9833333333331638,11.036100391648983,4.9706856652750355
Robust_K4,7,stochastic_raw,0,3.250505223992805,2.666666666666515,7.3954598165188035,6.210519894921889
Robust_K4,7,stochastic_raw,1,4.416203649148845,2.3333333333332007,9.436552924412203,5.410596712787542
Robust_K4,7,stochastic_raw,2,3.9902753784187546,2.066666666666549,8.523235680728261,3.63458791023009
Robust_K4,7,stochastic_raw,3,4.730045532844702,2.2333333333332064,10.499505494786888,3.733784362755387
Robust_K4,7,stochastic_raw,4,3.0711670047380295,0.9833333333332774,3.3011309088032657,0.8047802589058239
Robust_K4,7,stochastic_raw,5,3.900606268791366,1.7999999999998977,7.4795246067944845,3.8901448726681513
Robust_K4,7,stochastic_raw,6,2.914246062890101,3.2499999999998153,8.61159711584024,1.6794276990629622
Robust_K4,7,stochastic_causal_2min,0,3.1720447530688034,2.733333333333178,7.395459816518995,6.236953601197552
Robust_K4,7,stochastic_causal_2min,1,4.281699984707757,2.483333333333192,9.4365529244124,5.374915879581713
Robust_K4,7,stochastic_causal_2min,2,3.889397630087842,2.0999999999998806,8.523329086050996,3.666999557147589
Robust_K4,7,stochastic_causal_2min,3,4.6740023393276715,2.2333333333332064,10.499505494787238,3.694834343261141
Robust_K4,7,stochastic_causal_2min,4,3.0711670047376174,0.9999999999999432,3.30103750348104,0.7790937952106785
Robust_K4,7,stochastic_causal_2min,5,3.7548939656467155,1.8833333333332263,7.479524606794774,4.044263654840403
Robust_K4,7,stochastic_causal_2min,6,2.8582028693731445,3.2833333333331467,8.611970737130903,1.6556093418184101
Robust_K4,7,stochastic_causal_5min,0,3.0083986279987585,2.8833333333331694,7.3954971786480055,6.311397643252787
Robust_K4,7,stochastic_causal_5min,1,4.151679775748017,2.5333333333331893,9.436552924412409,5.271871127768262
Robust_K4,7,stochastic_causal_5min,2,3.6719500392414375,2.249999999999872,8.523385129244502,3.758742264935108
Robust_K4,7,stochastic_causal_5min,3,4.577608046478053,2.2833333333332035,10.499505494787236,3.8091811391005628
Robust_K4,7,stochastic_causal_5min,4,2.9052791519272434,1.0999999999999375,3.300944098158507,0.852379611266555
Robust_K4,7,stochastic_causal_5min,5,3.680916950204119,1.9499999999998892,7.479487244665763,4.012954190728794
Robust_K4,7,stochastic_causal_5min,6,2.797676220374524,3.316666666666478,8.612568531195095,1.7255699283922796
Robust_K4,7,stochastic_causal_10min,0,2.8806201467797563,3.016666666666495,7.39605761058318,6.285729860621937
Robust_K4,7,stochastic_causal_10min,1,4.068735849342692,2.5833333333331865,9.436627648670438,5.37344007548579
Robust_K4,7,stochastic_causal_10min,2,3.503820458690143,2.549999999999855,8.523235680728462,3.6104146127598233
Robust_K4,7,stochastic_causal_10min,3,4.331017995002912,2.433333333333195,10.499393408400188,3.7735189869591794
Robust_K4,7,stochastic_causal_10min,4,2.7618085765234355,1.2166666666665975,3.30068256325543,0.7810366259192385
Robust_K4,7,stochastic_causal_10min,5,3.5329629193191066,2.016666666666552,7.478571872504977,4.157003879132287
Robust_K4,7,stochastic_causal_10min,6,2.7819841261897635,3.3666666666664753,8.613072919936752,1.7945777806763548
Robust_K4,7,stochastic_causal_20min,0,2.671018603025755,3.083333333333158,7.396692766776377,6.239979933647477
Robust_K4,7,stochastic_causal_20min,1,4.005967472603561,2.599999999999852,9.43680511878324,5.5064585952986755
Robust_K4,7,stochastic_causal_20min,2,3.3054275536395834,3.083333333333158,8.522749973051315,3.4431910638370207
Robust_K4,7,stochastic_causal_20min,3,4.143833728655727,2.483333333333192,10.498188479739571,3.3628064432689535
Robust_K4,7,stochastic_causal_20min,4,2.5376358024549974,1.299999999999926,3.3014111247711586,0.9904700400927006
Robust_K4,7,stochastic_causal_20min,5,3.4007009826187184,2.0999999999998806,7.476759809247918,3.871034143678967
Robust_K4,7,stochastic_causal_20min,6,2.686710697210674,3.499999999999801,8.615034431709855,1.568985245705428
Robust_K4,8,stochastic_raw,0,4.281699984707764,2.266666666666538,9.411146676684451,4.16606419541744
Robust_K4,8,stochastic_raw,1,3.967858101011907,2.3999999999998636,9.57572685497973,4.300941481148642
Robust_K4,8,stochastic_raw,2,4.7076282554378555,2.966666666666498,10.81540229557837,5.863052095115792
Robust_K4,8,stochastic_raw,3,3.833354436570825,3.733333333333121,11.713214255722587,5.513902999504116
Robust_K4,8,stochastic_raw,4,4.797297365065243,1.366666666666589,8.0506047487339,2.462537923142121
Robust_K4,8,stochastic_raw,5,3.0711670047380295,3.2333333333331495,8.388732016287186,6.907136790339651
Robust_K4,8,stochastic_raw,6,3.3177570562133463,2.1666666666665435,7.832783536597364,3.104232488913121
Robust_K4,8,stochastic_causal_2min,0,4.203239513783728,2.2833333333332035,9.411146676684664,4.201091191365715
Robust_K4,8,stochastic_causal_2min,1,3.9230235461982375,2.499999999999858,9.575820260302386,4.333633344033705
Robust_K4,8,stochastic_causal_2min,2,4.707628255438067,2.9833333333331638,10.815308890256112,5.823728454331464
Robust_K4,8,stochastic_causal_2min,3,3.788519881757111,3.799999999999784,11.713214255722935,5.5451937825512845
Robust_K4,8,stochastic_causal_2min,4,4.763671448954938,1.2833333333332604,8.050698154056747,2.502141779894362
Robust_K4,8,stochastic_causal_2min,5,3.0151238112207466,3.2833333333331467,8.388171584352289,6.881450326644424
Robust_K4,8,stochastic_causal_2min,6,3.216879307882664,2.199999999999875,7.832690131275005,3.997280777608344
Robust_K4,8,stochastic_causal_5min,0,4.120295587378405,2.383333333333198,9.411296125200714,4.098214569132809
Robust_K4,8,stochastic_causal_5min,1,3.7526522379062044,2.7166666666665122,9.575726854979845,5.146969530483117
Robust_K4,8,stochastic_causal_5min,2,4.617959145810346,2.9999999999998295,10.8149539500305,5.784853159095031
Robust_K4,8,stochastic_causal_5min,3,3.7257515050179792,3.849999999999781,11.712616461658742,5.512819497762901
Robust_K4,8,stochastic_causal_5min,4,4.626926056773118,1.4166666666665861,8.051127818540378,2.539914892324901
Robust_K4,8,stochastic_causal_5min,5,2.896312240964471,3.383333333333141,8.386826547707873,6.952457052830598
Robust_K4,8,stochastic_causal_5min,6,3.1832533917722685,2.199999999999875,7.832970347242598,3.916298362976118
Robust_K4,8,stochastic_causal_10min,0,3.9902753784187097,2.4666666666665265,9.411893919264898,4.133222884016478
Robust_K4,8,stochastic_causal_10min,1,3.6674665837601426,2.799999999999841,9.574960931335113,5.054759796082971
Robust_K4,8,stochastic_causal_10min,2,4.373610822075716,3.1666666666664867,10.81472977725642,5.674653559575887
Robust_K4,8,stochastic_causal_10min,3,3.618148573465078,3.849999999999781,11.712429651013686,5.4812111366192555
Robust_K4,8,stochastic_causal_10min,4,4.411720193667406,1.6999999999999034,8.052005828572156,2.5744001374024412
Robust_K4,8,stochastic_causal_10min,5,2.721457477191143,3.5833333333331296,8.384678225289704,7.017261665600877
Robust_K4,8,stochastic_causal_10min,6,3.140660564699283,2.083333333333215,7.8349505400802135,3.9941049966423883
Robust_K4,8,stochastic_causal_20min,0,3.8501673946259416,2.483333333333192,9.41203402724869,4.262486509863716
Robust_K4,8,stochastic_causal_20min,1,3.640565850871917,2.8833333333331694,9.574082921303344,4.7528084099449766
Robust_K4,8,stochastic_causal_20min,2,4.036230797102735,3.1833333333331524,10.814720436724167,5.945743827150433
Robust_K4,8,stochastic_causal_20min,3,3.530721191578459,3.8333333333331154,11.712784591239295,5.361820453363261
Robust_K4,8,stochastic_causal_20min,4,4.0160552474366344,2.0499999999998835,8.050081678928063,2.703803871233467
Robust_K4,8,stochastic_causal_20min,5,2.5992833153239645,3.683333333333124,8.384528776773658,1.2677717616153517
Robust_K4,8,stochastic_causal_20min,6,3.003915172517554,2.0999999999998806,7.83692139238557,4.094076713344678
Robust_K4,9,stochastic_raw,0,3.833354436570825,3.099999999999824,10.118598589515528,1.675691486161797
Robust_K4,9,stochastic_raw,1,3.1608361143654173,1.666666666666572,6.207344113955909,4.093208043845185
Robust_K4,9,stochastic_raw,2,4.281699984707764,2.666666666666515,10.785325781724186,2.8596973545334707
Robust_K4,9,stochastic_raw,3,2.26414501809154,3.6499999999997925,6.847357383921414,1.317201858297328
Robust_K4,9,stochastic_raw,4,3.833354436570825,2.549999999999855,9.546958015640929,5.891260502519352
Robust_K4,9,stochastic_raw,5,3.0263324499243356,2.666666666666515,7.048739259292896,3.398459254878005
Robust_K4,9,stochastic_raw,6,4.169613597673529,2.133333333333212,7.8522118436833015,2.4829002834533638
Robust_K4,9,stochastic_causal_2min,0,3.822145797867506,3.1166666666664895,10.11841177887069,1.6436534605345903
Robust_K4,9,stochastic_causal_2min,1,3.10479292084824,1.7333333333332348,6.20706389798854,4.118707696895574
Robust_K4,9,stochastic_causal_2min,2,4.16961359767356,2.799999999999841,10.785419187046932,2.8942573238691685
Robust_K4,9,stochastic_causal_2min,3,2.1744759084640464,3.7666666666664526,6.847450789244281,1.3353224908680492
Robust_K4,9,stochastic_causal_2min,4,3.788519881757111,2.5666666666665208,9.546864610318671,5.922738096211631
Robust_K4,9,stochastic_causal_2min,5,2.9590806177038758,2.733333333333178,7.048645853970697,3.4228380440579502
Robust_K4,9,stochastic_causal_2min,6,4.16961359767356,2.149999999999878,7.852305249006102,2.4479666928278503
Robust_K4,9,stochastic_causal_5min,0,3.7526522379062954,3.1333333333331552,10.118224968225636,1.6122132289714957
Robust_K4,9,stochastic_causal_5min,1,2.945630251259627,1.9499999999998892,6.205999077311717,4.190872649081114
Robust_K4,9,stochastic_causal_5min,2,4.021659566788367,2.783333333333175,10.786259834949684,2.860855580532909
Robust_K4,9,stochastic_causal_5min,3,2.0444556995043968,3.983333333333107,6.847843091598898,1.6082902054253974
Robust_K4,9,stochastic_causal_5min,4,3.680916950204119,2.783333333333175,9.54621077306097,5.829762438166744
Robust_K4,9,stochastic_causal_5min,5,2.873894963557723,2.8166666666665066,7.048216189487068,3.3982350821039007
Robust_K4,9,stochastic_causal_5min,6,4.008209200344209,2.1833333333332092,7.8523612921996335,2.4126594809120783
Robust_K4,9,stochastic_causal_10min,0,3.593489568317591,3.199999999999818,10.118654632709267,1.7018449764698758
Robust_K4,9,stochastic_causal_10min,1,2.8963122409646074,2.1666666666665435,6.20484085131237,4.068268822730186
Robust_K4,9,stochastic_causal_10min,2,3.875947263643866,2.8666666666665037,10.786932353271876,2.8267999999390088
Robust_K4,9,stochastic_causal_10min,3,1.963753500839721,4.233333333333093,6.848534290985599,1.4639042578608101
Robust_K4,9,stochastic_causal_10min,4,3.566588835429229,2.899999999999835,9.543651467223684,5.798677146829253
Robust_K4,9,stochastic_causal_10min,5,2.7640503042644013,2.8666666666665037,7.048870026744776,4.256144288463964
Robust_K4,9,stochastic_causal_10min,6,3.8131788869046432,2.2333333333332064,7.8523612921996335,2.2515352995503233
Robust_K4,9,stochastic_causal_20min,0,3.467952814839259,3.2999999999998124,10.119803518176374,1.9917750975984316
Robust_K4,9,stochastic_causal_20min,1,2.7461164823387434,2.3999999999998636,6.203206258168118,4.113757214801544
Robust_K4,9,stochastic_causal_20min,2,3.6372032592608776,3.1666666666664867,10.786166429627139,3.0057739384359152
Robust_K4,9,stochastic_causal_20min,3,1.907710307322668,4.449999999999747,6.850505143290961,1.5907300047900435
Robust_K4,9,stochastic_causal_20min,4,3.495974411597672,2.7666666666665094,9.538430109694323,5.968488023186103
Robust_K4,9,stochastic_causal_20min,5,2.6878315610810204,2.899999999999835,7.0533254606294005,4.4780659942594925
Robust_K4,9,stochastic_causal_20min,6,3.6360823953904857,2.316666666666535,7.851464601103348,2.3113240465008382
Robust_K4,10,stochastic_raw,0,4.147196320266683,3.099999999999824,10.44308867997964,2.12310298107346
Robust_K4,10,stochastic_raw,1,4.0799444880461415,2.6333333333331836,10.240212319447686,4.148690805427115
Robust_K4,10,stochastic_raw,2,3.586764385095509,2.1833333333332092,6.933477091292701,1.6097473284566814
Robust_K4,10,stochastic_raw,3,3.5195125528749682,1.9833333333332206,7.147188469237964,5.157655099380316
Robust_K4,10,stochastic_raw,4,4.3937863717419985,1.7666666666665662,7.742553995034816,3.5460396644730747
Robust_K4,10,stochastic_raw,5,4.304117262114611,1.666666666666572,7.400316893290288,3.5191389315848776
Robust_K4,10,stochastic_raw,6,2.0623895214299175,1.7333333333332348,2.839148183577158,1.623010884255721
Robust_K4,10,stochastic_causal_2min,0,4.135987681563165,3.083333333333158,10.443088679979773,2.0886364170605085
Robust_K4,10,stochastic_causal_2min,1,3.866980352680912,2.783333333333175,10.240399130093,4.180915641699657
Robust_K4,10,stochastic_causal_2min,2,3.541929830281788,2.199999999999875,6.933383685970498,1.580137841215264
Robust_K4,10,stochastic_causal_2min,3,3.497095275468382,2.016666666666552,7.147375279883583,4.9637456498111865
Robust_K4,10,stochastic_causal_2min,4,4.348951816928093,1.7999999999998977,7.742273779067366,3.5095181833645346
Robust_K4,10,stochastic_causal_2min,5,4.236865429894351,1.6499999999999062,7.400223487968102,6.03650577905146
Robust_K4,10,stochastic_causal_2min,6,2.0511808827268396,1.716666666666569,2.8392415888999594,1.6398238423109452
Robust_K4,10,stochastic_causal_5min,0,4.039593388713729,3.199999999999818,10.443088679979779,2.121944755074188
Robust_K4,10,stochastic_causal_5min,1,3.7705860598314755,2.8833333333331694,10.24051121648003,4.023938656658234
Robust_K4,10,stochastic_causal_5min,2,3.5239960083563346,2.3333333333332007,6.93317819426094,1.4921313463288397
Robust_K4,10,stochastic_causal_5min,3,3.380525432952709,2.0499999999998835,7.14763681478667,5.047175283893676
Robust_K4,10,stochastic_causal_5min,4,4.048560299676501,2.1166666666665463,7.741657303938677,3.5427891592492
Robust_K4,10,stochastic_causal_5min,5,4.111328676415724,1.7333333333332348,7.3997190992264406,3.379852914630487
Robust_K4,10,stochastic_causal_5min,6,2.026521877579216,1.7499999999999005,2.839932788286674,1.6561137305599236
Robust_K4,10,stochastic_causal_10min,0,3.9140566352353745,3.3499999999998096,10.443686474043961,1.9584854406492342
Robust_K4,10,stochastic_causal_10min,1,3.7548939656468066,2.8666666666665037,10.240847475641134,3.9310003607423654
Robust_K4,10,stochastic_causal_10min,2,3.3625916110270735,2.4499999999998607,6.932318865293666,1.4640350253122654
Robust_K4,10,stochastic_causal_10min,3,3.2706807736590235,2.0499999999998835,7.148365376302396,5.127671990848771
Robust_K4,10,stochastic_causal_10min,4,3.985791922937369,2.199999999999875,7.740274905165246,3.6404164023560157
Robust_K4,10,stochastic_causal_10min,5,4.050802027417285,1.783333333333232,7.399158667291275,3.5459275780862045
Robust_K4,10,stochastic_causal_10min,6,1.9547865898771306,1.7666666666665662,2.8410162900280107,1.7039932988880515
Robust_K4,10,stochastic_causal_20min,0,3.7010924998703785,3.3999999999998067,10.444741954188538,2.0794733549204447
Robust_K4,10,stochastic_causal_20min,1,3.647291034093996,2.966666666666498,10.241538675027847,3.8105635378740517
Robust_K4,10,stochastic_causal_20min,2,3.1384188369585444,2.4666666666665265,6.930768336939689,1.3573754875169488
Robust_K4,10,stochastic_causal_20min,3,3.2280879465859926,2.0999999999998806,7.150065353172422,5.340598764084811
Robust_K4,10,stochastic_causal_20min,4,3.5621053799479343,2.8666666666665037,7.737958453166531,3.574079942296214
Robust_K4,10,stochastic_causal_20min,5,3.92862786554997,1.9999999999998863,7.3999059098715065,3.804949877990073
Robust_K4,10,stochastic_causal_20min,6,1.8370958834911562,1.7666666666665662,2.8412498033343345,1.5804554193117968
Robust_K4,11,stochastic_raw,0,2.7573251210421725,1.3999999999999204,4.030252856460963,1.5824729742783368
Robust_K4,11,stochastic_raw,1,3.3177570562133463,2.016666666666552,6.248068834578348,2.5880746766204674
Robust_K4,11,stochastic_raw,2,4.595541868403621,3.149999999999821,12.738431075795708,5.98989652310951
Robust_K4,11,stochastic_raw,3,3.0039151725174893,2.0499999999998835,6.364825487739015,2.3041224961337528
Robust_K4,11,stochastic_raw,4,2.959080617703795,2.5666666666665208,6.211267137502102,1.861568077993594
Robust_K4,11,stochastic_raw,5,2.959080617703795,1.716666666666569,4.51147707812795,1.8998642602302966
Robust_K4,11,stochastic_raw,6,3.272922501399652,2.599999999999852,8.665398581616685,2.728182660413277
Robust_K4,11,stochastic_causal_2min,0,2.6676560114146923,1.5666666666665776,4.030626477751192,1.5602425075166069
Robust_K4,11,stochastic_causal_2min,1,3.2056706691791987,2.133333333333212,6.2480688345785085,2.614788598863754
Robust_K4,11,stochastic_causal_2min,2,4.472246842665754,3.216666666666484,12.738244265150808,6.0269784361533985
Robust_K4,11,stochastic_causal_2min,3,2.8694115080766096,2.066666666666549,6.365012298384539,2.3280342587012477
Robust_K4,11,stochastic_causal_2min,4,2.9366633402969455,2.5833333333331865,6.211080326857589,1.8369090728462538
Robust_K4,11,stochastic_causal_2min,5,2.9478719790004106,1.716666666666569,4.511570483450672,1.9244298600554157
Robust_K4,11,stochastic_causal_2min,6,3.228087946586129,2.616666666666518,8.665398581616909,2.701281927525137
Robust_K4,11,stochastic_causal_5min,0,2.6183380011197186,1.6333333333332405,4.031074823299331,1.6695640970039924
Robust_K4,11,stochastic_causal_5min,1,3.147385747921362,2.199999999999875,6.248068834578515,2.53561824748859
Robust_K4,11,stochastic_causal_5min,2,4.281699984707666,3.2499999999998153,12.737683833215629,6.060212049909046
Robust_K4,11,stochastic_causal_5min,3,2.721457477191143,2.133333333333212,6.365535368190701,0.6795424024596909
Robust_K4,11,stochastic_causal_5min,4,2.739391299116869,2.683333333333181,6.2105198949224185,1.6339206259272137
Robust_K4,11,stochastic_causal_5min,5,2.8559611416323607,1.7999999999998977,4.512074872192324,1.8521528214828047
Robust_K4,11,stochastic_causal_5min,6,3.11600155955166,2.683333333333181,8.6650623224558,2.778322637546661
Robust_K4,11,stochastic_causal_10min,0,2.586953812750153,1.6999999999999034,4.031224271815377,1.6907484241534692
Robust_K4,11,stochastic_causal_10min,1,3.0352993608871204,2.2999999999998693,6.2476204890303775,2.6109029374465913
Robust_K4,11,stochastic_causal_10min,2,4.16961359767347,3.383333333333141,12.736992633828923,6.1612392467559065
Robust_K4,11,stochastic_causal_10min,3,2.6228214566011046,2.2166666666665407,6.365834265222798,1.2501368367219765
Robust_K4,11,stochastic_causal_10min,4,2.714732293969246,2.7499999999998437,6.210220997890331,1.6551796773347145
Robust_K4,11,stochastic_causal_10min,5,2.703523655265781,1.8499999999998948,4.51291552009508,1.9219452784761226
Robust_K4,11,stochastic_causal_10min,6,3.0263324499243027,2.799999999999841,8.664296398811068,2.903765985702472
Robust_K4,11,stochastic_causal_20min,0,2.4703839702345705,1.8833333333332263,4.031766022686044,1.7726462109464718
Robust_K4,11,stochastic_causal_20min,1,2.97813530349963,2.3333333333332007,6.246303473982719,2.1671902933070513
Robust_K4,11,stochastic_causal_20min,2,4.109086948674985,3.3999999999998067,12.737422298312557,6.229042170379316
Robust_K4,11,stochastic_causal_20min,3,2.5802286295280736,2.2333333333332064,6.365946351609832,1.0378452196791201
Robust_K4,11,stochastic_causal_20min,4,2.5992833153239645,2.8166666666665066,6.210351765341868,1.696483510956839
Robust_K4,11,stochastic_causal_20min,5,2.628425775952792,1.8333333333332291,4.514017702900925,2.1393181450645162
Robust_K4,11,stochastic_causal_20min,6,2.9445093873893713,2.849999999999838,8.66220411958642,3.0002817054712003
Robust_K5,-1,deterministic_reference,0,2.7805980971543116,3.4666666666664696,9.195276854449666,3.556602393195468
Robust_K5,-1,deterministic_reference,1,2.780585800091504,3.4666666666664696,9.195276840162347,3.5537615535496134
Robust_K5,-1,deterministic_reference,2,2.780590625874949,3.4666666666664696,9.195276853195875,3.6430671134323407
Robust_K5,-1,deterministic_reference,3,2.780602467176302,3.4666666666664696,9.1952768520528,3.64022626443628
Robust_K5,-1,deterministic_reference,4,2.780613529786398,3.4666666666664696,9.195276851353267,3.637385404827092
Robust_K5,-1,deterministic_reference,5,2.7806238127648686,3.4666666666664696,9.195276850374565,3.6345445333473974
Robust_K5,-1,deterministic_reference,6,2.7806333150877673,3.4666666666664696,9.19527684981816,3.6317036530747755
Robust_K5,0,stochastic_raw,0,3.3401743336201926,2.0499999999998835,7.141957771176373,2.826071438423172
Robust_K5,0,stochastic_raw,1,4.057527210639295,2.616666666666518,10.820819804285,5.8602499354399145
Robust_K5,0,stochastic_raw,2,3.272922501399652,1.9833333333332206,6.712106476900091,0.87576830402751
Robust_K5,0,stochastic_raw,3,2.107224076243612,2.966666666666498,5.727987998739508,4.807011518608228
Robust_K5,0,stochastic_raw,4,6.254420396510294,2.499999999999858,14.857424222677917,6.665590626280917
Robust_K5,0,stochastic_raw,5,3.7436853269434374,1.9833333333332206,7.494469458399047,3.438997164855384
Robust_K5,0,stochastic_raw,6,5.290477468015876,2.616666666666518,12.548257839127633,2.275914088730108
Robust_K5,0,stochastic_causal_2min,0,3.261713862696297,2.149999999999878,7.142051176499148,2.798703678922438
Robust_K5,0,stochastic_causal_2min,1,3.9790667397153356,2.6499999999998494,10.82072639896252,5.893128608969967
Robust_K5,0,stochastic_causal_2min,2,3.1832533917722685,2.016666666666552,6.712199882222768,1.1884893238530805
Robust_K5,0,stochastic_causal_2min,3,2.0960154375402453,2.9333333333331666,5.727987998739736,4.824478313921148
Robust_K5,0,stochastic_causal_2min,4,6.075082177255354,2.7166666666665122,14.85742422267856,6.614964941470802
Robust_K5,0,stochastic_causal_2min,5,3.6988507721298447,2.0499999999998835,7.4944694583994265,3.4698209212900335
Robust_K5,0,stochastic_causal_2min,6,5.234434274498653,2.6333333333331836,12.548071028482958,2.232106992464429
Robust_K5,0,stochastic_causal_5min,0,3.1339353814772037,2.2833333333332035,7.141770960531561,3.348281915615796
Robust_K5,0,stochastic_causal_5min,1,3.8961228133100123,2.6999999999998465,10.820894528543082,5.925334764177816
Robust_K5,0,stochastic_causal_5min,2,3.057716638294005,2.1166666666665463,6.71270427096442,1.2651190504554832
Robust_K5,0,stochastic_causal_5min,3,1.990654233728037,3.4666666666664696,5.727987998739734,4.775029536174519
Robust_K5,0,stochastic_causal_5min,4,5.989896523109564,2.849999999999838,14.85742422267856,6.66555326415225
Robust_K5,0,stochastic_causal_5min,5,3.640565850872008,2.083333333333215,7.494432096270411,3.3780968945670304
Robust_K5,0,stochastic_causal_5min,6,5.079755060391472,2.666666666666515,12.54784685570888,2.1056175046963053
Robust_K5,0,stochastic_causal_10min,0,2.9433885235190247,2.483333333333192,7.140706139854733,2.747723053886357
Robust_K5,0,stochastic_causal_10min,1,3.7548939656468976,2.783333333333175,10.822015392413427,5.893259376421473
Robust_K5,0,stochastic_causal_10min,2,3.0308159054056434,2.199999999999875,6.712125157964742,1.7306698590021554
Robust_K5,0,stochastic_causal_10min,3,1.9458196789142677,3.616666666666461,5.728342938965342,4.856516339548401
Robust_K5,0,stochastic_causal_10min,4,5.698471916820563,3.2499999999998153,14.857592352259115,6.6165528319537135
Robust_K5,0,stochastic_causal_10min,5,3.5217542806156414,2.0999999999998806,7.494263966689855,3.2332065582607443
Robust_K5,0,stochastic_causal_10min,6,4.963185217875889,2.8333333333331723,12.547342466967217,2.313687201160856
Robust_K5,0,stochastic_causal_20min,0,2.9209712461121624,2.5333333333331893,7.14050064814517,2.9851033405603578
Robust_K5,0,stochastic_causal_20min,1,3.584522657354887,2.8333333333331723,10.822071435606938,5.770403355699714
Robust_K5,0,stochastic_causal_20min,2,2.9691683925368806,2.2999999999998693,6.711228466868466,1.5319967379839956
Robust_K5,0,stochastic_causal_20min,3,1.821403789306305,4.0666666666664355,5.729398419109917,4.825795328968776
Robust_K5,0,stochastic_causal_20min,4,5.172786761630005,3.5166666666664668,14.855892375389086,6.359604130210017
Robust_K5,0,stochastic_causal_20min,5,3.4769197258019178,2.1166666666665463,7.495048571399101,3.2906788532125537
Robust_K5,0,stochastic_causal_20min,6,4.777121815399051,3.0499999999998266,12.546800716096552,2.150676232284094
Robust_K5,1,stochastic_raw,0,3.5195125528749682,2.899999999999835,8.807001050569932,2.591624078876568
Robust_K5,1,stochastic_raw,1,1.569209418479285,1.6499999999999062,3.427601715506895,0.9519870472107634
Robust_K5,1,stochastic_raw,2,4.326534539521458,3.7833333333331183,13.228435397780366,8.368182845330919
Robust_K5,1,stochastic_raw,3,4.573124590996774,2.599999999999852,11.884145995949812,3.428162147442099
Robust_K5,1,stochastic_raw,4,3.4298434432475813,3.149999999999821,9.366125311225714,3.7533994804864066
Robust_K5,1,stochastic_raw,5,3.631598939909203,3.016666666666495,9.985402599589843,2.2794634909862164
Robust_K5,1,stochastic_raw,6,3.497095275468121,2.6499999999998494,8.331754769544762,4.641497287087641
Robust_K5,1,stochastic_causal_2min,0,3.340174333620098,2.966666666666498,8.807001050570221,2.6190852437000594
Robust_K5,1,stochastic_causal_2min,1,1.535583502369036,1.6499999999999062,3.4281621474422628,0.9647835763972036
Robust_K5,1,stochastic_causal_2min,2,4.270491346004519,3.849999999999781,13.227874965845498,8.403209841279256
Robust_K5,1,stochastic_causal_2min,3,4.449829565259279,2.6333333333331836,11.8843328065954,4.3444683614471025
Robust_K5,1,stochastic_causal_2min,4,3.4186348045441264,3.1666666666664867,9.366031905903485,3.781701293212519
Robust_K5,1,stochastic_causal_2min,5,3.5979730237986587,3.033333333333161,9.98540259959011,2.24938697713222
Robust_K5,1,stochastic_causal_2min,6,3.4410520819510566,2.616666666666518,8.331754769545205,4.6701727211039845
Robust_K5,1,stochastic_causal_5min,0,3.1742864808094966,3.033333333333161,8.807449396118361,2.644491491427816
Robust_K5,1,stochastic_causal_5min,1,1.3943546547058758,1.783333333333232,3.4291709249255726,0.9300181153520916
Robust_K5,1,stochastic_causal_5min,2,4.035109933232524,4.083333333333101,13.22585741087888,8.503134855320273
Robust_K5,1,stochastic_causal_5min,3,4.35343527240966,2.7499999999998437,11.885976740271898,4.452669087064138
Robust_K5,1,stochastic_causal_5min,4,3.313273600731918,3.2833333333331467,9.36582641419391,3.6976925461303694
Robust_K5,1,stochastic_causal_5min,5,3.5329629193191066,3.1833333333331524,9.985477323848139,2.2786788862771687
Robust_K5,1,stochastic_causal_5min,6,3.3312074226574624,2.7166666666665122,8.33197894231928,4.697951464023976
Robust_K5,1,stochastic_causal_10min,0,3.0958260098855135,3.0666666666664923,8.808383449343648,2.7711864709055076
Robust_K5,1,stochastic_causal_10min,1,1.3405531889294253,1.8833333333332263,3.429395097699643,0.8745540348346467
Robust_K5,1,stochastic_causal_10min,2,3.871463808162434,4.199999999999761,13.22341019142862,10.344004313841534
Robust_K5,1,stochastic_causal_10min,3,4.266007890523087,2.849999999999838,11.8889470295283,4.48919056817273
Robust_K5,1,stochastic_causal_10min,4,3.2527469517335703,3.3499999999998096,9.365340706516758,3.5631141574312726
Robust_K5,1,stochastic_causal_10min,5,3.3603498832863807,3.266666666666481,9.985570729170675,5.599779853037021
Robust_K5,1,stochastic_causal_10min,6,3.1047929208483764,2.899999999999835,8.332539374254461,4.618799793713315
Robust_K5,1,stochastic_causal_20min,0,3.015123811220883,3.083333333333158,8.81056913389082,2.6204489614089645
Robust_K5,1,stochastic_causal_20min,1,1.320377639263279,2.0999999999998806,3.428881368425734,0.7655313423793465
Robust_K5,1,stochastic_causal_20min,2,3.608060798632027,4.28333333333309,13.221299231139467,8.225534236765448
Robust_K5,1,stochastic_causal_20min,3,4.205481241524512,2.799999999999841,11.892515112848908,8.051725612604438
Robust_K5,1,stochastic_causal_20min,4,3.0622000937753002,3.5333333333331325,9.365284663323244,3.6686248097594607
Robust_K5,1,stochastic_causal_20min,5,3.1989454859569832,3.616666666666461,9.984739421800164,5.545800917147753
Robust_K5,1,stochastic_causal_20min,6,2.9344216125563434,2.899999999999835,8.333725621850578,4.473601219842691
Robust_K5,2,stochastic_raw,0,4.617959145810468,3.1166666666664895,13.183787653611741,2.0424007824088073
Robust_K5,2,stochastic_raw,1,3.9902753784187546,3.866666666666447,13.560211103401697,9.350806838331037
Robust_K5,2,stochastic_raw,2,2.7573251210421725,2.266666666666538,5.560418850123327,0.5096194397156601
Robust_K5,2,stochastic_raw,3,2.8918287854832543,2.7499999999998437,7.758619710509719,3.7094989788979933
Robust_K5,2,stochastic_raw,4,2.8021596758558664,2.616666666666518,6.062939485326798,0.6514087193139609
Robust_K5,2,stochastic_raw,5,3.4746779980612743,1.5333333333332462,7.083486039273515,2.1152569339810787
Robust_K5,2,stochastic_raw,6,3.4746779980612743,3.2999999999998124,9.87929415319744,3.7042682808363763
Robust_K5,2,stochastic_causal_2min,0,4.606750507106881,3.1833333333331524,13.183694248289353,2.0039177895271134
Robust_K5,2,stochastic_causal_2min,1,3.92302354619801,3.9333333333331097,13.560304508724599,9.318021570123667
Robust_K5,2,stochastic_causal_2min,2,2.712490566228553,2.3499999999998664,5.560232039478802,2.114976718013674
Robust_K5,2,stochastic_causal_2min,3,2.869411508076155,2.8833333333331694,7.758899926477631,3.6855872163307724
Robust_K5,2,stochastic_causal_2min,4,2.7797423984493435,2.6999999999998465,6.063032890649525,0.6745732393011468
Robust_K5,2,stochastic_causal_2min,5,3.463469359357987,1.5333333333332462,7.08348603927369,2.0863946893198526
Robust_K5,2,stochastic_causal_2min,6,3.4186348045441264,3.3666666666664753,9.879200747875133,3.732663498885121
Robust_K5,2,stochastic_causal_5min,0,4.501389303294855,3.2499999999998153,13.183638205095832,2.040607400216325
Robust_K5,2,stochastic_causal_5min,1,3.78851988175702,4.0666666666664355,13.56047263830515,9.286805511334586
Robust_K5,2,stochastic_causal_5min,2,2.6676560114148744,2.433333333333195,5.559335348382525,0.5977940641827606
Robust_K5,2,stochastic_causal_5min,3,2.7528416655604815,3.2833333333331467,7.759852660767427,3.70946161676907
Robust_K5,2,stochastic_causal_5min,4,2.6990401997843945,2.799999999999841,6.062752674681947,0.7410031046834329
Robust_K5,2,stochastic_causal_5min,5,3.2684390459182397,1.716666666666569,7.0836354877897465,2.1149580369490377
Robust_K5,2,stochastic_causal_5min,6,3.3312074226574624,3.433333333333138,9.87884580764953,3.7594147832572995
Robust_K5,2,stochastic_causal_10min,0,4.4094784659267585,3.316666666666478,13.183619524031325,2.003245271204894
Robust_K5,2,stochastic_causal_10min,1,3.7750695153129525,4.04999999999977,13.560061654886027,9.505560776696397
Robust_K5,2,stochastic_causal_10min,2,2.651963917230023,2.3999999999998636,5.558774916447349,0.7064804974769584
Robust_K5,2,stochastic_causal_10min,3,2.5779869017871535,3.849999999999781,7.76080539505723,3.6880157547165346
Robust_K5,2,stochastic_causal_10min,4,2.6519639172299323,2.783333333333175,6.062117518488753,0.6291408904232786
Robust_K5,2,stochastic_causal_10min,5,3.1182432872923527,1.8833333333332263,7.083598125660725,2.0354514264127612
Robust_K5,2,stochastic_causal_10min,6,3.2572304072148652,3.449999999999804,9.879013937230077,3.623622125365341
Robust_K5,2,stochastic_causal_20min,0,4.129262498341154,3.549999999999798,13.182498660160977,1.7941107540635157
Robust_K5,2,stochastic_causal_20min,1,3.590126976706506,4.133333333333098,13.559164963789755,9.26401461263765
Robust_K5,2,stochastic_causal_20min,2,2.4345163263836183,2.4499999999998607,5.55852272207652,0.744206907246234
Robust_K5,2,stochastic_causal_20min,3,2.415461640587637,4.3666666666664185,7.7616834050889985,3.728385535113332
Robust_K5,2,stochastic_causal_20min,4,2.3986486825325755,2.8333333333331723,6.060912589828131,0.626478838731183
Robust_K5,2,stochastic_causal_20min,5,3.082375643441401,2.083333333333215,7.082542645516149,1.7800532530230266
Robust_K5,2,stochastic_causal_20min,6,3.1955828943460345,3.4833333333331353,9.881152919115989,3.623771573881404
Robust_K5,3,stochastic_raw,0,3.7436853269434374,3.566666666666464,11.801575690834564,7.763663597926279
Robust_K5,3,stochastic_raw,1,3.0711670047380295,1.783333333333232,5.671571183932275,1.2779716228353333
Robust_K5,3,stochastic_raw,2,4.909383752099478,2.7499999999998437,14.011172000569449,6.69099687400861
Robust_K5,3,stochastic_raw,3,4.326534539521458,2.066666666666549,8.544158472974638,1.2411699257591013
Robust_K5,3,stochastic_raw,4,4.0126926558256,2.483333333333192,10.319233222306817,4.05734039999427
Robust_K5,3,stochastic_raw,5,4.147196320266683,3.683333333333124,13.841921556147756,9.104964029435923
Robust_K5,3,stochastic_raw,6,4.685210978031009,2.9999999999998295,12.98838371888207,4.963745649811068
Robust_K5,3,stochastic_causal_2min,0,3.6988507721296173,3.566666666666464,11.801482285512364,7.732746436169486
Robust_K5,3,stochastic_causal_2min,1,3.059958366034607,1.7333333333332348,5.671571183932498,1.252471969785146
Robust_K5,3,stochastic_causal_2min,2,4.875757835989134,2.683333333333181,14.01117200056976,6.650365558708855
Robust_K5,3,stochastic_causal_2min,3,4.203239513783501,2.1833333333332092,8.543971662329874,1.2760101110624396
Robust_K5,3,stochastic_causal_2min,4,3.979066739715563,2.5166666666665236,10.319326627629732,4.024088105174217
Robust_K5,3,stochastic_causal_2min,5,4.14719632026663,3.733333333333121,13.841547934857907,7.541919362243705
Robust_K5,3,stochastic_causal_2min,6,4.52829003618308,3.099999999999824,12.988850745495466,8.49502727332498
Robust_K5,3,stochastic_causal_5min,0,3.555380196725855,3.7666666666664526,11.801127345286751,7.70175455015452
Robust_K5,3,stochastic_causal_5min,1,2.981497895110715,1.7999999999998977,5.672019529480636,1.2777474500613701
Robust_K5,3,stochastic_causal_5min,2,4.869032652767146,2.733333333333178,14.0109851899247,6.690623252718654
Robust_K5,3,stochastic_causal_5min,3,3.855771713977447,2.433333333333195,8.543149695491621,1.3065910136582761
Robust_K5,3,stochastic_causal_5min,4,3.8423213475334705,2.783333333333175,10.319457395081264,3.9914336044182455
Robust_K5,3,stochastic_causal_5min,5,4.070977577083431,3.749999999999787,13.840950140793723,7.641750970962196
Robust_K5,3,stochastic_causal_5min,6,4.425170560111655,3.199999999999818,12.98954194488217,8.456917901733345
Robust_K5,3,stochastic_causal_10min,0,3.3715585219897095,3.9333333333331097,11.800043843545417,7.8412834209476285
Robust_K5,3,stochastic_causal_10min,1,2.768533759745651,1.9166666666665577,5.673308522931534,1.162279790351592
Robust_K5,3,stochastic_causal_10min,2,4.770396632177016,2.8666666666665037,14.010891784602164,6.809416141910434
Robust_K5,3,stochastic_causal_10min,3,3.5979730237988408,2.8333333333331723,8.54255190142745,1.2753936359337577
Robust_K5,3,stochastic_causal_10min,4,3.69660904438897,3.033333333333161,10.319980464887424,3.898626075953916
Robust_K5,3,stochastic_causal_10min,5,3.979066739715472,3.8166666666664497,13.840576519503596,7.673826358718491
Robust_K5,3,stochastic_causal_10min,6,4.308600717595982,3.2333333333331495,12.989205685721064,8.348903986761298
Robust_K5,3,stochastic_causal_20min,0,3.2661973181776602,4.099999999999767,11.797802115804727,2.047005664809614
Robust_K5,3,stochastic_causal_20min,1,2.6295466398231837,2.0999999999998806,5.676120023139651,1.0351551463902624
Robust_K5,3,stochastic_causal_20min,2,4.487938936850742,3.449999999999804,14.011022552053706,6.503681840210096
Robust_K5,3,stochastic_causal_20min,3,3.529600327708022,2.8166666666665066,8.540300833154499,1.7955398554983404
Robust_K5,3,stochastic_causal_20min,4,3.6024564792803178,3.3666666666664753,10.321446928451133,3.6582941810879896
Robust_K5,3,stochastic_causal_20min,5,3.8815515829955984,3.7833333333331183,13.83899796955286,8.876644059047338
Robust_K5,3,stochastic_causal_20min,6,4.2738539376154225,3.2999999999998124,12.990111717349594,8.064129839436353
Robust_K5,4,stochastic_raw,0,5.514650242084345,2.1833333333332092,13.64166054464659,5.219302612249125
Robust_K5,4,stochastic_raw,1,4.81971464247209,2.016666666666552,11.772620040850716,5.308224479296285
Robust_K5,4,stochastic_raw,2,3.586764385095509,2.1166666666665463,6.950103238702784,1.393233790835553
Robust_K5,4,stochastic_raw,3,3.250505223992805,2.083333333333215,5.4883099411313045,3.3532510787742056
Robust_K5,4,stochastic_raw,4,4.685210978031009,1.7333333333332348,8.989328240145614,2.732105683959449
Robust_K5,4,stochastic_raw,5,4.304117262114611,2.966666666666498,12.623916150375738,5.877996946720315
Robust_K5,4,stochastic_raw,6,3.6764334947228967,3.0499999999998266,9.372290062512588,4.450763618484424
Robust_K5,4,stochastic_causal_2min,0,5.4586070485672735,2.199999999999875,13.641847355291816,5.17372081485524
Robust_K5,4,stochastic_causal_2min,1,4.73004553284477,2.133333333333212,11.772806851495938,5.347641525403353
Robust_K5,4,stochastic_causal_2min,2,3.463469359357987,2.199999999999875,6.950103238703011,1.4220960354969814
Robust_K5,4,stochastic_causal_2min,3,3.138418836958863,2.1166666666665463,5.488029725163997,3.3268173724987764
Robust_K5,4,stochastic_causal_2min,4,4.5955418684038705,1.783333333333232,8.989048024178656,2.693435880432839
Robust_K5,4,stochastic_causal_2min,5,4.236865429893896,3.033333333333161,12.624009555698725,5.842502924159614
Robust_K5,4,stochastic_causal_2min,6,3.6764334947229145,3.083333333333158,9.372290062512818,4.419939862050216
Robust_K5,4,stochastic_causal_5min,0,5.389113488606017,2.2333333333332064,13.642631960001054,5.308037668651263
Robust_K5,4,stochastic_causal_5min,1,4.689694433512341,2.133333333333212,11.773031024270017,5.230025543275449
Robust_K5,4,stochastic_causal_5min,2,3.3805254329525267,2.2833333333332035,6.950103238703012,2.1341995333899373
Robust_K5,4,stochastic_causal_5min,3,3.0173655389617124,2.199999999999875,5.487301163648269,3.2515140014762354
Robust_K5,4,stochastic_causal_5min,4,4.438620926555814,1.8333333333332291,8.988991980985142,2.6557001301313203
Robust_K5,4,stochastic_causal_5min,5,4.120295587378314,3.149999999999821,12.62451394444038,5.876838720721103
Robust_K5,4,stochastic_causal_5min,6,3.631598939909054,3.1333333333331552,9.372215338254795,4.389004019228722
Robust_K5,4,stochastic_causal_10min,0,5.288235740275195,2.2833333333332035,13.644444023258108,5.175420791725274
Robust_K5,4,stochastic_causal_10min,1,4.631409512254504,2.133333333333212,11.773105748528032,5.423430604103013
Robust_K5,4,stochastic_causal_10min,2,3.2392965852893667,2.4499999999998607,6.950140600832013,2.2151632669576644
Robust_K5,4,stochastic_causal_10min,3,2.8873453300018808,2.2333333333332064,5.486796774906608,3.2282000329731186
Robust_K5,4,stochastic_causal_10min,4,4.3915446440013515,1.8333333333332291,8.989048024178663,2.400778323886481
Robust_K5,4,stochastic_causal_10min,5,3.9947588339001414,3.316666666666478,12.624962289988522,5.8425029241596205
Robust_K5,4,stochastic_causal_10min,6,3.479161453542474,3.2333333333331495,9.371692268448637,4.475422623632111
Robust_K5,4,stochastic_causal_20min,0,5.172786761629936,2.316666666666535,13.647703869014356,4.664148077800845
Robust_K5,4,stochastic_causal_20min,1,4.549586449719572,2.1833333333332092,11.773143110657049,5.6495648899445925
Robust_K5,4,stochastic_causal_20min,2,3.200066349827375,2.366666666666532,6.9490010558971615,1.897697256747733
Robust_K5,4,stochastic_causal_20min,3,2.713611430098763,2.249999999999872,5.487553358019095,3.185037433432707
Robust_K5,4,stochastic_causal_20min,4,4.094515718360663,1.9333333333332234,8.988076608824361,2.4685532259131358
Robust_K5,4,stochastic_causal_20min,5,3.8837933107362006,3.4166666666664725,12.625429316601164,6.100628532967202
Robust_K5,4,stochastic_causal_20min,6,3.3760419774710497,3.266666666666481,9.371552160464843,4.135642081870125
Robust_K5,5,stochastic_raw,0,3.2056706691791117,3.866666666666447,10.485307885762534,7.002597029963812
Robust_K5,5,stochastic_raw,1,4.864549197285784,4.033333333333104,16.2217023635296,8.805132944119359
Robust_K5,5,stochastic_raw,2,3.586764385095509,2.2833333333332035,7.800652105647549,2.909015364828507
Robust_K5,5,stochastic_raw,3,5.806074848373355,2.2333333333332064,12.866209557014747,5.564155063024498
Robust_K5,5,stochastic_raw,4,3.6988507721297434,1.6166666666665748,7.7412463205194095,3.1576603333994613
Robust_K5,5,stochastic_raw,5,4.438620926555693,2.549999999999855,9.868832757074257,7.7384441608435655
Robust_K5,5,stochastic_raw,6,1.9951376892093773,2.5333333333331893,5.093392237480676,3.849793773335855
Robust_K5,5,stochastic_causal_2min,0,3.1944620304757336,3.916666666666444,10.485307885762742,3.7116473013162685
Robust_K5,5,stochastic_causal_2min,1,4.830923281175501,4.0666666666664355,16.22151555288477,5.488029725163776
Robust_K5,5,stochastic_causal_2min,2,3.575555746392183,2.249999999999872,7.800371889680238,2.8787520403293994
Robust_K5,5,stochastic_causal_2min,3,5.705197100042369,2.2333333333332064,12.866489772982634,5.516611753857567
Robust_K5,5,stochastic_causal_2min,4,3.6876421334263796,1.6166666666665748,7.741246320519882,3.1268365769651894
Robust_K5,5,stochastic_causal_2min,5,4.438620926555814,2.5333333333331893,9.868272325139493,7.700895221187297
Robust_K5,5,stochastic_causal_2min,6,1.9615117730991187,2.5333333333331893,5.094046074738888,3.8333544365710432
Robust_K5,5,stochastic_causal_5min,0,3.1025511931075926,3.9333333333331097,10.485793593439896,3.789566021369568
Robust_K5,5,stochastic_causal_5min,1,4.703144799956499,4.083333333333101,16.2206188617885,5.36957309513311
Robust_K5,5,stochastic_causal_5min,2,3.5150290973936533,2.2999999999998693,7.799605966035507,2.965133282603788
Robust_K5,5,stochastic_causal_5min,3,5.537067519491211,2.2999999999998693,12.867704042175493,5.470824464754092
Robust_K5,5,stochastic_causal_5min,4,3.645049306353394,1.549999999999912,7.741171596261856,3.0358224306933437
Robust_K5,5,stochastic_causal_5min,5,4.348951816928275,2.5833333333331865,9.867188823398147,7.736538692264173
Robust_K5,5,stochastic_causal_5min,6,1.905468579581975,2.616666666666518,5.095559240963858,3.817961239418318
Robust_K5,5,stochastic_causal_10min,0,3.026332449924348,3.9499999999997755,10.486354025375064,3.864066106618325
Robust_K5,5,stochastic_causal_10min,1,4.6000253238850295,4.083333333333101,16.219759532821236,5.560997963123078
Robust_K5,5,stochastic_causal_10min,2,3.355866427804995,2.5666666666665208,7.798746637068257,2.9902219522349585
Robust_K5,5,stochastic_causal_10min,3,5.454123593085842,2.2999999999998693,12.869366656916506,5.42423388987688
Robust_K5,5,stochastic_causal_10min,4,3.4993370032088023,1.6833333333332376,7.741526536487481,3.1233992610961034
Robust_K5,5,stochastic_causal_10min,5,4.165130142192174,2.616666666666518,9.865414122270096,7.562711387038583
Robust_K5,5,stochastic_causal_10min,6,1.8337332918800713,2.6999999999998465,5.097651520188508,3.771650880508683
Robust_K5,5,stochastic_causal_20min,0,2.9153669267604756,3.9999999999997726,10.485868317697912,3.6176348441913078
Robust_K5,5,stochastic_causal_20min,1,4.4307748794633195,4.083333333333101,16.21939525206337,8.984377758051687
Robust_K5,5,stochastic_causal_20min,2,3.100309465366945,2.8833333333331694,7.797056000730489,2.829798310792176
Robust_K5,5,stochastic_causal_20min,3,5.31849906477446,2.383333333333198,12.87223420031814,5.778669726743648
Robust_K5,5,stochastic_causal_20min,4,3.256109543344519,1.9166666666665577,7.738985911714693,3.121549835710046
Robust_K5,5,stochastic_causal_20min,5,4.040714252584166,2.6333333333331836,9.866264110705114,7.361731154553914
Robust_K5,5,stochastic_causal_20min,6,1.776569234492581,2.9499999999998323,5.099127324284461,3.6243973895424464
Robust_K5,6,stochastic_raw,0,3.810937159163978,3.3499999999998096,11.095805073809005,5.900040602837056
Robust_K5,6,stochastic_raw,1,2.667656011414785,2.3999999999998636,6.106279554980039,2.7197761813857015
Robust_K5,6,stochastic_raw,2,5.021470139133712,2.3999999999998636,10.000907883129585,6.004094132133812
Robust_K5,6,stochastic_raw,3,4.483455481369386,3.316666666666478,14.518176091254293,6.3048592706757045
Robust_K5,6,stochastic_raw,4,2.0623895214299175,3.5999999999997954,6.430956456089209,1.3074877047543463
Robust_K5,6,stochastic_raw,5,3.295339778806499,1.8499999999998948,5.776558766454338,1.0859302797166712
Robust_K5,6,stochastic_raw,6,2.9814978951106417,2.1833333333332092,6.603195870831814,1.870534988956312
Robust_K5,6,stochastic_causal_2min,0,3.766102604350408,3.3499999999998096,11.095805073809334,5.931237980561781
Robust_K5,6,stochastic_causal_2min,1,2.600404179194129,2.5666666666665208,6.1061861496577565,2.7411660002448253
Robust_K5,6,stochastic_causal_2min,2,4.98784422302333,2.3999999999998636,10.001188099097437,5.962528763608796
Robust_K5,6,stochastic_causal_2min,3,4.315325900818152,3.5833333333331296,14.517802469964476,6.340446698559129
Robust_K5,6,stochastic_causal_2min,4,2.0175549666164443,3.616666666666461,6.431143266734928,1.29048793605445
Robust_K5,6,stochastic_causal_2min,5,3.2617138626965243,1.8833333333332263,5.7763719558095055,1.0584691148933993
Robust_K5,6,stochastic_causal_2min,6,2.9478719790004106,2.1833333333332092,6.6036628974446785,1.8951005887813972
Robust_K5,6,stochastic_causal_5min,0,3.689883861167073,3.3666666666664753,11.095244641874164,6.022102678317535
Robust_K5,6,stochastic_causal_5min,1,2.4165825044580744,2.8833333333331694,6.106316917109302,2.7601272807181174
Robust_K5,6,stochastic_causal_5min,2,4.617959145810528,2.5833333333331865,10.00191666061316,5.923989727533533
Robust_K5,6,stochastic_causal_5min,3,4.066494121602045,4.249999999999758,14.516718968223149,6.237981059745348
Robust_K5,6,stochastic_causal_5min,4,1.9503031343958355,3.6999999999997897,6.431479525896032,0.5484760538878333
Robust_K5,6,stochastic_causal_5min,5,3.0891008266637074,1.9333333333332234,5.7762972315514824,1.0321288139403577
Robust_K5,6,stochastic_causal_5min,6,2.9052791519272434,2.1666666666665435,6.604503545347439,1.8710954208915729
Robust_K5,6,stochastic_causal_10min,0,3.662983128278802,3.3666666666664753,11.094441356100418,5.989560263948603
Robust_K5,6,stochastic_causal_10min,1,2.308979572905264,3.016666666666495,6.106970754367008,2.8918287854833404
Robust_K5,6,stochastic_causal_10min,2,4.373610822075807,2.616666666666518,10.00271994638691,5.887729781327967
Robust_K5,6,stochastic_causal_10min,3,4.030626477751047,4.316666666666421,14.515859639255877,6.138149451026813
Robust_K5,6,stochastic_causal_10min,4,1.8292498363987761,3.733333333333121,6.430059764993595,0.469828772318784
Robust_K5,6,stochastic_causal_10min,5,3.0128820834802355,1.9833333333332206,5.777679630324912,1.1565073414193483
Robust_K5,6,stochastic_causal_10min,6,2.7618085765234355,2.316666666666535,6.605082658347121,1.7558332528913845
Robust_K5,6,stochastic_causal_20min,0,3.509424778041898,3.616666666666461,11.09431992918113,6.102580704208104
Robust_K5,6,stochastic_causal_20min,1,2.284320567757709,2.9999999999998295,6.106111425399734,2.660370396257626
Robust_K5,6,stochastic_causal_20min,2,3.980187603585591,2.7166666666665122,10.00134688814574,6.15193607663215
Robust_K5,6,stochastic_causal_20min,3,3.9443199597346847,4.39999999999975,14.51857773414147,6.267852081889935
Robust_K5,6,stochastic_causal_20min,4,1.7070756745313247,3.6666666666664582,6.427024092011406,1.1466904420217565
Robust_K5,6,stochastic_causal_20min,5,2.863807188724695,2.0333333333332178,5.7790433480338335,1.2525280129786667
Robust_K5,6,stochastic_causal_20min,6,2.6306675036934393,2.366666666666532,6.606941424265448,1.6264482001248515
Robust_K5,7,stochastic_raw,0,4.259282707300917,2.149999999999878,10.124763340802417,1.71585577484908
Robust_K5,7,stochastic_raw,1,3.833354436570825,2.083333333333215,8.374721217907897,5.356048004430893
Robust_K5,7,stochastic_raw,2,4.595541868403621,1.9499999999998892,9.001844553364435,4.320182977589485
Robust_K5,7,stochastic_raw,3,3.87818899138452,1.6499999999999062,8.350062212760374,4.455620695255865
Robust_K5,7,stochastic_raw,4,2.8469942306695604,2.149999999999878,6.61253640308467,3.289735459454785
Robust_K5,7,stochastic_raw,5,4.169613597673529,2.966666666666498,11.834080743074487,3.5746216931667827
Robust_K5,7,stochastic_raw,6,3.586764385095509,3.4666666666664696,11.589919229984929,6.25217866876961
Robust_K5,7,stochastic_causal_2min,0,4.14719632026663,2.1833333333332092,10.124856746125142,1.7503223388622038
Robust_K5,7,stochastic_causal_2min,1,3.788519881757111,2.1833333333332092,8.37472121790807,4.799072066193342
Robust_K5,7,stochastic_causal_2min,2,4.573124590996713,1.9666666666665549,9.001657742719532,4.281886795352877
Robust_K5,7,stochastic_causal_2min,3,3.7324766882397853,1.8666666666665606,8.349781996793132,4.486351046367903
Robust_K5,7,stochastic_causal_2min,4,2.802159675855819,2.133333333333212,6.612256187117593,3.31243295282949
Robust_K5,7,stochastic_causal_2min,5,4.1247790428597,2.9833333333331638,11.834454364365078,3.5400617238313163
Robust_K5,7,stochastic_causal_2min,6,3.4970952754679274,3.449999999999804,11.590106040630195,3.1219795001936825
Robust_K5,7,stochastic_causal_5min,0,4.075461032564817,2.199999999999875,10.124725978673599,1.7159304991072049
Robust_K5,7,stochastic_causal_5min,1,3.6809169502042094,2.2166666666665407,8.375020114940165,4.830400211369412
Robust_K5,7,stochastic_causal_5min,2,4.375852549816409,2.083333333333215,9.001620380590522,4.244935649760599
Robust_K5,7,stochastic_causal_5min,3,3.555380196725855,2.1833333333332092,8.349240245922465,4.395617116063701
Robust_K5,7,stochastic_causal_5min,4,2.6811063778588506,2.266666666666538,6.611378177085823,3.287904715133493
Robust_K5,7,stochastic_causal_5min,5,3.949924279086372,3.149999999999821,11.835874125267518,3.639855970420797
Robust_K5,7,stochastic_causal_5min,6,3.434326898728796,3.4833333333331353,11.590629110436351,3.036308138370526
Robust_K5,7,stochastic_causal_10min,0,4.014934383566333,2.2166666666665407,10.12498751357668,1.8830139400462373
Robust_K5,7,stochastic_causal_10min,1,3.6114233902429986,2.2166666666665407,8.37559922793984,4.679363804840773
Robust_K5,7,stochastic_causal_10min,2,4.2301402466719535,2.2166666666665407,9.001564337397005,4.209217454425707
Robust_K5,7,stochastic_causal_10min,3,3.450018992913647,2.5333333333331893,8.348212787374646,4.595261652436166
Robust_K5,7,stochastic_causal_10min,4,2.5757451740466424,2.3999999999998636,6.610668296634609,3.4364004968893376
Robust_K5,7,stochastic_causal_10min,5,3.701092499870447,3.5833333333331296,11.837816955976129,4.860215190320552
Robust_K5,7,stochastic_causal_10min,6,3.3401743336200527,3.5166666666664668,11.590666472565363,2.9532894877071816
Robust_K5,7,stochastic_causal_20min,0,3.812058023034342,2.5333333333331893,10.124912789318657,1.8213664271773973
Robust_K5,7,stochastic_causal_20min,1,3.5396881025411404,2.383333333333198,8.375795379117154,4.914427639516069
Robust_K5,7,stochastic_causal_20min,2,3.999242289381459,2.249999999999872,9.001947299219376,4.211991592504819
Robust_K5,7,stochastic_causal_20min,3,3.3457786529718305,2.733333333333178,8.347474885326665,4.423965631451117
Robust_K5,7,stochastic_causal_20min,4,2.5163393889185044,2.5166666666665236,6.608146352926328,3.595890085106787
Robust_K5,7,stochastic_causal_20min,5,3.5464132857632196,3.6499999999997925,11.840535050861718,4.8610091355620115
Robust_K5,7,stochastic_causal_20min,6,3.128331062125426,3.6666666666664582,11.590582407775086,2.743398387453301
Robust_K5,8,stochastic_raw,0,3.631598939909203,2.499999999999858,9.319422649961439,7.488304707112148
Robust_K5,8,stochastic_raw,1,4.999052861726867,2.366666666666532,10.909368050042058,3.6607414005380936
Robust_K5,8,stochastic_raw,2,4.214448152487224,2.5666666666665208,9.474288674713737,6.701084648841708
Robust_K5,8,stochastic_raw,3,3.967858101011907,2.8833333333331694,9.902645483829573,6.046500148561778
Robust_K5,8,stochastic_raw,4,4.147196320266683,0.9333333333332803,6.566767795045701,4.01250584518052
Robust_K5,8,stochastic_raw,5,3.228087946585958,3.333333333333144,8.825868925720691,3.5796655805833253
Robust_K5,8,stochastic_raw,6,3.116001559551724,2.5166666666665236,8.300931013110363,2.9942010189745294
Robust_K5,8,stochastic_causal_2min,0,3.541929830281788,2.549999999999855,9.319235839316585,7.458601814548148
Robust_K5,8,stochastic_causal_2min,1,4.920592390802767,2.3999999999998636,10.909368050042316,3.6195496533030935
Robust_K5,8,stochastic_causal_2min,2,4.1359876815633925,2.6499999999998494,9.474288674714186,6.666431274183912
Robust_K5,8,stochastic_causal_2min,3,3.889397630087842,2.9499999999998323,9.902832294475122,6.0140885016445536
Robust_K5,8,stochastic_causal_2min,4,4.079944488046294,0.949999999999946,6.566580984400835,3.9783194971351126
Robust_K5,8,stochastic_causal_2min,5,3.216879307882664,3.3499999999998096,8.826055736366067,3.552764847695168
Robust_K5,8,stochastic_causal_2min,6,3.0263324499242117,2.6333333333331836,8.300744202465577,2.9687947712468996
Robust_K5,8,stochastic_causal_5min,0,3.32224051169469,2.7666666666665094,9.318824855897457,7.486847584080774
Robust_K5,8,stochastic_causal_5min,1,4.797297365065242,2.4166666666665293,10.909517498558358,3.6598073473128925
Robust_K5,8,stochastic_causal_5min,2,4.021659566788367,2.7499999999998437,9.473989777682094,6.765646407773718
Robust_K5,8,stochastic_causal_5min,3,3.8468048030150386,2.966666666666498,9.903355364281284,6.110688286203564
Robust_K5,8,stochastic_causal_5min,4,3.8288709810893122,1.0999999999999375,6.566506260142804,3.9467111359914666
Robust_K5,8,stochastic_causal_5min,5,3.057716638294005,3.549999999999798,8.826093098495072,3.577872198390838
Robust_K5,8,stochastic_causal_5min,6,2.9321798848155596,2.6499999999998494,8.300594753949527,2.896088068190696
Robust_K5,8,stochastic_causal_10min,0,3.192220302734995,2.8833333333331694,9.317797397349642,6.836914668862763
Robust_K5,8,stochastic_causal_10min,1,4.65382678966148,2.4499999999998607,10.91056363817069,4.996007848212506
Robust_K5,8,stochastic_causal_10min,2,3.965616373271223,2.783333333333175,9.473765604908026,6.798356951723214
Robust_K5,8,stochastic_causal_10min,3,3.6876421334262885,3.083333333333158,9.902757570217098,5.954402500548841
Robust_K5,8,stochastic_causal_10min,4,3.4589859038763278,1.4166666666665861,6.567234821658527,3.9200158948128245
Robust_K5,8,stochastic_causal_10min,5,2.9254547015935715,3.549999999999798,8.82624254701113,3.502344654594287
Robust_K5,8,stochastic_causal_10min,6,2.89407051322396,2.7166666666665122,8.300482667562495,2.8714851062366455
Robust_K5,8,stochastic_causal_20min,0,3.1686821614578093,2.9999999999998295,9.315835885576535,7.040239374942858
Robust_K5,8,stochastic_causal_20min,1,4.509235350387234,2.433333333333195,10.911927355879607,5.148510718304842
Robust_K5,8,stochastic_causal_20min,2,3.829991844959795,2.8833333333331694,9.474213950456164,6.732861139566173
Robust_K5,8,stochastic_causal_20min,3,3.5542593328555996,3.0499999999998266,9.900030134799257,5.658176860681835
Robust_K5,8,stochastic_causal_20min,4,3.200066349827239,1.549999999999912,6.569065565980096,4.186136999228843
Robust_K5,8,stochastic_causal_20min,5,2.6710186030258227,3.683333333333124,8.827447475671752,6.054579708960518
Robust_K5,8,stochastic_causal_20min,6,2.8492359584101905,2.9499999999998323,8.300426624368974,2.729789231960893
Robust_K5,9,stochastic_raw,0,3.967858101011907,2.5833333333331865,9.220599818726257,3.468886868064504
Robust_K5,9,stochastic_raw,1,4.124779042859835,3.849999999999781,13.1339092113815,4.14607545639633
Robust_K5,9,stochastic_raw,2,6.523427725392458,2.5333333333331893,19.02218074357995,9.113370508463506
Robust_K5,9,stochastic_raw,3,4.192030875080376,1.716666666666569,7.891628889790343,2.842323964543122
Robust_K5,9,stochastic_raw,4,3.631598939909203,1.3333333333332575,8.085911960649698,2.5488444411585065
Robust_K5,9,stochastic_raw,5,3.6540162173160504,3.4833333333331353,10.130554470799176,6.267123520374166
Robust_K5,9,stochastic_raw,6,2.577986901787397,2.916666666666501,6.924136559039837,2.5609871330871994
Robust_K5,9,stochastic_causal_2min,0,3.8893976300880695,2.6499999999998494,9.220880034694087,2.3979014399525376
Robust_K5,9,stochastic_causal_2min,1,4.001484017122266,3.9499999999997755,13.133909211381805,5.378932308450486
Robust_K5,9,stochastic_causal_2min,2,6.433758615764873,2.6333333333331836,19.021993932935025,9.059475637364553
Robust_K5,9,stochastic_causal_2min,3,4.1808222363770255,1.6833333333332376,7.891535484468208,2.8769773392014337
Robust_K5,9,stochastic_causal_2min,4,3.5979730237986587,1.366666666666589,8.086285581939874,2.5788275496902076
Robust_K5,9,stochastic_causal_2min,5,3.5867643850956483,3.5833333333331296,10.130554470799515,6.2370470065201316
Robust_K5,9,stochastic_causal_2min,6,2.4210659599393693,3.2833333333331467,6.924229964362765,2.5810692774308537
Robust_K5,9,stochastic_causal_5min,0,3.860255169459015,2.683333333333181,9.220861353629584,2.493660576608784
Robust_K5,9,stochastic_causal_5min,1,3.9723415564933022,4.016666666666438,13.134394919058957,5.345773418952864
Robust_K5,9,stochastic_causal_5min,2,6.379957149988513,2.6999999999998465,19.021470863128865,9.005655490523623
Robust_K5,9,stochastic_causal_5min,3,4.003725744862822,1.8833333333332263,7.892077235338877,2.9112197304403926
Robust_K5,9,stochastic_causal_5min,4,3.5733140186512173,1.3166666666665918,8.086733927488005,2.6680669948339584
Robust_K5,9,stochastic_causal_5min,5,3.389492343915299,3.6666666666664582,10.130442384412484,6.209212220406633
Robust_K5,9,stochastic_causal_5min,6,2.282078840016948,3.6499999999997925,6.924286007556285,2.522728312979542
Robust_K5,9,stochastic_causal_10min,0,3.8086954314233026,2.6333333333331836,9.220730586178043,2.6517771065850724
Robust_K5,9,stochastic_causal_10min,1,3.7481687824248637,4.116666666666433,13.135553145058314,5.438767758062277
Robust_K5,9,stochastic_causal_10min,2,6.27011249069501,2.8166666666665066,19.020985155451733,8.64077693859814
Robust_K5,9,stochastic_causal_10min,3,3.826629253348801,2.016666666666552,7.892488218758011,3.0686637420944898
Robust_K5,9,stochastic_causal_10min,4,3.3558664278050854,1.4333333333332519,8.086771289617014,3.410564584677772
Robust_K5,9,stochastic_causal_10min,5,3.2818894123623976,3.683333333333124,10.13006876312238,6.074110761901391
Robust_K5,9,stochastic_causal_10min,6,2.1924097303895906,3.9333333333331097,6.924528861394867,2.431265821159619
Robust_K5,9,stochastic_causal_20min,0,3.6887629972966804,2.7166666666665122,9.219282803678844,2.9513933596598254
Robust_K5,9,stochastic_causal_20min,1,3.504941322560512,4.199999999999761,13.13632840923531,2.281182148920807
Robust_K5,9,stochastic_causal_20min,2,6.097499454662329,2.9333333333331666,19.021554927919155,8.948575497926406
Robust_K5,9,stochastic_causal_20min,3,3.7717069237019585,2.016666666666552,7.892095916403391,3.3780034892444677
Robust_K5,9,stochastic_causal_20min,4,3.345778652971967,1.483333333333249,8.086799311213774,3.079181181411029
Robust_K5,9,stochastic_causal_20min,5,3.185495119512825,3.6999999999997897,10.128480872639381,5.859698844037124
Robust_K5,9,stochastic_causal_20min,6,2.039972244022965,4.233333333333093,6.926144773474613,2.4334421651745095
Robust_K5,10,stochastic_raw,0,3.586764385095509,2.316666666666535,7.573116739968063,4.012692655825595
Robust_K5,10,stochastic_raw,1,4.46103820396254,2.1166666666665463,9.439915516023241,1.4292882453315425
Robust_K5,10,stochastic_raw,2,3.609181662502356,2.149999999999878,8.431698464650292,4.458422854931769
Robust_K5,10,stochastic_raw,3,4.931801029506325,2.4666666666665265,13.110931502039486,7.084233281853762
Robust_K5,10,stochastic_raw,4,4.7076282554378555,2.549999999999855,10.780468704952689,5.5385620046516415
Robust_K5,10,stochastic_raw,5,4.954218306913171,1.9833333333332206,8.908812852126028,2.8085112377878
Robust_K5,10,stochastic_raw,6,4.774880087658397,3.149999999999821,12.302041408942413,8.927120295341638
Robust_K5,10,stochastic_causal_2min,0,3.4858866367646897,2.433333333333195,7.573303550613353,3.983643600519307
Robust_K5,10,stochastic_causal_2min,1,4.416203649148883,2.133333333333212,9.439915516023445,1.3924865482554407
Robust_K5,10,stochastic_causal_2min,2,3.519512552875085,2.199999999999875,8.431511654005442,4.42890677301281
Robust_K5,10,stochastic_causal_2min,3,4.819714642472263,2.4499999999998607,13.111118312684955,7.044068993166655
Robust_K5,10,stochastic_causal_2min,4,4.696419616734602,2.5666666666665208,10.78046870495298,5.499425174512388
Robust_K5,10,stochastic_causal_2min,5,4.8421319198791934,2.066666666666549,8.908532636158789,2.8485821211527296
Robust_K5,10,stochastic_causal_2min,6,4.696419616734147,3.149999999999821,12.302228219587937,8.887983465202453
Robust_K5,10,stochastic_causal_5min,0,3.393975799396685,2.549999999999855,7.573863982548529,4.069221557019948
Robust_K5,10,stochastic_causal_5min,1,4.209964697005853,2.1833333333332092,9.439766067507398,1.4970631473583826
Robust_K5,10,stochastic_causal_5min,2,3.4208765322848196,2.2833333333332035,8.431025946328297,4.400623641351174
Robust_K5,10,stochastic_causal_5min,3,4.671760611586978,2.499999999999858,13.11167874462013,7.083859660563816
Robust_K5,10,stochastic_causal_5min,4,4.5193231252203985,2.5833333333331865,10.78046870495298,5.461745467404386
Robust_K5,10,stochastic_causal_5min,5,4.747979354770178,2.066666666666549,8.907467815481965,2.807614546691722
Robust_K5,10,stochastic_causal_5min,6,4.5820915019594395,3.1333333333331552,12.303087548555212,8.926447777019707
Robust_K5,10,stochastic_causal_10min,0,3.344657789101575,2.616666666666518,7.574798035773817,3.819082103288546
Robust_K5,10,stochastic_causal_10min,1,4.162888414451482,2.249999999999872,9.439467170475305,1.6682003792951534
Robust_K5,10,stochastic_causal_10min,2,3.3513829723236084,2.366666666666532,8.431007265263798,4.540656900885939
Robust_K5,10,stochastic_causal_10min,3,4.543982130368022,2.5166666666665236,13.112164452297275,7.197533938080978
Robust_K5,10,stochastic_causal_10min,4,4.277216529226462,2.666666666666515,10.780001678340344,5.568619837441536
Robust_K5,10,stochastic_causal_10min,5,4.716595166400566,2.1666666666665435,8.906216184160074,2.6891952787900646
Robust_K5,10,stochastic_causal_10min,6,4.461038203962471,3.1333333333331552,12.303517213038845,9.036404522700222
Robust_K5,10,stochastic_causal_20min,0,3.2561095433445417,2.6999999999998465,7.576367245192302,3.874779697112322
Robust_K5,10,stochastic_causal_20min,1,3.94431995973473,2.266666666666538,9.439317721959261,1.7306231563409586
Robust_K5,10,stochastic_causal_20min,2,3.2269670827156007,2.549999999999855,8.430549579183404,4.53918109679001
Robust_K5,10,stochastic_causal_20min,3,4.328776267262219,2.733333333333178,13.112547414119648,6.762265135098076
Robust_K5,10,stochastic_causal_20min,4,4.068735849342692,2.7499999999998437,10.77906762511505,5.90288012464212
Robust_K5,10,stochastic_causal_20min,5,4.50923535038728,2.2333333333332064,8.90501125549945,2.9873730898978796
Robust_K5,10,stochastic_causal_20min,6,4.158404958970095,3.199999999999818,12.303517213038843,8.826195844349797
Robust_K5,11,stochastic_raw,0,6.50101044798561,2.0333333333332178,14.78307358594521,8.882846172463092
Robust_K5,11,stochastic_raw,1,4.752462810251549,2.3999999999998636,13.32725822901557,8.699398119017044
Robust_K5,11,stochastic_raw,2,3.116001559551724,2.249999999999872,6.110763010461412,2.962443209314835
Robust_K5,11,stochastic_raw,3,3.7212680495365906,2.783333333333175,10.84379751362703,9.504925620503087
Robust_K5,11,stochastic_raw,4,2.7797423984490197,2.5666666666665208,6.313452560348321,3.986165544227501
Robust_K5,11,stochastic_raw,5,3.183253391772264,2.9999999999998295,8.857439924735338,1.1268418109841685
Robust_K5,11,stochastic_raw,6,4.3937863717419985,2.9333333333331666,11.801762501479617,7.481953145180184
Robust_K5,11,stochastic_causal_2min,0,6.344089506137834,2.149999999999878,14.783073585945463,9.144941507478254
Robust_K5,11,stochastic_causal_2min,1,4.6740023393276715,2.383333333333198,13.326978013048315,8.660074478232685
Robust_K5,11,stochastic_causal_2min,2,3.0263324499242117,2.3333333333332007,6.110763010461932,2.9370369615871987
Robust_K5,11,stochastic_causal_2min,3,3.6876421334263796,2.7499999999998437,10.843890918949707,9.53556256629248
Robust_K5,11,stochastic_causal_2min,4,2.734907843635483,2.616666666666518,6.3134525603487415,4.00895644292458
Robust_K5,11,stochastic_causal_2min,5,3.1608361143653383,3.016666666666495,8.857346519413069,1.1530887066147868
Robust_K5,11,stochastic_causal_2min,6,4.315325900818152,2.966666666666498,11.80157569083496,7.5177273837086975
Robust_K5,11,stochastic_causal_5min,0,6.303738406805496,2.1833333333332092,14.78311094807447,8.987684306469237
Robust_K5,11,stochastic_causal_5min,1,4.613475690329142,2.433333333333195,13.32595055450049,4.881362155341056
Robust_K5,11,stochastic_causal_5min,2,2.7887093094117517,2.499999999999858,6.111360804526115,2.96091136202549
Robust_K5,11,stochastic_causal_5min,3,3.5239960083565167,3.0499999999998266,10.844059048530262,7.0162342070530075
Robust_K5,11,stochastic_causal_5min,4,2.6138545456384237,2.7166666666665122,6.313751457380835,4.0304396671061555
Robust_K5,11,stochastic_causal_5min,5,3.120485015033046,3.0499999999998266,8.856655320026352,1.1260572062750374
Robust_K5,11,stochastic_causal_5min,6,4.111328676415724,3.033333333333161,11.801463604447916,7.482364128599404
Robust_K5,11,stochastic_causal_10min,0,6.232003119103501,2.199999999999875,14.783447207235575,8.832407298297788
Robust_K5,11,stochastic_causal_10min,1,4.51259794199832,2.4666666666665265,13.32520331192026,5.069555199171532
Robust_K5,11,stochastic_causal_10min,2,2.654205644970716,2.599999999999852,6.112033322848324,3.071484582834756
Robust_K5,11,stochastic_causal_10min,3,3.4948535477275073,3.149999999999821,10.844115091723777,7.045152494907841
Robust_K5,11,stochastic_causal_10min,4,2.4389997818650047,2.9499999999998323,6.314125078670949,4.050465768256277
Robust_K5,11,stochastic_causal_10min,5,3.0218489944429168,3.1833333333331524,8.856113569155688,1.0489230909309883
Robust_K5,11,stochastic_causal_10min,6,4.019417839047674,3.149999999999821,11.801519647641456,7.3157850764020615
Robust_K5,11,stochastic_causal_20min,0,5.9798087482764455,2.2166666666665407,14.783129629138978,8.940084954108698
Robust_K5,11,stochastic_causal_20min,1,4.308600717596073,2.7666666666665094,13.324960458081685,9.085479679156622
Robust_K5,11,stochastic_causal_20min,2,2.4434832373462996,2.7166666666665122,6.1119959607193115,2.9059610107819362
Robust_K5,11,stochastic_causal_20min,3,3.379404569082226,3.2333333333331495,10.843732129901413,7.100551191699472
Robust_K5,11,stochastic_causal_20min,4,2.3493306722376017,3.1333333333331552,6.3148723212511815,4.245710913937662
Robust_K5,11,stochastic_causal_20min,5,2.7550833933014927,3.3999999999998067,8.856113569155687,1.3252627376316348
Robust_K5,11,stochastic_causal_20min,6,3.881551582995553,3.199999999999818,11.800772405061219,7.508106635488303
