knob_setting_id,interface_mode,flux_peak_uM_h_mean,flux_peak_uM_h_median,flux_FWHM_h_mean,flux_FWHM_h_median,flux_dose_uM_mean,flux_dose_uM_median,post_peak_dose_uM_mean,post_peak_dose_uM_median
Robust_K4,deterministic_reference,2.6882903234148676,2.688289558080121,3.0761904761903014,3.0666666666664923,7.918534520885268,7.918380119292181,3.1671563703514187,3.1624668468120323
Robust_K4,stochastic_causal_10min,3.437155745639803,3.5026995948197963,2.513690476190333,2.549999999999855,8.220476116157066,8.182801301708787,3.616262675524644,3.3352985757842717
Robust_K4,stochastic_causal_20min,3.2953798096590026,3.2695599097886543,2.634325396825247,2.7083333333331794,8.220426522378675,8.18296476102321,3.6256720386044456,3.163974533202421
Robust_K4,stochastic_causal_2min,3.6856405908007095,3.771706923701913,2.2984126984125677,2.2249999999998735,8.220512366317953,8.181185389629038,3.665350508417765,3.407099247211974
Robust_K4,stochastic_causal_5min,3.562265503358011,3.629357212168543,2.4011904761903398,2.3583333333331993,8.22048723583832,8.181596373048162,3.632142025141743,3.389043998367194
Robust_K4,stochastic_raw,3.7583633061979205,3.833354436570825,2.238492063491936,2.208333333333208,8.220517926158301,8.181091984306256,3.5974526227162764,3.2673181820479424
Robust_K5,deterministic_reference,2.7806068068480143,2.780602467176302,3.4666666666664696,3.4666666666664696,9.195276850200955,9.195276851353267,3.613898702266138,3.6345445333473974
Robust_K5,stochastic_causal_10min,3.622952275766556,3.5105456419122216,2.8392857142855528,2.783333333333175,9.717090028392713,9.368516487482697,4.385319179254912,3.9852408315345507
Robust_K5,stochastic_causal_20min,3.471755745827875,3.428162147442072,2.9595238095236414,2.8833333333331694,9.717094921052464,9.368418411894044,4.419322719740545,4.005210889491224
Robust_K5,stochastic_causal_2min,3.8624435227297207,3.7492896462950966,2.6242063492062,2.5916666666665193,9.717003517272563,9.36916098420815,4.381528035128382,3.905836966853078
Robust_K5,stochastic_causal_5min,3.742084092842945,3.6629831282788015,2.7337301587300034,2.6916666666665137,9.717033540411945,9.369020876224353,4.296353945450868,3.882336187704892
Robust_K5,stochastic_raw,3.9272935037995174,3.8221457978674014,2.5744047619046158,2.5333333333331893,9.717004629240373,9.369207686869151,4.449996360477916,3.9993356947040106
