"relative_path","size_bytes","sha256"
"阶段报告_周期旋钮与随机接口认证_20260824.md","16007","19b231388ce0abf3adfeebb13abd02151f600f4573fb9268eb0e73c37e2f84f3"
"code\Arm_Specific_Promoter_Leak_Sensitivity.py","21286","839e2bd07cdd4cafc692eca0f2ac554d85b3bb637e55e0a7848ad8f3b8ba3813"
"code\B_Minimum_Recovery_Period_Map.py","15953","eb0293268407f013a97735a35b08af35e8cfa7fdd559b33081b9372a198ce7bd"
"code\Consolidate_Certified_Period_Knob_Library.py","12697","4d8cdaca0fe08f4924295e79c185d80ef396a6d2c8d5bcd177f9dee4177d31fd"
"code\Mechanistic_ODE_Global_Sensitivity_Analysis.py","41262","ebb25db8b1bd7333553437ba41dddfc7faa2f42509d2547b50a7715c7029ef00"
"code\Period_Knob_AB_Interface_Certification.py","31362","22c83a143a542e804ee93ae09966d0c1a085bd679ba7d8952bf3936cce9b3c2a"
"code\Period_Knob_Robustness_Certification.py","24102","94d2ec976ff1472fdf69f42ceb98bf56a102b92b8525e7263428f96d283298d8"
"code\Period_Knob_Robustness_Failure_Attribution.py","13734","4143fbd3d867e3c8baa533b1d9b4d129131af98080d6c464fb7f6a12bfe53ce0"
"code\Postprocess_Morris_Interface_Leak_Metrics.py","6088","3c59df431c1d5d01fe47445aca2fbb189ed692cfc67b1971bf535126a1ac0eb2"
"code\Robust_Continuous_Period_Knob_AB_Certification.py","33886","94a4462188bfb282ee475c0696ee7ffffeac5090616b6f723a3f2d53ec1f9585"
"code\Robust_K4_K5_Stochastic_AB_Fidelity_Certification.py","35306","1d139ca57a214992533c87bb59cee0b287e1720383efdff8fe2b87f318261ffd"
"code\Robust_Period_Knob_Library_Redesign.py","19308","5085436606545cd1aca0d357f28fa01d4c9d8c9c283fb8063090dc36bb3264e7"
"code\Shared_PLtetO1_Multiobjective_Period_Knob_Designer.py","22804","4cee7f953bb5f278a8945ee4de050871b0ff92efd8964320f3e36c9a91defa45"
"code\Shared_PLtetO1_Period_Knob_Design_Map.py","11340","16be285a807de185522bdd3708c353d0d059669a4aeea84d751bbfff4a52e7cb"
"code\Shared_PLtetO1_RBS_mRNA_2D_Design_Window.py","9380","95c33af7144f75d78c8c00c3484d6ab00bd4608758a33c1e914da487239f97af"
"code\Shared_PLtetO1_Sobol_Global_Sensitivity.py","15986","7fae7dee5ffd1dd2dfd3390f48ffabff03925e5cde1f0b0fbabd6b718dac8079"
"code\Stochastic_AB_Cycle_Failure_Attribution.py","16724","bb4c3a0cd242133d92371f3a28dc4fd94a1f3dd89e8021d1b2650b309aa18294"
"code\Stochastic_AB_Interface_Consistency_Audit.py","20976","4d3f2c61865ed79d7119a827303cafe10754a5b348ce0a33eb8f13c63c43f1d9"
"code\Stochastic_Deterministic_Mean_Consistency_Audit.py","28921","34def9af0a3c7523af53979a103e53c2d71621be5d9e947139ed334bee28bf25"
"code\Stochastic_Period_Knob_Library_Certification.py","30285","f778c5d85903a4f6af544e40e9ce73765268f82d628ebd4b39882a3feba1f787"
"code\Stochastic_Sponge_500_Trajectory_Confirmation.py","35810","4086b6dee031a076cc10b383431d8ed72307639b3aa121dc3ca814b0bc1a4cd8"
"code\Tau_Leap_Time_Step_Convergence_Audit.py","20579","72a1ded96f5c7c25a2c49792c7c801f15735c409683f940ad6b337a99367651d"
"code\zhao_core.py","14097","9e2122cdb200222b315670d43a74491f0848619a7292503726d8c72835def95c"
"figures\B_minimum_recovery_period_map.png","143091","6277374632ab4aaa9b4e7939e76974972a27dba283357447c3e2daad3f064d1b"
"figures\Morris_GSA_top_parameters.png","389059","87fdf3d725911e64e13317533e46366ae660dd5e3e30d8534ef048e52f45caee"
"figures\Robust_Knob_candidate_period_intervals.png","104813","c1df7d874ee159c60532d8ca27531ecb44c780c35ec6b7089c9772e140cc56a5"
"figures\Shared_PLtetO1_Sobol_indices.png","392520","a41034d01d16c7d20c69ca2c64d209103afb4cdb602555c7b50c6554e6a289f2"
"figures\Sponge_500_period_estimator_comparison.png","104484","4e6cb2c4219a44eb768fd0a5297f43a40ef0aa7dfc26d45b58bdd27e4ddecc45"
"figures\Stochastic_AB_failure_association_AUC.png","48736","dd6a7b8073fc73d0610bc3e9677a3e30b58f5f1fcb2c61e77ce638a3f59d2159"
"figures\Stochastic_AB_failure_mode_composition.png","59709","c134119361f1703bec5d64f857111d18614a2da342a2e8e3bf9485c1a9f03deb"
"figures\Stochastic_AB_interface_consistency_summary.png","196702","fafb73b60876c1941cca541340694d3ba8ff66476c2cccc61b4b3f7744210179"
"figures\Stochastic_period_knob_certification_summary.png","109113","4df5436c36d166cb7eae99725ffba939e49e7d7f8182611df0b6e4ce50960af1"
"outputs\B_Minimum_Recovery_Period_full_20260821_202013\B_recovery_cycle_metrics.csv","62991","ac284fe3e504c08077d67995b517c243450fc48873b44753ae510fd7bbe0844a"
"outputs\B_Minimum_Recovery_Period_full_20260821_202013\B_recovery_initial_state_summary.csv","3792","63667c29e7dcfbcee648a1313756197a2458099a0837a458ca0a384a5413e31d"
"outputs\B_Minimum_Recovery_Period_full_20260821_202013\B_recovery_period_map.csv","1736","b74edf92ff5dc611ac54f02fbb5d18ae6d61e180b3a4b8066ed23a986e548dbc"
"outputs\B_Minimum_Recovery_Period_full_20260821_202013\scope_and_boundary_definition.json","1057","3afa725d14919e84f389f560bdf6fc70b4ef7d8f817c7d574bc2b1c8129b280a"
"outputs\Mean_Consistency_Audit_audit_20260823_085752\deterministic_stochastic_parameter_parity.csv","2292","7a90cdc754fc729dbccf3d7dcde3c4f86d872ca57561bf63dca255d91e762443"
"outputs\Mean_Consistency_Audit_audit_20260823_085752\mean_consistency_by_trajectory.csv","18591","da34fb8d0a7926391a538a3a3f37361c419869889457d75d8e2165e683aefbf6"
"outputs\Mean_Consistency_Audit_audit_20260823_085752\mean_consistency_condition_summary.csv","4821","51c99676959cdd0a6b036088da5609ca09a5de889bd90fe06e2b2febe802da86"
"outputs\Mean_Consistency_Audit_audit_20260823_085752\mean_flux_ratio_decomposition.csv","1370","563b87ed12b60119c892e79c1503f06d2f6c7bd9dd5c96e87950502e521d94ac"
"outputs\Mean_Consistency_Audit_audit_20260823_085752\scope_and_settings.json","923","b2f2c843fd3eccef43c11dd6b81b2a3cc030f083bc26e1cdca38740bf7b47b37"
"outputs\Morris_GSA_full_20260819_132518\interface_leak_reanalysis_v2\morris_elementary_effects_interface_corrected.csv","425921","ee94e070ec6c6936e76f476f5769f2b841b0449d3b171f6da8215b893b1b3a32"
"outputs\Morris_GSA_full_20260819_132518\interface_leak_reanalysis_v2\morris_run_metrics_with_conditional_interface_metrics.csv","112259","d24b8df203ed4f368a4e3a4f26de7ccfb106b65cbd3396c537edc8da16258f63"
"outputs\Morris_GSA_full_20260819_132518\interface_leak_reanalysis_v2\morris_sensitivity_summary_interface_corrected.csv","56271","da0c31f2001a1b4b866642bc539fdde8ee1b7ca071ea1c20f690b6d66f7aabf2"
"outputs\Morris_GSA_full_20260819_132518\interface_leak_reanalysis_v2\postprocess_scope.json","1118","7bdb60f9a907ba1487789a3cf66b48a33951ec45eccb5191867f1ca093550fb7"
"outputs\Morris_GSA_full_20260819_132518\interface_leak_reanalysis_v2\top_parameters_interface_corrected.csv","29975","4a1f0b7d0004205b34d1118419f3b0765a25233b87675e9df8f4db461ffceb31"
"outputs\Morris_GSA_full_20260819_132518\morris_design.csv","39118","fad5be10841fa6f9534a9b112ab3f5c6f09ffbf224102395f6cacc0b98a92d5c"
"outputs\Morris_GSA_full_20260819_132518\morris_effect_links.csv","9092","655919e899233cff588f9447c3d83c3bb181a08c2eb406f4360ea9082e285c78"
"outputs\Morris_GSA_full_20260819_132518\morris_elementary_effects.csv","370182","824eb5a39ebe2c7d89538e4ac52f8e19332fffce436a13718d1b44fd1fb1235d"
"outputs\Morris_GSA_full_20260819_132518\morris_run_metrics.csv","109862","e3604295ee7d9a33645ae606e177adef0e624fc347280bc69a6e25fac3af4c5a"
"outputs\Morris_GSA_full_20260819_132518\morris_sensitivity_summary.csv","48337","0257f23c78181cc03747bbb6eb2d89bed170facf233482b16056706f11d5bfd2"
"outputs\Morris_GSA_full_20260819_132518\reference_metrics.csv","1316","c7077c26eeb67bf71e2ad44feb6f5ea7a43a48cf9a2b4cc23b613d593e42db20"
"outputs\Morris_GSA_full_20260819_132518\run_metrics_checkpoint.csv","109862","e3604295ee7d9a33645ae606e177adef0e624fc347280bc69a6e25fac3af4c5a"
"outputs\Morris_GSA_full_20260819_132518\scope_parameters_and_method.json","8965","7b22a9c7f7fd2155496fccbff2cd273022313f870b4e1664037b708ab638447f"
"outputs\Morris_GSA_full_20260819_132518\top_parameters_for_next_stage.csv","25764","9c6f70b58f927efa3a29bc440787e52dc2158204da69caab2c7d3e91a27f730f"
"outputs\Multiobjective_Period_Knob_20260819_174639\period_knob_all_designs.csv","24497","abe19be7ad8afc5e679064778e5ab10a526484153741a2002319efa0b0a7c574"
"outputs\Multiobjective_Period_Knob_20260819_174639\period_knob_ranked_lookup.csv","30599","7266db2d831301449c73d4319cf2234ff1f99f12a3dd21ee1da05a2f350a50c0"
"outputs\Multiobjective_Period_Knob_20260819_174639\period_knob_representative_library.csv","8355","3cbd059d4909248a628547ae1243c1477839217f3d4d29d9c858853cc1ef1b1c"
"outputs\Multiobjective_Period_Knob_20260819_174639\scope_and_constraints.json","1140","06f7cff889a66b3401e55acefb8b6d7424c045e3e4d5b7d3401d04377d7fd08b"
"outputs\Period_Knob_Failure_Attribution_20260821_095354\ordering_parameter_attribution.csv","2672","4e4e936babc9c543015d2b098491db400cb67fbb8f6bd9dbd3b3c043d215c545"
"outputs\Period_Knob_Failure_Attribution_20260821_095354\ranked_ordering_failure_drivers.csv","2951","dd6581469b9b3fd13fb2af979678df96ed4a409cb33c321c71ec96bff3382917"
"outputs\Period_Knob_Failure_Attribution_20260821_095354\scenario_level_library_metrics.csv","11208","2d1f3958b6a50f0f902cf75b3844698e5cee07932e8892bd31b1e21ac81a1cad"
"outputs\Period_Knob_Failure_Attribution_20260821_095354\scope_and_provenance.json","618","eabe6a21852dd6937bddd82a62444755efedcf820744dcff130df0bcb4ff1e97"
"outputs\Period_Knob_Failure_Attribution_20260821_095354\setting_parameter_attribution.csv","9016","cad4aad712670820b1f2f9cebabba218d56fec066249c5b3a67c93f1e885e7b8"
"outputs\Period_Knob_Robustness_confirmation_20260820_234401\period_knob_robustness_ordering_audit.csv","3323","1861700c2fde748c0b78b4674269cdf63885c299b2e0f6388e2fcde455c07127"
"outputs\Period_Knob_Robustness_confirmation_20260820_234401\period_knob_robustness_run_metrics.csv","255166","fbf9ede93a0f32a8d82fdb454a2a1b2f5b6d19680f066f55c3b5c6d8a87cd936"
"outputs\Period_Knob_Robustness_confirmation_20260820_234401\period_knob_robustness_setting_summary.csv","1151","cfd1d9c4d0618511bff5d855168cf900f3b7ef254fc99b1d72fc652bc0947b69"
"outputs\Period_Knob_Robustness_confirmation_20260820_234401\robustness_run_metrics_checkpoint.csv","255166","fbf9ede93a0f32a8d82fdb454a2a1b2f5b6d19680f066f55c3b5c6d8a87cd936"
"outputs\Period_Knob_Robustness_confirmation_20260820_234401\scope_parameters_criteria_and_provenance.json","4463","4ea277158be6d31942de38558dd4cda364be14ac787e613dac6b3b4108ff3156"
"outputs\Period_Knob_Robustness_confirmation_20260820_234401\uncertainty_scenarios.csv","32877","2d552d05e2e7e53e914f791b577164c771e753c44e45d0bce7d6265dd98dc212"
"outputs\README.md","444","83021d3108bbf2025f03cfe2fd31b9c7007dce6c2cb040eae48c93f4feef4294"
"outputs\Robust_Continuous_Period_Knob_AB_full_20260821_135423\A_flux_cycle_metrics.csv","6548","c2cda03882f201ddbaf55df6b35d44f14a540b83ad5d0b9f2630aa838f152a3a"
"outputs\Robust_Continuous_Period_Knob_AB_full_20260821_135423\AB_initial_state_condition_summary.csv","4216","ddc926551f6039fefb146ff82588a45dcc49a10722bbdcf50b0d6f9e298d7233"
"outputs\Robust_Continuous_Period_Knob_AB_full_20260821_135423\AB_tag_specific_certification.csv","960","0d02e2b840e993b22f0357482e7792926d35396d5157e8d560dd22d1a8142b64"
"outputs\Robust_Continuous_Period_Knob_AB_full_20260821_135423\B_cycle_metrics.csv","27322","04a8b6c3db2fd444274731756b467ecb9c0e1e57c04644af3bb6932bd42c2c97"
"outputs\Robust_Continuous_Period_Knob_AB_full_20260821_135423\period_knob_B_validation_for_merge.csv","428","f42fde7edde99562680b2365dc90470fe8a41ae9345129c20b811b8ad2978a6f"
"outputs\Robust_Continuous_Period_Knob_AB_full_20260821_135423\scope_and_certification_rules.json","1291","44361fbacfec1b8db4f90ecd224e968bdc988804b74969ed792e79fc7dbcff72"
"outputs\Robust_Period_Knob_Redesign_confirmation_20260821_122304\candidate_robustness_summary.csv","6345","e6cc5fb52ec504afc7296e32c5232fb03996371ac0fe01eaee2cce01b5fc7495"
"outputs\Robust_Period_Knob_Redesign_confirmation_20260821_122304\candidate_scenario_metrics_checkpoint.csv","779624","f6d187c2d8d4cfa014d46f090efb2a8c80192e878195fba91918fef04d68e1c1"
"outputs\Robust_Period_Knob_Redesign_confirmation_20260821_122304\candidate_scenario_metrics.csv","779621","84a563aeb30238aa963ce8bd7139f554021b4ffe39268754bccf0f5e998aa373"
"outputs\Robust_Period_Knob_Redesign_confirmation_20260821_122304\gated_uncertainty_scenarios.csv","16563","5c230a879e9ae0838f0b6e7052b4b594a92c94b76c10a50948084e82a86a26f1"
"outputs\Robust_Period_Knob_Redesign_confirmation_20260821_122304\ranked_five_setting_libraries.csv","16359913","813bb7221bfda8b1c874920c8a70562ac3f70ace76276128f9a8f304b4ba1a83"
"outputs\Robust_Period_Knob_Redesign_confirmation_20260821_122304\ranked_four_setting_libraries.csv","3521608","f37112a5bb37553485ed92e1ce09e2233223b8f1d63f5c69297b01c36b8d7cb7"
"outputs\Robust_Period_Knob_Redesign_confirmation_20260821_122304\ranked_three_setting_libraries.csv","572023","69c904dfeda7b121d79173e9a73964619e7fad3591a2fbab2976f3b824f07def"
"outputs\Robust_Period_Knob_Redesign_confirmation_20260821_122304\run_manifest.json","1146","d429424ea468e9188c9723931a61e22440f55bac7b6436db65a9a07a15ccc37d"
"outputs\Robust_Period_Knob_Redesign_confirmation_20260821_122304\scope_criteria_and_provenance.json","1086","24ff80dcc964e0eb83ea3520462ae2102271942c729896adf9847cc79c6d1ff1"
"outputs\Shared_PLtetO1_RBS_mRNA_2D_full_20260819_155941\frozen_reference_metrics.csv","1460","34266da75d3959f65f71112c1e2c477b92b4059dec4d2289f64dcccecbe5a593"
"outputs\Shared_PLtetO1_RBS_mRNA_2D_full_20260819_155941\RBS_mRNA_2D_all_conditions.csv","17367","59da23490eed8f3d28616d9ac0f7fa3fac57874b7b787c93dbc7b95c69154d13"
"outputs\Shared_PLtetO1_RBS_mRNA_2D_full_20260819_155941\RBS_mRNA_2D_ranked_clock_candidates.csv","17367","42088e3f80a9f87aa05744aa38593afa81b4db36cb13a32994f1660751ae2ca0"
"outputs\Shared_PLtetO1_RBS_mRNA_2D_full_20260819_155941\scope_and_design_constraints.json","968","2e00e6213790f75f94e562a99d5aed7702890a68d20e95e8f479ed86636e6a0a"
"outputs\Shared_PLtetO1_Sobol_clock_full_20260819_135823\scope_parameters_and_method.json","2603","14a5587b7b92b193839d09658cdbe4684bb2ad0ffb481776db65ff5237fdca0d"
"outputs\Shared_PLtetO1_Sobol_clock_full_20260819_135823\sobol_run_metrics.csv","665671","2ed63e57efba00c83d3d52e47bd8b135f63a686cb685c2e161eff3d1509a7efc"
"outputs\Shared_PLtetO1_Sobol_clock_full_20260819_135823\sobol_sensitivity_summary.csv","11267","0221aaff961c7ea8ff26b5e570d9731a89ce5fc9e2d1432a365875e93e8d6ef6"
"outputs\Shared_PLtetO1_Sobol_interface_full_20260819_150153\scope_parameters_and_method.json","2582","74152a8e6deafac246f5dcebdce87b7a1daf149d7f8cf1a551034efc1faec71b"
"outputs\Shared_PLtetO1_Sobol_interface_full_20260819_150153\sobol_run_metrics.csv","671184","1d904321d7a76eb782f822134d3116f2d6a62dbc6c47a12c78ada37a4a5a4ce7"
"outputs\Shared_PLtetO1_Sobol_interface_full_20260819_150153\sobol_sensitivity_summary.csv","11829","0f122057ffa916d35711eccfc75789b7e34247119fca318749ba2ea897e1907b"
"outputs\Stochastic_AB_Failure_Attribution_20260824_081814\failure_mode_summary.csv","1131","f6d43a0492b0392244bd7bbcd0b5f9a4e2bb0d04386e5262cacee8d50a695dc5"
"outputs\Stochastic_AB_Failure_Attribution_20260824_081814\feature_failure_associations.csv","2498","d0a3fb0ef7e76a053c4c5c257981b4ec6601bcac0ad78fc55d8c3d4ad16cd461"
"outputs\Stochastic_AB_Failure_Attribution_20260824_081814\feature_quartile_success_rates.csv","2826","6590c9dc388e285cf517e0e0e55d5d4751b6ba1d5a90833af8aad8eb994e0fbb"
"outputs\Stochastic_AB_Failure_Attribution_20260824_081814\paired_cycle_failure_attribution.csv","51784","20cf6e51717775ef7f313364f2b7b72941da4013a8c3b8b767027aa9f8b8e9a2"
"outputs\Stochastic_AB_Failure_Attribution_20260824_081814\scope_and_settings.json","619","c279b44438c6d31c08743f667436dfbe33601c0d7419f2afa20fe95f16104aa2"
"outputs\Stochastic_AB_Interface_Audit_audit_tau0.05min_20260823_112124\B_cycle_metrics_by_interface.csv","346648","7b0d94e1140f7f34aa512168356faf53290a6d84706109004d6b97e86aef24a1"
"outputs\Stochastic_AB_Interface_Audit_audit_tau0.05min_20260823_112124\B_interface_condition_summary.csv","4061","c61b2967fb407c404664fc8e0bbd9e72db111523311e5c6316532a0256067ea4"
"outputs\Stochastic_AB_Interface_Audit_audit_tau0.05min_20260823_112124\cycle_flux_metrics.csv","94519","ad881ea588ad3d75da3ce32dad6b92bb362bbcaabc9a0dd4807d685fb68d5c74"
"outputs\Stochastic_AB_Interface_Audit_audit_tau0.05min_20260823_112124\interface_flux_summary.csv","2356","848b20f95637fb632f7ab5b4901422981213a4151a74980b74d65d91d4b08525"
"outputs\Stochastic_AB_Interface_Audit_audit_tau0.05min_20260823_112124\scope_and_settings.json","1038","dba52a8b5be6272730c2cc0b77cd53867892d3ed820c3ec0449ce778900596a5"
"outputs\Stochastic_AB_Interface_Audit_audit_tau0.05min_20260823_112124\trajectory_interface_audit.csv","17326","48957fe3e68a04bc6550d163a979a14d08ff98ab6d1cdcd41bc0fbcd419370cb"
"outputs\Stochastic_Period_Knob_confirmation_20260819_190935\certified_library_with_stochastic_results.csv","2842","523595069ee1cff831d118dbbd9fd1e933cc4510e746f019294334c5af27ae2c"
"outputs\Stochastic_Period_Knob_confirmation_20260819_190935\scope_and_provenance.json","1096","cdf17b8952cdfcd5434c88391b5b21fd4dd9ae358f55ea80ac78e2a8152dfebe"
"outputs\Stochastic_Period_Knob_confirmation_20260819_190935\stochastic_adjacent_ordering_audit.csv","440","312172f1153710e15334fcfa707456d57eb83e9d716ee82949c0d667ab1ea5ab"
"outputs\Stochastic_Period_Knob_confirmation_20260819_190935\stochastic_setting_summary.csv","1317","f4479da56717a80c62901a75fb37e7941c2761a1fe0fe042f1137da689877f8b"
"outputs\Stochastic_Period_Knob_confirmation_20260819_190935\stochastic_trajectory_metrics.csv","31187","8fb19754afa100028f1ebd84535baf7832c1b1c9c59d4c6b16257ac9c0bfd87a"
"outputs\Stochastic_Period_Knob_confirmation_20260819_190935\stochastic_validation_for_designer_merge.csv","397","0e40a01f299df0de38ee963f11a6091cdd3e2a8603f699b9c45aaae70fab7cea"
"outputs\Stochastic_Sponge_500_confirmation_20260821\condition_summary.csv","1419","d68875d0b02c82f2c75591560f27d7862b123359a67fe60975a4d4ceeb34bd4b"
"outputs\Stochastic_Sponge_500_confirmation_20260821\period_and_noise_bootstrap.csv","1602","e171932f8e63305b753ad8fafd0a3528999633cc20ea1e3809be3c57d450f55e"
"outputs\Stochastic_Sponge_500_confirmation_20260821\preregistered_conclusion.json","418","037fbed28a35bb311bcc5f534e6adb50020ee898605c9ab0f15e63b9795dd4d7"
"outputs\Stochastic_Sponge_500_confirmation_20260821\run_manifest.json","806","949f5ddeb295f081822321ef85c8efc407ac4c9c6babd976b20876e3c06e1179"
"outputs\Stochastic_Sponge_500_confirmation_20260821\scope_parameters_and_provenance.json","1157","042b27a94ccafccc3e25279954fe27c1420baa68af4417eb402d9301ed81c4b7"
"outputs\Stochastic_Sponge_500_confirmation_20260821\trajectory_metrics_checkpoint.csv","181352","afb1cd684935244a15fdb9bf3579cec7c8a321199746a7d7d944d479a63ea18e"
"outputs\Stochastic_Sponge_500_confirmation_20260821\trajectory_metrics.csv","181352","afb1cd684935244a15fdb9bf3579cec7c8a321199746a7d7d944d479a63ea18e"
"outputs\Tau_Step_Convergence_audit_20260823_092312\deterministic_references.csv","1268","d86653ac0d5bff2b506508fa7cb5b860938f461339fb9272ee1037f5ae3d7442"
"outputs\Tau_Step_Convergence_audit_20260823_092312\deterministic_stochastic_parameter_parity.csv","2292","7a90cdc754fc729dbccf3d7dcde3c4f86d872ca57561bf63dca255d91e762443"
"outputs\Tau_Step_Convergence_audit_20260823_092312\scope_and_settings.json","1011","f54ce5523ab53a7d7c319f295028bcbac6b17b96d295702e06b248e6ea170fae"
"outputs\Tau_Step_Convergence_audit_20260823_092312\tau_step_by_trajectory.csv","42130","3ff4bf38ab23aa5bc81fbbed866e2116d2e1916355ad8e629c5a5a84d9c6959d"
"outputs\Tau_Step_Convergence_audit_20260823_092312\tau_step_condition_summary.csv","4901","3fe4338412fdbb03c1f9e4745fad09d011308971b9addbe2c45a1f295f63d545"
"outputs\Tau_Step_Convergence_audit_20260823_092312\tau_step_convergence_decisions.csv","843","4cd3cec2f154d19a1f103b55d5df4f084f7bd714650b32a3f95dfbcc7dfd5919"
"README.md","3912","bcc63883b9ae628794a826e7d5d246f0f1dc68f04c7e950038fc17a446241cea"
"requirements.txt","51","a85acb62cd70f542b4dee1828d18a9158c659dd7ae89094238aec77ecebb6efa"
