label,probe,arm,clock_K,K_rep,alpha_Int2,counting_passed,event_causality_passed,diagnostic_passed,cold,steady,s2_flips,stage0_r/g/f,stage1_r/g/f,gate_segment_count,gates_meet_duration,gates_meet_dose,gates_meet_both,gate_dur_min,gate_dur_max,gate_dose_min,gate_dose_max,g1_peak,clock_peak,clock_duty_gt_05,int2_source_peak,J_fwd2_total,J_rev2_total,I2_peak,RDF2_peak,T2_min,pb2_min,rdf_suppression,RDF2_predicted,pred_over_measured,i_times_r_peak,reverse_hill,v_rev,v_fwd,vr_over_vf,prefix_gap
base|off,base,off,0.4,0.45,28.0,False,False,False,123xxxxxxxx4567456745674567,xxx4567456745674567,1,14/14/14,7/0/1,7,0,0,0,0.13333333333332575,0.1500000000000341,0.012747887127627047,0.013739219084189569,0.11747602065961248,0.7205249897641296,0.22654296983500916,3.2893285784691493,0.8734510628914305,0.05577301147305613,0.39427546361851057,0.2070880452046899,1.063386805039035,0.18225180758421783,0.03376867160612582,0.20710702624643654,1.0000916568685936,0.08164973503293019,0.010309297579513599,0.059012866225065505,0.05589257768046995,1.0558265278519414,0.0
base|on,base,on,0.4,0.45,28.0,False,False,False,123xxxx45674567456745674567,5674567456745674567,1,14/14/14,7/0/1,7,7,0,0,0.21666666666666856,0.2333333333333485,0.01472240866963332,0.015609652430895167,0.07588613985591075,0.7205249897641296,0.22654296983500916,2.124811915965501,1.0760583579030105,0.23652650644772513,0.45020143466041684,0.3420857422448337,0.9361368639601056,0.16044633156691318,0.05433062168676775,0.3421010455903206,1.0000447354086917,0.15400749193549768,0.03573550300129403,0.21001310846626592,0.04281387164005116,4.9052585160227515,0.0
krep85|off,krep85,off,0.4,0.85,28.0,False,False,False,123xxxxxxxxxxxxxxxxxxxxxxxx,xxxxxxxxxxxxxxxxxxx,1,14/14/14,7/0/1,7,0,0,0,0.13333333333332575,0.1500000000000341,0.012747887127627047,0.013739219084189569,0.11747602065961248,0.7205249897641296,0.22654296983500916,3.2893285784691493,0.8102287108477797,0.11774947378686222,0.39427546361851057,0.26773612611761316,1.793596689684584,0.3074182887686736,0.05154919912598864,0.26776524407461205,1.0001087561750486,0.10556178525244594,0.01711342291038511,0.08296710607009933,0.0787297021866125,1.0538221759488298,0.0
krep85|on,krep85,on,0.4,0.85,28.0,False,False,False,123xxxx4567xxxx4567xxxx4567,567xxxx4567xxxx4567,1,14/14/14,7/0/1,7,7,0,0,0.21666666666666856,0.2333333333333485,0.01472240866963332,0.015609652430895167,0.07588613985591075,0.7205249897641296,0.22654296983500916,2.124811915965501,1.0315892516566028,0.3701816979837421,0.45020143466041684,0.35453048704715334,1.674721912226426,0.2870728189949312,0.06630728418024348,0.3545419889304223,1.0000324425788167,0.15961013389948475,0.03828149776958454,0.19104344202665213,0.07450583309430873,2.5641407402938676,0.0
aint38|off,aint38,off,0.4,0.45,38.0,False,False,False,123xxxx45674567456745674567,5674567456745674567,1,14/14/14,7/0/1,7,0,0,0,0.13333333333332575,0.1500000000000341,0.012747887127627047,0.013739219084189569,0.11747602065961248,0.7205249897641296,0.22654296983500916,4.464088785065274,1.0623268377064805,0.22418022365902887,0.5350881291965498,0.33066492926196617,0.9443211595843167,0.16185263673863978,0.05261256919458475,0.330728146086353,1.0001911809169721,0.17693487838969496,0.046634401401097376,0.27360550400121153,0.0585571804117386,4.672450109062346,0.0
aint38|on,aint38,on,0.4,0.45,38.0,False,False,False,12345674567012345674567xxxx,567012345674567xxxx,3,14/14/14,7/0/3,7,7,0,0,0.21666666666666856,0.2333333333333485,0.01472240866963332,0.015609652430895167,0.07588613985591075,0.7205249897641296,0.22654296983500916,2.8836733145246085,1.9288530956560441,1.061640436893298,0.6109876613248512,1.076787682194054,0.6840858619165244,0.11703111068861217,0.16335694909324053,1.0817932792661662,1.0046486388680753,0.6579039876871522,0.4034512157404102,2.4936441029754737,0.018923385633440128,131.77579061586496,0.0
clk020|on,clk020,on,0.2,0.45,28.0,True,True,True,123456701234567012345670123,1234567012345670123,7,14/14/14,7/7/7,7,7,7,7,0.48333333333329165,0.5,0.06768074254810678,0.06858658304871139,0.2106654219001703,0.9537574383881992,0.3848675073607022,5.898631813204768,4.176753497888358,3.243129292421496,1.25849087198247,6.644586918395098,0.2229600251719239,0.036233967982196046,0.93927739620873,6.789327368310768,1.0217832126651794,8.362151984894359,0.9909304232002498,6.685175573813996,0.0023051540193285438,2900.0993069266956,0.0
clk007|on,clk007,on,0.07,0.45,28.0,True,True,True,123456701234567012345670123,1234567012345670123,7,14/14/14,7/7/7,7,7,7,7,0.5333333333333314,0.5500000000000114,0.09394426674281428,0.09488940003423214,0.27951382447771816,0.997925534511371,0.5159157824565302,7.826387085376108,4.532117617507293,3.598148846092025,1.6881696577051328,7.305105706975237,0.08330989508665182,0.011108772978003403,0.9986113768625074,7.406385223377678,1.0138642095631465,12.332257800844198,0.9958094499938119,6.893230602191362,0.0007773448151334368,8867.661387833517,0.0
krep85_aint38|on,krep85_aint38,on,0.4,0.85,38.0,False,False,False,1234567xxxx4567xxxx45670123,xxx4567xxxx45670123,3,14/14/14,7/0/3,7,7,0,0,0.21666666666666856,0.2333333333333485,0.01472240866963332,0.015609652430895167,0.07588613985591075,0.7205249897641296,0.22654296983500916,2.8836733145246085,1.9569554546567722,1.2020281115434497,0.6109876613248512,1.2495673476018652,1.19353087031212,0.20424035402357307,0.21018737331116222,1.2544397233110411,1.003899250183295,0.7634702313791609,0.47664820404119534,2.655081842721849,0.028796693198362016,92.20092822577534,0.0
krep85_clk007|on,krep85_clk007,on,0.07,0.85,28.0,True,True,True,123456701234567012345670123,1234567012345670123,7,14/14/14,7/7/7,7,7,7,7,0.5333333333333314,0.5500000000000114,0.09394426674281428,0.09488940003423214,0.27951382447771816,0.997925534511371,0.5159157824565302,7.826387085376108,4.297304665891049,3.371205357587102,1.6881696577051328,7.296464834170931,0.1300526449866101,0.013613919380029899,0.9993392396595611,7.393007368631515,1.0132314122872839,12.31767054155988,0.9957995604751686,6.875699778781334,0.0009537572554272258,7209.066814072554,0.0
