source,arm,clock_K,bypass,counting,events,max_I2,max_RDF2,max_I2_times_max_RDF2,max_same_time_IR,max_same_time_IR_over_threshold,max_v_rev,max_v_fwd,v_rev_over_v_fwd_at_max,int_v_rev,int_v_fwd,int_ratio
20260930_204331/traj_base_off.npz,off,0.4,False,False,False,0.39427546361851057,0.2070880452046899,0.08164973503293019,0.08155076110877889,0.1019384513859736,0.058860837703571436,0.8577630165015001,0.06862132846860564,0.05577301147305613,0.8734510628914305,0.06385361910079751
20260930_204331/traj_base_on.npz,on,0.4,False,False,False,0.45020143466041684,0.3420857422448337,0.15400749193549768,0.15314392865676363,0.19142991082095454,0.20090537246624837,0.9637928072171704,0.20845286555555148,0.23652650644772513,1.0760583579030105,0.21980825176495142
20260930_204331/traj_krep85_off.npz,off,0.4,False,False,False,0.39427546361851057,0.26773612611761316,0.10556178525244594,0.10549498630214993,0.1318687328776874,0.08283304251071397,0.8576419607206349,0.0965823109227461,0.11774947378686222,0.8102287108477797,0.14532868585174613
20260930_204331/traj_krep85_on.npz,on,0.4,False,False,False,0.45020143466041684,0.35453048704715334,0.15961013389948475,0.1590677134857671,0.19883464185720887,0.18450713135290345,0.9633418212418505,0.19152820658720499,0.3701816979837421,1.0315892516566028,0.3588460207289644
20260930_204331/traj_aint38_off.npz,off,0.4,False,False,False,0.5350881291965498,0.33066492926196617,0.17693487838969496,0.17650155844938833,0.2206269480617354,0.265888534393972,1.346897501445385,0.1974081428680662,0.22418022365902887,1.0623268377064805,0.21102754416242053
20260930_204331/traj_aint38_on.npz,on,0.4,False,False,False,0.6109876613248512,1.076787682194054,0.6579039876871522,0.6056229124484892,0.7570286405606115,1.5591457612106736,1.3980267683966925,1.115247430490017,1.061640436893298,1.9288530956560441,0.5503998408609814
20260930_204331/traj_clk020_on.npz,on,0.2,False,True,True,1.25849087198247,6.644586918395098,8.362151984894359,3.118815115196313,3.898518893995391,3.063021363389384,2.379859861691046,1.287059550310205,3.243129292421496,4.176753497888358,0.7764713177498087
20260930_204331/traj_clk007_on.npz,on,0.07,False,True,True,1.6881696577051328,7.305105706975237,12.332257800844198,2.8708592064154996,3.5885740080193744,2.9711217994164474,2.6535275491524635,1.1196875647156643,3.598148846092025,4.532117617507293,0.7939222124758184
20260930_204331/traj_krep85_aint38_on.npz,on,0.4,False,False,False,0.6109876613248512,1.2495673476018652,0.7634702313791609,0.7086972693161006,0.8858715866451257,1.5878446568194342,1.397254201484747,1.1364035657449891,1.2020281115434497,1.9569554546567722,0.614233762287794
20260930_204331/traj_krep85_clk007_on.npz,on,0.07,False,True,True,1.6881696577051328,7.296464834170931,12.31767054155988,6.471777507134298,8.089721883917871,3.285244573710013,2.651644889247159,1.2389459037415609,3.371205357587102,4.297304665891049,0.7844929833216934
round1b_20261001_132532/traj_clk020_off.npz,off,0.2,False,True,True,1.3120198100188667,3.7264260941316203,4.8891448560719155,4.484974661712301,5.606218327140376,3.9555092527596183,3.068480555556222,1.2890775030649022,2.9622556792889876,3.887968926690707,0.7619031260649369
round1b_20261001_132532/traj_clk007_off.npz,off,0.07,False,True,True,1.9352005992635801,7.262135527918506,14.053689025561228,12.683284300535673,15.85410537566959,4.414685482416066,3.5708978079709586,1.236295665633893,3.1245474069634165,4.101872694811673,0.7617368064385703
round2_20261001_133639/traj_K0.40_off.npz,off,0.4,False,False,False,0.39427546361851057,0.2070880452046899,0.08164973503293019,0.08155076110877889,0.1019384513859736,0.058860837703571436,0.8577630165015001,0.06862132846860564,0.05577301147305613,0.8734510628914305,0.06385361910079751
round2_20261001_133639/traj_K0.20_off.npz,off,0.2,False,True,True,1.3120198100188667,3.7264260941316203,4.8891448560719155,4.484974661712301,5.606218327140376,3.9555092527596183,3.068480555556222,1.2890775030649022,2.9622556792889876,3.887968926690707,0.7619031260649369
round2_20261001_133639/traj_K0.25_off.npz,off,0.25,False,False,False,0.9952771715130995,3.858354489603833,3.8401321431077715,3.5521335700237806,4.440166962529726,3.8723850948806247,2.5823509859338003,1.4995580058534672,1.6047371173235923,2.531887591157745,0.6338105699984102
round2_20261001_133639/traj_K0.30_off.npz,off,0.3,False,False,False,0.7322887223926686,0.9612201901593344,0.703890704989817,0.6879998293889098,0.8599997867361372,2.0357349959301687,1.962837641375732,1.0371387592217478,1.024927509073113,1.8823491702995492,0.5444938299678004
round2_20261001_133639/traj_K0.35_off.npz,off,0.35,False,False,False,0.5352874230140691,0.32915625210901506,0.17619320196040392,0.1757194546608508,0.21964931832606346,0.2639194109611022,1.3482845479601704,0.19574459364708127,0.22191115240078704,1.0598883151016392,0.20937220388122368
round2_20261001_133639/traj_K0.05_off.npz,off,0.05,False,True,True,1.9619535701138247,7.278423911709765,14.2799297783808,12.881303255323056,16.10162906915382,4.4193107588981295,3.5825464944465586,1.2335668959910697,3.1301392663987553,4.108383121014326,0.7618907911455809
round2_20261001_133639/traj_K0.02_off.npz,off,0.02,False,True,True,1.9766391302109236,7.284906049691013,14.39963035772954,12.97313886125223,16.216423576565287,4.418869769865034,3.5885192698447113,1.2313908432923797,3.1334660190470114,4.112081172318774,0.7620146314573045
round2_20261001_133639/traj_K0.25_on.npz,on,0.25,False,True,True,1.0081736877833154,3.266731343491491,3.293432585565161,2.247356594540824,2.80919574317603,2.858056813378006,2.120081963393289,1.348087886566213,3.003885655337541,3.920798027346768,0.7661413912132301
round2_20261001_133639/traj_K0.30_on.npz,on,0.3,False,False,False,0.7793618519405754,3.358188480344426,2.6172439932067384,1.2395898087093287,1.5494872608866608,2.402339222649679,1.7635559253778539,1.3622132352479617,1.4381650984408172,2.355823173836132,0.610472430364527
round2_20261001_133639/traj_K0.35_on.npz,on,0.35,False,False,False,0.5929001039114314,0.9077843755420804,0.5382254505880734,0.49700119519380603,0.6212514939922575,1.2785082447066565,1.3547628672800582,0.943713675348589,0.810601851914571,1.6872662842531145,0.48042319074335804
round4b_20261001_170652/traj_bypass_K0.40_off.npz,off,0.4,True,True,True,1.9776708135599232,7.266857866144561,14.371452708162442,12.850403232774303,16.06300404096788,4.402723724021966,3.5888173892242006,1.226789565064415,3.1365774221631404,4.114066490953019,0.7624031913583769
round4b_20261001_170652/traj_bypass_K0.20_off.npz,off,0.2,True,True,True,1.9776708135599232,7.266857866144561,14.371452708162442,12.850403232774303,16.06300404096788,4.402723724021966,3.5888173892242006,1.226789565064415,3.1365774221631404,4.114066490953019,0.7624031913583769
round4b_20261001_170652/traj_bypass_K0.10_off.npz,off,0.1,True,True,True,1.9776708135599232,7.266857866144561,14.371452708162442,12.850403232774303,16.06300404096788,4.402723724021966,3.5888173892242006,1.226789565064415,3.1365774221631404,4.114066490953019,0.7624031913583769
round4b_20261001_170652/traj_bypass_K0.40_on.npz,on,0.4,True,True,True,1.7150240629726348,6.641951960658689,11.391107437637922,1.7400241411266346,2.1750301764082933,2.612672688438658,2.6595991602254676,0.9823558104211345,3.7304089993738208,4.626670823417416,0.8062836414669359
round4b_20261001_170652/traj_bypass_K0.10_on.npz,on,0.1,True,True,True,1.7150240629726348,6.641951960658689,11.391107437637922,1.7400241411266346,2.1750301764082933,2.612672688438658,2.6595991602254676,0.9823558104211345,3.7304089993738208,4.626670823417416,0.8062836414669359
