action,bit1_hold_h,bit1_setup_h,causal_order,certified,cold_passed,directions_alternate,error,expected_sequence,finite,gate_events,group,initial_value,minimum_commitment,observed_sequence,one_to_one,outcome,perturbed_indices,phase_offset,pool_after,pool_before,relative_pool_change,reverse_events,runtime_s,solver_success,steady_passed,target
delta_+0.10,2.907079058947666,5.006299337651427,True,True,True,True,,123012301230123012,True,9,S,0,1.0,123012301230123012,True,recovered_same_phase,16,0.0,0.1748980992069373,0.0748980992069374,2.3351473676749537,9,90.991,True,True,S0
delta_+0.10,2.920515694177851,4.774036384313003,True,True,True,True,,230123012301230123,True,10,S,1,1.0,230123012301230123,True,recovered_same_phase,16,0.0,1.0,0.980091484775194,1.0203129152064538,10,95.568,True,True,S0
delta_+0.10,2.6825535580704845,4.993160994778123,True,True,True,True,,301230123012301230,True,9,S,2,1.0,301230123012301230,True,recovered_same_phase,16,0.0,0.1748953315073824,0.0748953315073824,2.335196707022293,9,96.29,True,True,S0
delta_+0.10,2.937452141567398,4.779814409523589,True,True,True,True,,12301230123012301,True,10,S,3,1.0,12301230123012301,True,recovered_same_phase,16,0.0,1.0,0.980060105186373,1.0203455836107471,10,95.323,True,True,S0
delta_+0.20,2.8941873990342373,5.003176666199884,True,True,True,True,,123012301230123012,True,9,S,0,1.0,123012301230123012,True,recovered_same_phase,16,0.0,0.2748980992069374,0.0748980992069374,3.670294735349908,9,92.012,True,True,S0
delta_+0.20,2.920515694177851,4.774036384313003,True,True,True,True,,230123012301230123,True,10,S,1,1.0,230123012301230123,True,recovered_same_phase,16,0.0,1.0,0.980091484775194,1.0203129152064538,10,95.404,True,True,S0
delta_+0.20,2.5051518742738974,4.985810591865452,True,True,True,True,,301230123012301230,True,9,S,2,1.0,301230123012301230,True,recovered_same_phase,16,0.0,0.2748953315073824,0.0748953315073824,3.670393414044588,9,96.322,True,True,S0
delta_+0.20,2.937452141567398,4.779814409523589,True,True,True,True,,12301230123012301,True,10,S,3,1.0,12301230123012301,True,recovered_same_phase,16,0.0,1.0,0.980060105186373,1.0203455836107471,10,95.026,True,True,S0
delta_-0.10,2.914104556963025,4.958774679701904,True,True,True,True,,123012301230123012,True,9,S,0,1.0,123012301230123012,True,recovered_same_phase,16,0.0,0.0,0.0748980992069374,0.0,9,90.732,True,True,S0
delta_-0.10,2.938617829998208,5.02163417668956,True,True,True,True,,230123012301230123,True,9,S,1,1.0,12301230123012301,True,stable_phase_shift_2,16,2.0,0.880091484775194,0.980091484775194,0.8979687084793546,10,96.177,True,True,S0
delta_-0.10,2.9295093288624514,4.985924394313642,True,True,True,True,,301230123012301230,True,9,S,2,1.0,301230123012301230,True,recovered_same_phase,16,0.0,0.0,0.0748953315073824,0.0,9,96.233,True,True,S0
delta_-0.10,2.938533376648081,5.020508070444777,True,True,True,True,,12301230123012301,True,9,S,3,1.0,12301230123012301,True,recovered_same_phase,16,0.0,0.880060105186373,0.980060105186373,0.8979654416389253,10,95.434,True,True,S0
delta_-0.20,2.914104556963025,4.958774679701904,True,True,True,True,,123012301230123012,True,9,S,0,1.0,123012301230123012,True,recovered_same_phase,16,0.0,0.0,0.0748980992069374,0.0,9,90.666,True,True,S0
delta_-0.20,4.239392442145068,4.227274224521597,False,False,False,False,,230123012301230123,True,8,S,1,0.0,x1xxxxxxxxxxxxxxxx,False,lost_counting,16,,0.7800914847751941,0.980091484775194,0.7959374169587092,10,95.626,True,False,S0
delta_-0.20,2.9295093288624514,4.985924394313642,True,True,True,True,,301230123012301230,True,9,S,2,1.0,301230123012301230,True,recovered_same_phase,16,0.0,0.0,0.0748953315073824,0.0,9,96.406,True,True,S0
delta_-0.20,2.5625300910469946,4.113686785534966,False,False,False,False,,12301230123012301,True,8,S,3,0.0,xx23xxxxxxxxxxxxxx,False,lost_counting,16,,0.7800601051863729,0.980060105186373,0.7959308832778506,10,95.198,True,False,S0
flip,2.938483191383796,5.00734479463264,True,True,True,True,,123012301230123012,True,9,S,0,1.0,012301230123012301,True,stable_phase_shift_3,16,3.0,0.9251019007930626,0.0748980992069374,12.35147367674954,10,92.331,True,True,S0
flip,2.9295496331929485,4.99586482658853,True,True,False,True,,230123012301230123,True,8,S,1,1.0,101230123012301230,True,stable_phase_shift_1,16,1.0,0.0199085152248059,0.980091484775194,0.0203129152064538,9,95.774,True,True,S0
flip,2.920516162124443,5.001917698677275,True,True,True,True,,301230123012301230,True,9,S,2,1.0,230123012301230123,True,stable_phase_shift_3,16,3.0,0.9251046684926176,0.0748953315073824,12.351967070222935,10,95.67,True,True,S0
flip,,,False,False,False,False,,12301230123012301,True,8,S,3,0.0,xxxxxxxxxxxxxxxxxx,False,lost_counting,16,,0.019939894813627,0.980060105186373,0.0203455836107471,9,94.722,True,False,S0
delta_+0.10,2.914170598762354,5.011773412617032,True,True,True,True,,123012301230123012,True,9,S,0,1.0,123012301230123012,True,recovered_same_phase,27,0.0,0.1787100927401728,0.0787100927401728,2.270485099415479,9,91.139,True,True,S1
delta_+0.10,2.9205193914769154,5.002470318602335,True,True,True,True,,230123012301230123,True,10,S,1,1.0,230123012301230123,True,recovered_same_phase,27,0.0,0.1789167830920168,0.0789167830920168,2.2671575814665457,10,95.78,True,True,S1
delta_+0.10,2.921869806364436,4.984562909698589,True,True,True,True,,301230123012301230,True,9,S,2,1.0,301230123012301230,True,recovered_same_phase,27,0.0,1.0,0.9459903534247606,1.057093231849256,9,96.241,True,True,S1
delta_+0.10,2.9384790950765307,5.008323246179263,True,True,True,True,,12301230123012301,True,10,S,3,1.0,12301230123012301,True,recovered_same_phase,27,0.0,1.0,0.940186882931618,1.0636183275413047,10,94.916,True,True,S1
delta_+0.20,2.914624307461821,5.014147290150305,True,True,True,True,,123012301230123012,True,9,S,0,1.0,123012301230123012,True,recovered_same_phase,27,0.0,0.2787100927401728,0.0787100927401728,3.5409701988309576,9,91.399,True,True,S1
delta_+0.20,2.9205489024672886,5.0048365826384895,True,True,True,True,,230123012301230123,True,10,S,1,1.0,230123012301230123,True,recovered_same_phase,27,0.0,0.2789167830920168,0.0789167830920168,3.534315162933092,10,95.723,True,True,S1
delta_+0.20,2.921869806364436,4.984562909698589,True,True,True,True,,301230123012301230,True,9,S,2,1.0,301230123012301230,True,recovered_same_phase,27,0.0,1.0,0.9459903534247606,1.057093231849256,9,95.616,True,True,S1
delta_+0.20,2.9384790950765307,5.008323246179263,True,True,True,True,,12301230123012301,True,10,S,3,1.0,12301230123012301,True,recovered_same_phase,27,0.0,1.0,0.940186882931618,1.0636183275413047,10,94.768,True,True,S1
delta_-0.10,2.9081620240134214,4.974460491274481,True,True,True,True,,123012301230123012,True,9,S,0,1.0,123012301230123012,True,recovered_same_phase,27,0.0,0.0,0.0787100927401728,0.0,9,93.245,True,True,S1
delta_-0.10,2.9169739092535245,4.959103828006025,True,True,True,True,,230123012301230123,True,10,S,1,1.0,230123012301230123,True,recovered_same_phase,27,0.0,0.0,0.0789167830920168,0.0,10,97.181,True,True,S1
delta_-0.10,2.929605263501429,4.981790387182517,True,True,True,True,,301230123012301230,True,9,S,2,1.0,301230123012301230,True,recovered_same_phase,27,0.0,0.8459903534247606,0.9459903534247606,0.8942906768150745,9,97.099,True,True,S1
delta_-0.10,2.938543841625176,5.0206492074079705,True,True,True,True,,12301230123012301,True,10,S,3,1.0,12301230123012301,True,recovered_same_phase,27,0.0,0.840186882931618,0.940186882931618,0.8936381672458695,10,93.49,True,True,S1
delta_-0.20,2.9081620240134214,4.974460491274481,True,True,True,True,,123012301230123012,True,9,S,0,1.0,123012301230123012,True,recovered_same_phase,27,0.0,0.0,0.0787100927401728,0.0,9,92.113,True,True,S1
delta_-0.20,2.9169739092535245,4.959103828006025,True,True,True,True,,230123012301230123,True,10,S,1,1.0,230123012301230123,True,recovered_same_phase,27,0.0,0.0,0.0789167830920168,0.0,10,95.996,True,True,S1
delta_-0.20,2.275740034437618,4.062706778363925,False,False,False,False,,301230123012301230,True,9,S,2,0.0,3xxxxxxxxxxxxxxxxx,False,lost_counting,27,,0.7459903534247605,0.9459903534247606,0.7885813536301487,9,96.505,True,False,S1
delta_-0.20,3.0350313534753752,2.593439857336186,False,False,False,False,,12301230123012301,True,10,S,3,0.0,xx23xxxxxxxxxxxxxx,False,lost_counting,27,,0.740186882931618,0.940186882931618,0.7872763344917391,10,94.761,True,False,S1
flip,2.9295155510538398,4.993280511173694,True,True,True,True,,123012301230123012,True,9,S,0,1.0,301230123012301230,True,stable_phase_shift_2,27,2.0,0.9212899072598272,0.0787100927401728,11.70485099415479,9,91.351,True,True,S1
flip,2.938499726579579,4.393935040859441,True,True,True,True,,230123012301230123,True,10,S,1,1.0,12301230123012301,True,stable_phase_shift_2,27,2.0,0.9210832169079832,0.0789167830920168,11.671575814665458,10,95.741,True,True,S1
flip,2.914096142212628,4.994728929847289,True,True,True,True,,301230123012301230,True,9,S,2,1.0,123012301230123012,True,stable_phase_shift_2,27,2.0,0.0540096465752394,0.9459903534247606,0.0570932318492559,9,96.134,True,True,S1
flip,2.915158503211785,4.53709455997488,True,True,True,True,,12301230123012301,True,10,S,3,1.0,230123012301230123,True,stable_phase_shift_2,27,2.0,0.0598131170683819,0.940186882931618,0.0636183275413047,10,94.421,True,True,S1
