action,bit1_hold_h,bit1_setup_h,causal_order,certified,cold_passed,directions_alternate,error,expected_sequence,factor,finite,gate_events,group,initial_value,minimum_commitment,observed_sequence,one_to_one,outcome,perturbed_indices,phase_offset,pool_after,pool_before,relative_pool_change,reverse_events,runtime_s,solver_success,steady_passed,target
factor_0.5,2.9141044656946065,5.008418911980577,True,True,True,True,,123012301230123012,0.5,True,9,RDF,0,1.0,123012301230123012,True,recovered_same_phase,"12,13,14",0,0.0366926809947902,0.0733853619895804,0.5,9,101.527,True,True,RDF0
factor_0.5,2.920514018556048,4.962063138876345,True,True,True,True,,230123012301230123,0.5,True,10,RDF,1,1.0,230123012301230123,True,recovered_same_phase,"12,13,14",0,3.06891311909909,6.13782623819818,0.5,10,101.773,True,True,RDF0
factor_0.5,2.9293588526093703,4.990844105233073,True,True,True,True,,301230123012301230,0.5,True,9,RDF,2,1.0,301230123012301230,True,recovered_same_phase,"12,13,14",0,0.0372169517023222,0.0744339034046444,0.5,9,99.546,True,True,RDF0
factor_0.5,2.938483353895009,5.0141739163994,True,True,True,True,,12301230123012301,0.5,True,10,RDF,3,1.0,12301230123012301,True,recovered_same_phase,"12,13,14",0,3.089724815693134,6.179449631386268,0.5,10,110.854,True,True,RDF0
factor_0.8,2.9141037677737245,5.00697297100427,True,True,True,True,,123012301230123012,0.8,True,9,RDF,0,1.0,123012301230123012,True,recovered_same_phase,"12,13,14",0,0.0587082895916643,0.0733853619895804,0.7999999999999999,9,103.298,True,True,RDF0
factor_0.8,2.920513900649496,4.978700659336353,True,True,True,True,,230123012301230123,0.8,True,10,RDF,1,1.0,230123012301230123,True,recovered_same_phase,"12,13,14",0,4.910260990558545,6.13782623819818,0.8000000000000002,10,101.941,True,True,RDF0
factor_0.8,2.929512392194823,4.99051166238705,True,True,True,True,,301230123012301230,0.8,True,9,RDF,2,1.0,301230123012301230,True,recovered_same_phase,"12,13,14",0,0.0595471227237155,0.0744339034046444,0.8000000000000002,9,100.558,True,True,RDF0
factor_0.8,2.93848326767295,5.014247356128578,True,True,True,True,,12301230123012301,0.8,True,10,RDF,3,1.0,12301230123012301,True,recovered_same_phase,"12,13,14",0,4.943559705109014,6.179449631386268,0.8,10,110.184,True,True,RDF0
factor_1.2,2.9141028535403564,5.004360129047733,True,True,True,True,,123012301230123012,1.2,True,9,RDF,0,1.0,123012301230123012,True,recovered_same_phase,"12,13,14",0,0.0880624343874964,0.0733853619895804,1.2,9,104.113,True,True,RDF0
factor_1.2,2.9205137316410514,4.998759424567545,True,True,True,True,,230123012301230123,1.2,True,10,RDF,1,1.0,230123012301230123,True,recovered_same_phase,"12,13,14",0,7.365391485837815,6.13782623819818,1.2,10,101.983,True,True,RDF0
factor_1.2,2.929512063974755,4.990078609044566,True,True,True,True,,301230123012301230,1.2,True,9,RDF,2,1.0,301230123012301230,True,recovered_same_phase,"12,13,14",0,0.0893206840855733,0.0744339034046444,1.2000000000000002,9,100.298,True,True,RDF0
factor_1.2,2.9384831550778188,5.014332645580172,True,True,True,True,,12301230123012301,1.2,True,10,RDF,3,1.0,12301230123012301,True,recovered_same_phase,"12,13,14",0,7.415339557663521,6.179449631386268,1.2,10,110.105,True,True,RDF0
factor_1.5,2.9141021797893245,5.002444849343704,True,True,True,True,,123012301230123012,1.5,True,9,RDF,0,1.0,123012301230123012,True,recovered_same_phase,"12,13,14",0,0.1100780429843706,0.0733853619895804,1.5,9,105.056,True,True,RDF0
factor_1.5,2.920513596578246,4.998581692522812,True,True,True,True,,230123012301230123,1.5,True,10,RDF,1,1.0,230123012301230123,True,recovered_same_phase,"12,13,14",0,9.20673935729727,6.13782623819818,1.5,10,101.836,True,True,RDF0
factor_1.5,2.929511824912936,4.989761067527446,True,True,True,True,,301230123012301230,1.5,True,9,RDF,2,1.0,301230123012301230,True,recovered_same_phase,"12,13,14",0,0.1116508551069666,0.0744339034046444,1.5,9,100.969,True,True,RDF0
factor_1.5,2.9384830579785444,5.01436596331456,True,True,True,True,,12301230123012301,1.5,True,10,RDF,3,1.0,12301230123012301,True,recovered_same_phase,"12,13,14",0,9.2691744470794,6.179449631386268,1.4999999999999998,10,109.154,True,True,RDF0
factor_2,2.914101078853349,4.999360618980937,True,True,True,True,,123012301230123012,2.0,True,9,RDF,0,1.0,123012301230123012,True,recovered_same_phase,"12,13,14",0,0.1467707239791608,0.0733853619895804,2.0,9,105.675,True,True,RDF0
factor_2,2.920513357862319,4.998265513310216,True,True,True,True,,230123012301230123,2.0,True,10,RDF,1,1.0,230123012301230123,True,recovered_same_phase,"12,13,14",0,12.27565247639636,6.13782623819818,2.0,10,101.623,True,True,RDF0
factor_2,2.929511439123729,4.989244819712795,True,True,True,True,,301230123012301230,2.0,True,9,RDF,2,1.0,301230123012301230,True,recovered_same_phase,"12,13,14",0,0.1488678068092888,0.0744339034046444,2.0,9,101.42,True,True,RDF0
factor_2,2.938482849230269,5.014328633204418,True,True,True,True,,12301230123012301,2.0,True,10,RDF,3,1.0,12301230123012301,True,recovered_same_phase,"12,13,14",0,12.358899262772535,6.179449631386268,2.0,10,108.423,True,True,RDF0
factor_0.5,2.9141033161625955,5.005668766413352,True,True,True,True,,123012301230123012,0.5,True,9,RDF,0,1.0,123012301230123012,True,recovered_same_phase,"23,24,25",0,0.026932533635683,0.053865067271366,0.5,9,106.574,True,True,RDF1
factor_0.5,2.920513818538353,4.990191172011915,True,True,True,True,,230123012301230123,0.5,True,10,RDF,1,1.0,230123012301230123,True,recovered_same_phase,"23,24,25",0,0.0003201295192829,0.0006402590385658,0.5,10,100.874,True,True,RDF1
factor_0.5,2.9295120330178577,4.990036888229369,True,True,True,True,,301230123012301230,0.5,True,9,RDF,2,1.0,301230123012301230,True,recovered_same_phase,"23,24,25",0,3.917119912555021,7.834239825110041,0.5,9,101.044,True,True,RDF1
factor_0.5,2.938482587605961,5.013434847903,True,True,True,True,,12301230123012301,0.5,True,10,RDF,3,1.0,12301230123012301,True,recovered_same_phase,"23,24,25",0,4.829837515152314,9.659675030304628,0.5,10,107.875,True,True,RDF1
factor_0.8,2.914103311208692,5.005661773711129,True,True,True,True,,123012301230123012,0.8,True,9,RDF,0,1.0,123012301230123012,True,recovered_same_phase,"23,24,25",0,0.0430920538170928,0.053865067271366,0.8000000000000002,9,106.568,True,True,RDF1
factor_0.8,2.920513818091166,4.990170574240071,True,True,True,True,,230123012301230123,0.8,True,10,RDF,1,1.0,230123012301230123,True,recovered_same_phase,"23,24,25",0,0.0005122072308526,0.0006402590385658,0.8,10,101.722,True,True,RDF1
factor_0.8,2.929512146001884,4.990186889222869,True,True,True,True,,301230123012301230,0.8,True,9,RDF,2,1.0,301230123012301230,True,recovered_same_phase,"23,24,25",0,6.267391860088034,7.834239825110041,0.8000000000000002,9,102.758,True,True,RDF1
factor_0.8,2.938482969269387,5.013961422237703,True,True,True,True,,12301230123012301,0.8,True,10,RDF,3,1.0,12301230123012301,True,recovered_same_phase,"23,24,25",0,7.727740024243703,9.659675030304628,0.8,10,106.611,True,True,RDF1
factor_1.2,2.914103305790775,5.005654071260267,True,True,True,True,,123012301230123012,1.2,True,9,RDF,0,1.0,123012301230123012,True,recovered_same_phase,"23,24,25",0,0.0646380807256392,0.053865067271366,1.2,9,105.363,True,True,RDF1
factor_1.2,2.9205138174951344,4.990143114455376,True,True,True,True,,230123012301230123,1.2,True,10,RDF,1,1.0,230123012301230123,True,recovered_same_phase,"23,24,25",0,0.0007683108462789,0.0006402590385658,1.2000000000000002,10,101.625,True,True,RDF1
factor_1.2,2.9295123110415773,4.990405127351941,True,True,True,True,,301230123012301230,1.2,True,9,RDF,2,1.0,301230123012301230,True,recovered_same_phase,"23,24,25",0,9.401087790132047,7.834239825110041,1.2,9,101.451,True,True,RDF1
factor_1.2,2.938483445651628,5.014610484473401,True,True,True,True,,12301230123012301,1.2,True,10,RDF,3,1.0,12301230123012301,True,recovered_same_phase,"23,24,25",0,11.591610036365552,9.659675030304628,1.2,10,107.981,True,True,RDF1
factor_1.5,2.91410330239097,5.005649200778056,True,True,True,True,,123012301230123012,1.5,True,9,RDF,0,1.0,123012301230123012,True,recovered_same_phase,"23,24,25",0,0.080797600907049,0.053865067271366,1.5,9,105.605,True,True,RDF1
factor_1.5,2.9205138170482883,4.99012252254856,True,True,True,True,,230123012301230123,1.5,True,10,RDF,1,1.0,230123012301230123,True,recovered_same_phase,"23,24,25",0,0.0009603885578487,0.0006402590385658,1.5,10,101.015,True,True,RDF1
factor_1.5,2.9295124434230786,4.990579435832849,True,True,True,True,,301230123012301230,1.5,True,9,RDF,2,1.0,301230123012301230,True,recovered_same_phase,"23,24,25",0,11.751359737665062,7.834239825110041,1.5000000000000002,9,101.468,True,True,RDF1
factor_1.5,2.938483774040634,5.0150527178901285,True,True,True,True,,12301230123012301,1.5,True,10,RDF,3,1.0,12301230123012301,True,recovered_same_phase,"23,24,25",0,14.489512545456943,9.659675030304628,1.5,10,107.53,True,True,RDF1
factor_2,2.9141032976497456,5.005642346906237,True,True,True,True,,123012301230123012,2.0,True,9,RDF,0,1.0,123012301230123012,True,recovered_same_phase,"23,24,25",0,0.107730134542732,0.053865067271366,2.0,9,104.82,True,True,RDF1
factor_2,2.920513816303867,4.9900882082843685,True,True,True,True,,230123012301230123,2.0,True,10,RDF,1,1.0,230123012301230123,True,recovered_same_phase,"23,24,25",0,0.0012805180771316,0.0006402590385658,2.0,10,101.328,True,True,RDF1
factor_2,2.929512676534017,4.990884779508065,True,True,True,True,,301230123012301230,2.0,True,9,RDF,2,1.0,301230123012301230,True,recovered_same_phase,"23,24,25",0,15.668479650220082,7.834239825110041,2.0,9,101.5,True,True,RDF1
factor_2,2.938484257885989,5.015696749659472,True,True,True,True,,12301230123012301,2.0,True,10,RDF,3,1.0,12301230123012301,True,recovered_same_phase,"23,24,25",0,19.319350060609256,9.659675030304628,2.0,10,107.713,True,True,RDF1
