k,start_h,end_h,width_h,i0,i1,S2_start,type,gate_on_rev,gate_on_fwd,tail_h,tail_rev,tail_fwd,far_off_h,far_off_rev,far_off_fwd,far_off_evaluable,I2_peak
0,35.9,37.46666666666667,1.56666666666667,1077,1124,0.017240621867791517,F,2.880397127353184e-07,0.9763240710663513,1.7999999999999972,6.612960597805382e-05,0.006436792821637194,39.0,0.021586289191669755,7.624438009467205e-06,True,1.5620992316947835
1,78.26666666666667,79.83333333333333,1.5666666666666629,2348,2395,0.978348826285033,R,0.995363384746,0.05419363229294582,1.9000000000000057,0.17329185485985546,0.1497642421776978,38.89999999999999,0.010095402651110676,0.013663252257599921,True,1.3577765193166047
2,120.63333333333333,122.2,1.566666666666677,3619,3666,0.01724594859702352,F,2.9838215701128575e-07,0.976512176172129,1.7666666666666657,6.329674177210331e-05,0.00624267281326871,39.03333333333333,0.021590274412988206,8.198917521872215e-06,True,1.5617784056204722
3,163.0,164.56666666666666,1.5666666666666629,4890,4937,0.9783469068737263,R,0.99627719752407,0.054693677757570766,1.9000000000000057,0.1725126191706135,0.14937951895417834,38.900000000000006,0.009958860734622838,0.013551434988107772,True,1.357717651162773
4,205.36666666666667,206.93333333333334,1.5666666666666629,6161,6208,0.01725170475081478,F,3.0901846176661387e-07,0.9766938749968066,1.7666666666666515,6.379189156798151e-05,0.006055201405679237,39.0,0.021584408624035382,8.087807652938414e-06,True,1.5619606351801116
5,247.7,249.29999999999998,1.5999999999999943,7431,7479,0.978355769625705,R,0.9971919572558379,0.05519485287341676,1.9000000000000057,0.17174193556311304,0.14899252548402958,38.866666666666674,0.009823854738945993,0.013421022496006468,True,1.3575481735552923
6,290.06666666666666,291.6666666666667,1.6000000000000227,8702,8750,0.01722501365978297,F,3.199542921161677e-07,0.9769029373973084,1.7666666666666515,6.428995344535284e-05,0.005873513395409195,39.0,0.021584704860798973,7.982631794706882e-06,True,1.5622190988479878
7,332.43333333333334,334.0333333333333,1.599999999999966,9973,10021,0.9783544371054024,R,0.998086463253341,0.05569713153686806,1.900000000000034,0.17097954733947868,0.14860328076130247,38.866666666666674,0.009690373098434554,0.013310432340830571,True,1.3572695608345153
8,374.8,376.4,1.599999999999966,11244,11292,0.017229039480398826,F,3.311953922957008e-07,0.9770750122435339,1.7666666666667084,6.479094111706608e-05,0.005697429307888804,39.0,0.0215850659701233,7.878738722099093e-06,True,1.5623462236275778
9,417.1666666666667,418.76666666666665,1.599999999999966,12515,12563,0.9783529923243328,R,0.9989712962001609,0.05620051192395186,1.900000000000034,0.17022520449495823,0.14821180411939003,38.86666666666662,0.009558404297843062,0.013201176863769933,True,1.357429651510723
10,459.5333333333333,461.1333333333333,1.6000000000000227,13786,13834,0.017233399138419984,F,3.427475464077211e-07,0.9772413151684407,1.7666666666666515,6.529486846119825e-05,0.005526775165388752,39.0,0.02158549765020375,7.776120202534666e-06,True,1.5623435262272916
11,501.9,503.5,1.6000000000000227,15057,15105,0.9783514259260335,R,0.9998467016780241,0.05670498442943645,1.8999999999999773,0.1694786634124656,0.14781811482850848,38.866666666666674,0.009427936810955195,0.013093263198019142,True,1.3576539351117964
12,544.2666666666667,545.8666666666667,1.6000000000000227,16328,16376,0.01723811969277264,F,3.546165768482025e-07,0.9774019872333214,1.7666666666666515,6.580174944979854e-05,0.005361382340882602,39.0,0.021586006071844757,7.674768502321563e-06,True,1.5622125378478633
13,586.6333333333333,588.2,1.5666666666667197,17599,17646,0.9783497277890566,R,0.9949013714273963,0.05394339784014983,1.8999999999999773,0.17368576392978127,0.14995623207664457,9.899999999999977,,,False,1.3577639222571705
