label,uM_fold,level,clock_K_requested,clock_K_readback,counting_passed,event_causality_passed,full_certified,sequence,commitment_global,S0_commitment,S0_band_margin,S0_hold_h,S1_commitment,S1_band_margin,S1_hold_h,S2_commitment,S2_band_margin,S2_hold_h,s0_rev,s0_gate,s0_flip,s1_rev,s1_gate,s1_flip,clock_peak_max,clock_width_max,clock_integral_min,clock_lo,clock_hi,int0_lo,int0_hi,clock_pointwise_dev_vs_baseline,int0_scale_deviation,g1_peak_max,g1_integral_min,int2_source_peak_max,b2_I_peak,j_fwd2_integral,j_rev2_integral,runtime_s
uM=x1.30 clock_K=none,1.3,none,0.3,0.3,True,True,True,1234567012345670123,1.0,1.0,0.20112059945667748,0,1.3684068954464692,1.0,0.12773165567436845,0,1.6361599177533783,1.0,0.2821568108142949,0,2.5816654973226,14,14,14,7,7,7,0.6642150802495594,10.716666666666669,2.1523913438308466,0.0,0.6642150802495594,0.0,0.4219344893949011,0.13130975873337797,0.01307058386808091,0.21783328768255314,1.5405682796299885e-07,8.27766493193702,1.7009415064658708,4.582485507558314,3.5882283533691277,47.242
uM=x1.30 clock_K=comp,1.3,comp,0.23076923076923075,0.23076923076923075,True,True,True,1234567012345670123,1.0,1.0,0.20112059945667748,0,1.3684068954464692,1.0,0.12773165567436845,0,1.6361599177533783,1.0,0.27291600139443495,0,2.5326251811948346,14,14,14,7,7,7,0.7697435477204562,10.716666666666669,2.7189242898117847,0.0,0.7697435477204562,0.0,0.4219344893949011,0.023108851088466054,0.01307058386808091,0.2654689801865077,1.837880303827301e-07,10.087821247087293,2.0799426267846837,4.7306471982580725,3.7397657346068858,43.249
uM=x1.30 clock_K=comp_x0.9,1.3,comp_x0.9,0.2076923076923077,0.2076923076923077,True,True,True,1234567012345670123,1.0,1.0,0.20112059945667748,0,1.3684068954464692,1.0,0.12773165567436845,0,1.6361599177533783,1.0,0.268871200827552,0,2.5170798762329163,14,14,14,7,7,7,0.8049595002857117,10.716666666666669,2.944401767364072,0.0,0.8049595002857117,0.0,0.4219344893949011,0.07555795366769835,0.01307058386808091,0.282590009674144,1.942912405407985e-07,10.738420367617472,2.2164781692987936,4.784005767851641,3.7946598002946095,45.332
uM=x1.30 clock_K=comp_x1.1,1.3,comp_x1.1,0.25384615384615383,0.25384615384615383,True,True,True,1234567012345670123,1.0,1.0,0.20112059945667748,0,1.3684068954464692,1.0,0.12773165567436845,0,1.6361599177533783,1.0,0.276441614961512,0,2.5486307517083837,14,14,14,7,7,7,0.7342402034054547,10.716666666666669,2.5128155954895064,0.0,0.7342402034054547,0.0,0.4219344893949011,0.048458350804507444,0.01307058386808091,0.2488926353896174,1.7352103710609475e-07,9.457920144805462,1.9476444894027651,4.679167628590508,3.6869739188086026,44.278
uM=x1.35 clock_K=none,1.35,none,0.3,0.3,False,True,False,x23xx67xx23xx67xx23,0.0,1.0,0.18554854088667683,0,1.4213638450632402,0.0,-0.15171657412785905,10,1.5016935432777245,1.0,0.19906904562675176,0,2.745589049310855,14,14,14,7,7,7,0.6471797454073104,10.700000000000045,2.085662732324061,0.0,0.6471797454073104,0.0,0.4063094830294991,0.14977248016919437,0.01806902620825318,0.15154229348308984,2.069507453715107e-07,5.758607152357414,1.2820988093555177,4.354370894962777,3.3882849990466983,58.771
uM=x1.35 clock_K=comp,1.35,comp,0.2222222222222222,0.2222222222222222,False,True,False,x23xx67xx23xx67xx23,0.0,1.0,0.18554854088667683,0,1.4213638450632402,0.0,-0.15171657412785905,10,1.5016935432777245,1.0,0.1508059546487711,0,2.6755525793562036,14,14,14,7,7,7,0.7697454644026042,10.700000000000045,2.733369302695931,0.0,0.7697454644026042,0.0,0.4063094830294991,0.030805910158229144,0.01806902620825318,0.1890325028897321,2.534281277600542e-07,7.183235109809821,1.6053770797279538,4.628659278960087,3.6825530227927987,55.871
uM=x1.35 clock_K=comp_x0.9,1.35,comp_x0.9,0.2,0.2,False,True,False,x23xx67xx23xx67xx23,0.0,1.0,0.18554854088667683,0,1.4213638450632402,0.0,-0.15171657412785905,10,1.5016935432777245,1.0,0.13357382412150087,0,2.656025256535113,14,14,14,7,7,7,0.8049611981027895,10.700000000000045,2.958764383134059,0.0,0.8049611981027895,0.0,0.4063094830294991,0.08337836261807385,0.01806902620825318,0.20051187783609123,2.674837573359986e-07,7.619451357771466,1.7050581834081169,4.73102654194617,3.7937573858773845,57.868
uM=x1.35 clock_K=comp_x1.1,1.35,comp_x1.1,0.24444444444444444,0.24444444444444444,False,True,False,x23xx67xx23xx67xx23,0.0,1.0,0.18554854088667683,0,1.4213638450632402,0.0,-0.15171657412785905,10,1.5016935432777245,1.0,0.16641915586656897,0,2.695323794906667,14,14,14,7,7,7,0.7342423135871035,10.700000000000045,2.527172759401305,0.0,0.7342423135871035,0.0,0.4063094830294991,0.04842766148734534,0.01806902620825318,0.17780188236104238,2.396041591116368e-07,6.756471529719611,1.5080808978413578,4.533952970482099,3.5805916844059302,54.662
uM=x1.40 clock_K=none,1.4,none,0.3,0.3,False,False,False,x23xx67xx67xx67xx67,0.0,1.0,0.16915097584676408,0,1.4897978276106123,0.0,-0.28885844901741137,12,1.621782367791532,1.0,0.02268991980349999,0,2.9325424045442183,14,14,3,7,1,3,0.6304013373494187,10.700000000000045,2.0128861308877877,0.0,0.6304013373494187,0.0,0.391800171779167,0.1673980833488492,0.02348610882717511,0.08505366620556729,3.6927649141193114e-07,3.232039315811557,0.8252465491880862,1.9301968920243546,1.1907621819759053,56.104
uM=x1.40 clock_K=comp,1.4,comp,0.2142857142857143,0.2142857142857143,False,False,False,x23xxxxxx67xxxxxx67,0.0,1.0,0.16915097584676408,0,1.4897978276106123,0.0,-0.28885844901741137,12,1.621782367791532,0.0,-0.39672051232093714,7,2.8149319215235913,14,14,3,7,1,3,0.7697470401903671,10.700000000000045,2.735963916512066,0.0,0.7697470401903671,0.0,0.391800171779167,0.038605776017066495,0.02348610882717511,0.10847068892878278,4.6367983536696074e-07,4.121886179293746,1.0577990900310905,2.3065716116139248,1.6441971184674662,52.981
uM=x1.40 clock_K=comp_x0.9,1.4,comp_x0.9,0.1928571428571429,0.1928571428571429,False,False,False,x23xxxxxx67xx67xx67,0.0,1.0,0.16915097584676408,0,1.4897978276106123,0.0,-0.28885844901741137,12,1.621782367791532,0.0,-0.3932747573932162,4,2.784372744726067,14,14,3,7,1,3,0.8049625939510898,10.700000000000045,2.960551895307354,0.0,0.8049625939510898,0.0,0.391800171779167,0.09123047893439562,0.02348610882717511,0.11474913216381454,4.885982337646368e-07,4.360467022224952,1.120593846143149,2.5184579951693786,1.7361297788806358,53.605
uM=x1.40 clock_K=comp_x1.1,1.4,comp_x1.1,0.23571428571428574,0.23571428571428574,False,False,False,x23xx67xxxxxx67xxxx,0.0,1.0,0.16915097584676408,0,1.4897978276106123,0.0,-0.28885844901741137,12,1.621782367791532,0.0,-0.3918470136985123,8,2.8379282391129266,14,14,3,7,1,3,0.7342440484604362,10.700000000000045,2.530385042848025,0.0,0.7342440484604362,0.0,0.391800171779167,0.04834294197351391,0.02348610882717511,0.10230898968152534,4.390250579708599e-07,3.8877416078979627,0.9962287229653066,2.2250405322686957,1.4423907888141358,49.437
uM=x1.45 clock_K=none,1.45,none,0.3,0.3,False,False,False,x6xxx6xxx6xxx6xxx6x,0.0,1.0,0.1520510458735368,0,1.556560422171163,0.0,-0.3781571516262559,18,2.345176441256445,1.0,0.044658259574042125,0,3.1539561836372023,14,14,1,13,0,1,0.6139065099244703,10.700000000000045,1.94344548917299,0.0,0.6139065099244703,0.0,0.3782911093384986,0.1842628043763493,0.02882461475303022,0.04233716286736034,9.053936582379144e-07,1.608812188959693,0.484694335930356,1.047405634836476,0.3021760982128757,50.908
uM=x1.45 clock_K=comp,1.45,comp,0.20689655172413793,0.20689655172413793,False,False,False,x6xxx6xxx6xxx6xxx6x,0.0,1.0,0.1520510458735368,0,1.556560422171163,0.0,-0.3781571516262559,18,2.345176441256445,0.0,-0.38760752345349864,4,2.9349798172373163,14,14,1,13,1,1,0.7697482473856883,10.700000000000045,2.737976697590642,0.0,0.7697482473856883,0.0,0.3782911093384986,0.04576797807925792,0.02882461475303022,0.055249971147995285,1.1645493674253766e-06,2.0994989036238207,0.6372239368662236,1.1832880252300666,0.43845051541711405,46.329
uM=x1.45 clock_K=comp_x0.9,1.45,comp_x0.9,0.18620689655172415,0.18620689655172415,False,False,False,x6xxx6xxx6xxx6xxx6x,0.0,1.0,0.1520510458735368,0,1.556560422171163,0.0,-0.3781571516262559,18,2.345176441256445,0.0,-0.3793537793933905,4,2.8810854637109706,14,14,1,13,1,1,0.8049636632959883,10.700000000000045,2.961662352022819,0.0,0.8049636632959883,0.0,0.3782911093384986,0.09838466501076365,0.02882461475303022,0.05832410373322004,1.2252475258663915e-06,2.2163159418623617,0.6741049998010693,1.2293678920695843,0.4843579840276285,56.458
uM=x1.45 clock_K=comp_x1.1,1.45,comp_x1.1,0.22758620689655173,0.22758620689655173,False,False,False,x6xxx6xxx6xxx6xxx6x,0.0,1.0,0.1520510458735368,0,1.556560422171163,0.0,-0.3781571516262559,18,2.345176441256445,0.0,-0.3722462859112738,3,2.986135088513503,14,14,1,13,0,1,0.73424537753037,10.700000000000045,2.533108892718759,0.0,0.73424537753037,0.0,0.3782911093384986,0.04823275134520977,0.02882461475303022,0.052208515027881465,1.104200331614484e-06,1.9839235710594956,0.6010161568403818,1.1424691265125588,0.3978462764512723,47.901
