threshold,au,uM,copies_per_cell
K_D_int bit0/1/2,1.0,5.75,3462.730937
K_D_int bit0/1/2,1.0,5.75,3462.730937
K_D_int bit0/1/2,0.6,3.4499999999999997,2077.6385622
K_inh,0.1,0.5750000000000001,346.2730937
K_complex (derived q*1.2),0.06,0.345,207.76385621999998
K_rep,0.85,4.8875,2943.32129645
K_A0 / K_A1,0.5,2.875,1731.3654685
K_A0 / K_A1,1.2,6.8999999999999995,4155.2771244
K_F0 / K_F1,0.6,3.4499999999999997,2077.6385622
K_F0 / K_F1,0.4,2.3000000000000003,1385.0923748
K_auto1,0.6,3.4499999999999997,2077.6385622
clock_K,0.3,1.7249999999999999,1038.8192811
