kind,mode,factor,init,init_bits,idx,certified,crossings,gates,reverse_events,cold_reads,steady_reads,cold_sequence,steady_sequence,causal_exactly_one_gate_and_flip,causal_order,causal_dirs_alternate,gate_contrast_passed,steady_min_commitment_all_bits,bit2_commitment_min,bit2_margin_to_band_low,bit2_margin_to_band_high,setup_min_h_global,hold_min_h_global,code,prefix_code,bit2_code,values_before,values_after,clipped,n_pairs,n_R,n_F,n_dropped,pattern,same_type_adjacent,windows_total,1pct_L_rev,1pct_L_rev_min,1pct_L_rev_max,1pct_L_fwd,1pct_L_fwd_min,1pct_L_fwd_max,1pct_L_symmetric,1pct_L_symmetric_min,1pct_L_symmetric_max,5pct_L_rev,5pct_L_rev_min,5pct_L_rev_max,5pct_L_fwd,5pct_L_fwd_min,5pct_L_fwd_max,5pct_L_symmetric,5pct_L_symmetric_min,5pct_L_symmetric_max,10pct_L_rev,10pct_L_rev_min,10pct_L_rev_max,10pct_L_fwd,10pct_L_fwd_min,10pct_L_fwd_max,10pct_L_symmetric,10pct_L_symmetric_min,10pct_L_symmetric_max,readout_ok,causal_ok,readout_ok_no_causal,alternation_broken,alternation_restored,outcome,ok,error,runtime_s
S2,mult,0.8,5,101,[44],True,14,14,14,56,48,67012345670123456701234567012345670123456701234567012345,670123456701234567012345670123456701234567012345,True,True,True,True,1.0,1.0,0.28270750329405375,0.27478935942822236,4.054878498877379,2.915385697162151,67012345670123456701234567012345670123456701234567012345,0111001001110010011100100111001001110010011100100111001001110010011100100111001001110010011100100111001001110010,11000011110000111100001111000011110000111100001111000011,[0.9833704893381378],[0.7866963914705103],0,6,7,7,1,RFRFRFRFRFRFRF,0,14,0.021302218307822047,0.02126646890297185,0.0376216481400142,0.003379856947547992,0.003378451087567489,0.003710906192246839,0.012431397017276042,0.012417196642936118,0.018831680071502793,0.02160769769820734,0.021573839970224714,0.04058312376976344,0.006747481932851509,0.006622860865105383,0.014847596304038431,0.014256248263015976,0.014184393172706634,0.026323048303054025,0.0216681181004162,0.02163118487011152,0.04132500459040898,0.013835734899928388,0.013417043598312845,0.04188880575598764,0.017788793193082866,0.01758117568627366,0.041637407247789054,True,True,False,False,False,recovered_original,True,,750.56
S2,mult,1.2,7,111,[44],True,15,15,15,56,48,01234567012345670123456701234567012345670123456701234567,012345670123456701234567012345670123456701234567,True,True,True,True,1.0,1.0,0.282821083283251,0.27837158069024237,4.540687601649779,2.9153889508289126,01234567012345670123456701234567012345670123456701234567,0010011100100111001001110010011100100111001001110010011100100111001001110010011100100111001001110010011100100111,00001111000011110000111100001111000011110000111100001111,[0.9783822446498289],[1.0],1,7,8,7,1,RFRFRFRFRFRFRFR,0,15,0.021266476630098983,0.02087265585822215,0.0213306493541798,0.003379260130848368,0.0033764405562787974,0.0034744056089732185,0.0124172036202761,0.012358867712349487,0.012438509089027551,0.0215738486214901,0.021162700918701816,0.021643489106100002,0.006762366205342694,0.006623513257616104,0.006859210253463483,0.014238746349043443,0.014115934880577488,0.01429413284430713,0.021631193743509993,0.02122319325116285,0.021702108766143875,0.013651459882740925,0.013134999393437019,0.014080871560394042,0.017683411064039888,0.017265256791983635,0.01792686713378989,True,True,False,False,False,recovered_original,True,,737.81
C2,mult,1.2,1,001,[43],True,14,14,14,56,48,23456701234567012345670123456701234567012345670123456701,234567012345670123456701234567012345670123456701,True,True,True,True,1.0,1.0,0.2828211851497622,0.27837162351231637,4.540690440236801,2.9153856994494163,23456701234567012345670123456701234567012345670123456701,0111001001110010011100100111001001110010011100100111001001110010011100100111001001110010011100100111001001110010,00111100001111000011110000111100001111000011110000111100,[6.320834339169544e-09],[7.585001207003452e-09],0,6,7,7,1,FRFRFRFRFRFRFR,0,14,0.02129213862586872,0.02125773443152556,0.021332453106624565,0.0033789743521406602,0.0033760408861015227,0.003380850845941137,0.012431281775256573,0.012415059832092316,0.012433054209672834,0.021595113124201065,0.021564225728336904,0.0216437935236606,0.00671950655287723,0.0066042084342243495,0.006839172637433831,0.014245634221394365,0.014172331922108442,0.014281322881468564,0.021654956325716887,0.021621365889569977,0.021702046586332794,0.01378031429510345,0.013427395040522367,0.014066549872418552,0.017757323777209157,0.0175822210844612,0.017917808944705092,True,True,False,False,True,recovered_original,True,,723.52
RDF2_full,mult,0.8,3,011,"[40, 41, 42]",True,15,15,15,56,48,45670123456701234567012345670123456701234567012345670123,456701234567012345670123456701234567012345670123,True,True,True,True,1.0,1.0,0.28282267785788584,0.2783670674581066,4.5432210758633005,2.9153889508289126,45670123456701234567012345670123456701234567012345670123,0010011100100111001001110010011100100111001001110010011100100111001001110010011100100111001001110010011100100111,11110000111100001111000011110000111100001111000011110000,"[2.006687627275776e-06, 2.893902715398459e-05, 7.48271485260228e-05]","[1.6053501018206208e-06, 2.315122172318767e-05, 5.9861718820818246e-05]",0,7,7,8,1,FRFRFRFRFRFRFRF,0,15,0.021283557555940046,0.021217546645598915,0.021824812979296688,0.0033790855177075977,0.0033764740777626366,0.003385062269071675,0.012426107954349744,0.012399789809428524,0.012692958320103424,0.021588789296670397,0.021526469015019846,0.0221264390971911,0.00672350651216223,0.006604384072823938,0.0068391477529327754,0.014249721236113235,0.01417512079153518,0.014470233132156158,0.021645612707002347,0.021584227784061532,0.022182467719362258,0.013712482364358548,0.013370204958378611,0.014024251787204933,0.01772062551599967,0.01752453598872631,0.018052163434416516,True,True,False,False,False,recovered_original,True,,728.18
RDF2_full,mult,1.2,5,101,"[40, 41, 42]",True,14,14,14,56,48,67012345670123456701234567012345670123456701234567012345,670123456701234567012345670123456701234567012345,True,True,True,True,1.0,1.0,0.2828227298126712,0.27836858030980993,4.5432242757552785,2.915385697162151,67012345670123456701234567012345670123456701234567012345,0111001001110010011100100111001001110010011100100111001001110010011100100111001001110010011100100111001001110010,11000011110000111100001111000011110000111100001111000011,"[0.1966622045090617, 2.838047539239063, 7.39679306870467]","[0.235994645410874, 3.405657047086876, 8.876151682445604]",0,6,7,7,1,RFRFRFRFRFRFRF,0,14,0.02127690279359174,0.02121634093429042,0.021335514232597212,0.0033796312516402123,0.003378451087551768,0.0033825884061185092,0.012421279893516102,0.012405504382006412,0.012442280610595022,0.021583670201165847,0.021526751350217734,0.021633562077808376,0.006742545769627913,0.006622860865105314,0.006859230526480654,0.014241066898563946,0.01418439317270642,0.014294139282848273,0.021640862051140183,0.02158487307778849,0.021692338276625426,0.013709519927373449,0.013383924046207122,0.01402145136599775,0.017716298578726877,0.017533747104234627,0.017893209126583397,True,True,False,False,False,recovered_original,True,,726.72
Int2_full,mult,0.8,7,111,"[34, 35, 36]",True,15,15,15,56,48,01234567012345670123456701234567012345670123456701234567,012345670123456701234567012345670123456701234567,True,True,True,True,1.0,1.0,0.28282097404548645,0.2783715800285048,4.540687601649779,2.9153889508289126,01234567012345670123456701234567012345670123456701234567,0010011100100111001001110010011100100111001001110010011100100111001001110010011100100111001001110010011100100111,00001111000011110000111100001111000011110000111100001111,"[1.3341045502385736e-07, 3.8342566599541977e-05, 0.00014868979829466084]","[1.0672836401908589e-07, 3.0674053279633585e-05, 0.00011895183863572869]",0,7,8,7,1,RFRFRFRFRFRFRFR,0,15,0.02128933298226255,0.021226117677835478,0.0213306493541798,0.0033792601309327527,0.0033764405562787974,0.0034767733299455217,0.01242652860225926,0.012401798464264098,0.012493396608698807,0.02159551205261915,0.02153591791386258,0.021643489106100002,0.006775328096088931,0.006623522259053889,0.006859210255299511,0.014262138988808563,0.014185496764386202,0.01429413284994402,0.021652553538826752,0.021593882945773125,0.021702108766143875,0.013651459888883772,0.013303048978873662,0.014080871560394042,0.017683411072866525,0.017532620031830263,0.01792686713378989,True,True,False,False,False,recovered_original,True,,554.12
A1_full,mult,0.8,1,001,"[45, 47, 48]",True,14,14,14,56,48,23456701234567012345670123456701234567012345670123456701,234567012345670123456701234567012345670123456701,True,True,True,True,1.0,1.0,0.2828211837057353,0.27837162350356903,4.540690440237398,2.9153856994494163,23456701234567012345670123456701234567012345670123456701,0111001001110010011100100111001001110010011100100111001001110010011100100111001001110010011100100111001001110010,00111100001111000011110000111100001111000011110000111100,"[1.1918669846152727, 0.09932216066855643, 2.3284896659477226]","[0.9534935876922183, 0.07945772853484515, 1.8627917327581782]",0,6,7,7,1,FRFRFRFRFRFRFR,0,14,0.021292150751942622,0.02125773443152556,0.021332453111212776,0.0033789743521406602,0.0033760408910700067,0.003380850845941137,0.012431311749516689,0.012415059832092316,0.012433054221017443,0.021595133694792365,0.021564225728336904,0.021643793531473977,0.006719506557845105,0.0066042084342243495,0.006839172637433831,0.014245634228554375,0.014172331922108442,0.014281322881468564,0.021654978635463513,0.021621365889569977,0.021702046594812,0.01378031429510345,0.0134275000775027,0.014066549893200586,0.017757323777209157,0.017582311483442952,0.01791780896207456,True,True,False,False,True,recovered_original,True,,494.66
A1_full,mult,1.2,3,011,"[45, 47, 48]",True,15,15,15,56,48,45670123456701234567012345670123456701234567012345670123,456701234567012345670123456701234567012345670123,True,True,True,True,1.0,1.0,0.28282267787380516,0.27836706796810584,4.5432210758633005,2.9153889508289126,45670123456701234567012345670123456701234567012345670123,0010011100100111001001110010011100100111001001110010011100100111001001110010011100100111001001110010011100100111,11110000111100001111000011110000111100001111000011110000,"[0.3043031763830903, 0.02537324770753443, 0.5946360690643498]","[0.36516381165970835, 0.030447897249041313, 0.7135632828772198]",0,7,7,8,1,FRFRFRFRFRFRFRF,0,15,0.021283557284666688,0.021217546645598915,0.021823109554785804,0.0033790855177075977,0.0033764740777626366,0.0033850993727462387,0.012426107291857634,0.012399789809428524,0.012692179308798459,0.021588788840425997,0.021526469015019846,0.022123783529525348,0.00672350651216223,0.006604383504829468,0.006839147752821573,0.014249721236113235,0.014175119960378884,0.01446897807382761,0.02164561221282985,0.021584227784061532,0.022179617530468456,0.013712481182988037,0.013370204958378611,0.014024251787204933,0.017720624512613383,0.01752453598872631,0.018050816135000872,True,True,False,False,False,recovered_original,True,,492.91
F1_full,mult,0.8,5,101,"[46, 49, 50]",True,14,14,14,56,48,67012345670123456701234567012345670123456701234567012345,670123456701234567012345670123456701234567012345,True,True,True,True,1.0,1.0,0.28282272956027577,0.2783685722237934,4.543224275755392,2.915385697162151,67012345670123456701234567012345670123456701234567012345,0111001001110010011100100111001001110010011100100111001001110010011100100111001001110010011100100111001001110010,11000011110000111100001111000011110000111100001111000011,"[2.2418328187219205, 0.08220005884941055, 1.9270852080232856]","[1.7934662549775364, 0.06576004707952844, 1.5416681664186287]",0,6,7,7,1,RFRFRFRFRFRFRF,0,14,0.02127690279359174,0.021216341099411222,0.021335514232628895,0.003379631252136856,0.003378451087551768,0.003382593733529465,0.012421279893516102,0.012405504432660017,0.012442280610604692,0.021583670201165847,0.021526751518304486,0.021633562077840608,0.006742545780476461,0.006622860865105314,0.006859230526480654,0.014241066932636276,0.01418439317270642,0.014294139282848273,0.021640862051140183,0.021584873246441486,0.02169233827665776,0.013709519927373449,0.013383924118971796,0.014021451366012514,0.017716298578726877,0.017533747210167618,0.017893209126604286,True,True,False,False,False,recovered_original,True,,490.44
F1_full,mult,1.2,7,111,"[46, 49, 50]",True,15,15,15,56,48,01234567012345670123456701234567012345670123456701234567,012345670123456701234567012345670123456701234567,True,True,True,True,1.0,1.0,0.28282097441082965,0.2783715800307168,4.540687601649779,2.9153889508289126,01234567012345670123456701234567012345670123456701234567,0010011100100111001001110010011100100111001001110010011100100111001001110010011100100111001001110010011100100111,00001111000011110000111100001111000011110000111100001111,"[0.018593443201950284, 0.0006863873739090191, 0.016049125634542197]","[0.02231213184234034, 0.0008236648486908229, 0.019258950761450636]",0,7,8,7,1,RFRFRFRFRFRFRFR,0,15,0.021289332741323257,0.021226117677835478,0.0213306493541798,0.0033792601309324717,0.0033764405562787974,0.003476691176494001,0.012426528528573049,0.012401798464264098,0.012493376424590207,0.021595511807426904,0.02153591791386258,0.021643489106100002,0.006775328096088931,0.006623522228948871,0.006859210255293376,0.014262138988808563,0.014185496666410334,0.014294132849925178,0.021652553292826924,0.021593882945773125,0.021702108766143875,0.013651459888863246,0.013299162114177003,0.014080871560394042,0.017683411072837028,0.01753073412821111,0.01792686713378989,True,True,False,False,False,recovered_original,True,,485.1
S2,add,-0.1,1,001,[44],True,14,14,14,56,48,23456701234567012345670123456701234567012345670123456701,234567012345670123456701234567012345670123456701,True,True,True,True,1.0,1.0,0.2828228336704015,0.2783716413041154,4.540690439030925,2.9153856994494163,23456701234567012345670123456701234567012345670123456701,0111001001110010011100100111001001110010011100100111001001110010011100100111001001110010011100100111001001110010,00111100001111000011110000111100001111000011110000111100,[0.0164164671424923],[0.0],1,6,7,7,1,FRFRFRFRFRFRFR,0,14,0.021291937902727688,0.021228668439979725,0.021332443774781298,0.003378974352140479,0.0033225348664756966,0.003380850845941136,0.012427902502116443,0.012303503627816832,0.012433031135757276,0.021593758867897453,0.021502257008147757,0.02164377763214823,0.006684668133880845,0.006604208434224348,0.006839172637433831,0.014222780946840298,0.01410721314302735,0.014281322881468564,0.021653297189491275,0.02155275144638419,0.021702029340603272,0.0137803142951027,0.013205827450308412,0.01406650760348886,0.01775732377720852,0.017392295922372635,0.017917773616762753,True,True,False,False,True,recovered_original,True,,491.71
S2,add,0.2,3,011,[44],True,15,15,15,56,48,45670123456701234567012345670123456701234567012345670123,456701234567012345670123456701234567012345670123,True,True,True,True,1.0,1.0,0.28282266362145303,0.2783666113765525,4.5432210758633005,2.9153889508289126,45670123456701234567012345670123456701234567012345670123,0010011100100111001001110010011100100111001001110010011100100111001001110010011100100111001001110010011100100111,11110000111100001111000011110000111100001111000011110000,[0.017176161674143868],[0.21717616167414389],0,7,7,8,1,FRFRFRFRFRFRFRF,0,15,0.021283800135326415,0.02121754664559892,0.022817265443072172,0.0033790855177075977,0.0033764740777626383,0.004252618223193279,0.012426700306944842,0.012399789809428527,0.014666307231234575,0.021589197300424922,0.021526469015019853,0.024106097884150118,0.0067559365269313,0.006604891933444578,0.008382087795010512,0.014249721236113235,0.01417586397083452,0.017202344333592436,0.021646054632031547,0.021584227784061535,0.024394471278497712,0.013713538663058914,0.013370204958378616,0.017416972705018918,0.01772152269143992,0.01752453598872632,0.021330944208902632,True,True,False,False,False,recovered_original,True,,494.32
S2,add,-0.2,5,101,[44],True,14,14,14,56,48,67012345670123456701234567012345670123456701234567012345,670123456701234567012345670123456701234567012345,True,True,True,True,1.0,1.0,0.28268933741155455,0.2742457875670351,4.025188411068797,2.915385697162151,67012345670123456701234567012345670123456701234567012345,0111001001110010011100100111001001110010011100100111001001110010011100100111001001110010011100100111001001110010,11000011110000111100001111000011110000111100001111000011,[0.9833704893381378],[0.7833704893381377],0,6,7,7,1,RFRFRFRFRFRFRF,0,14,0.02130780621443064,0.02126646890297185,0.03941381553446018,0.003379892331200187,0.0033784510875699697,0.0036981445103423096,0.012433109308423135,0.012417196642936118,0.01945609979599668,0.021613387320953574,0.021573839970224714,0.042915613137224785,0.006748256984653894,0.006622860865105396,0.014930731417992924,0.014258572347172163,0.014184393172706668,0.027277818905392968,0.021673827164780942,0.02163118487011152,0.04381362014588506,0.013835734900027596,0.013422246075570859,0.04236504793445684,0.017788793193223983,0.017588479623210876,0.04300416615570805,True,True,False,False,False,recovered_original,True,,487.46
S2,flip,,7,111,[44],True,15,15,15,56,48,45670123456701234567012345670123456701234567012345670123,456701234567012345670123456701234567012345670123,True,True,True,True,1.0,1.0,0.2828225251442852,0.2783622286092855,4.322391206115276,2.9153889508289126,45670123456701234567012345670123456701234567012345670123,0010011100100111001001110010011100100111001001110010011100100111001001110010011100100111001001110010011100100111,11110000111100001111000011110000111100001111000011110000,[0.9783822446498289],[0.021617755350171075],0,7,7,8,1,FRFRFRFRFRFRFRF,0,15,0.021257782635053776,0.020575790825449372,0.021321375926567736,0.0033790855177139806,0.0033764740777871903,0.003967173990041488,0.012431921378744246,0.012399789809802777,0.012905091222825278,0.02156427442451004,0.02092948656802391,0.0216333230373155,0.006755936526963624,0.006609098011084828,0.007817330348345971,0.014249721236115473,0.014182326940753076,0.01487362938855045,0.02162141471246178,0.02158422778474915,0.021691732457802048,0.013722272453452155,0.013370204958424779,0.016334122320873563,0.017729255657116423,0.01752453598910161,0.019173790631504223,True,True,False,False,False,legal_mod8_shift,True,,311.11
