point_id,knob,factor,realised_factor,n_A1_gate_effective,certified,certified_definition,counting_sequence,counting_unlabelled_windows,counting_unlabelled_scope,counting_steady_reads,counting_steady_reads_sufficient,counting_mod8_increments,counting_cold_reads,causality_one_gate_and_flip_per_reverse,causality_order_after_reverse_start,causality_directions_alternate,causality_unassigned_gates,causality_unassigned_crossings,causality_crossings,causality_gates,causality_reverse_events,contrast_off_on_ratio,contrast_threshold,contrast_passed,leak_symmetric_median,leak_n_pairs,leak_tail_cut,leak_output_grid,timing_setup_min_h,timing_hold_min_h,timing_min_commitment,timing_gate_peak_median,timing_gate_dose_median,timing_gate_width_median_h,counting_and_causality_passed,counting_and_causality_definition
K_A1|f=0.8,K_A1,0.8,0.8,6.0,True,steady AND one AND order AND alt AND contrast (verify_threebit51.py:107),123456701234567012345670123456701234567012345670,0,over ALL 56 read windows (includes the 8 dropped for the steady verdict),48,True,True,56,True,True,True,0,0,14,14,14,0.0122738570800532,0.1,True,0.0393586679871157,6,5 %,"2 min, 600 h",4.750635428703816,3.595770362305757,1.0,0.2210410776401166,0.136315248857361,1.3999999999999773,True,counting_mod8_increments AND causality_one_gate_and_flip_per_reverse AND causality_order_after_reverse_start AND causality_directions_alternate
K_A1|f=0.9,K_A1,0.9,0.9000000000000001,6.0,True,steady AND one AND order AND alt AND contrast (verify_threebit51.py:107),123456701234567012345670123456701234567012345670,0,over ALL 56 read windows (includes the 8 dropped for the steady verdict),48,True,True,56,True,True,True,0,0,14,14,14,0.0252521974633609,0.1,True,0.0144566582362376,6,5 %,"2 min, 600 h",4.645191334365279,3.707714339548886,1.0,0.2133940649543725,0.1416910995592927,1.5,True,counting_mod8_increments AND causality_one_gate_and_flip_per_reverse AND causality_order_after_reverse_start AND causality_directions_alternate
K_A1|f=0.95,K_A1,0.95,0.95,6.0,True,steady AND one AND order AND alt AND contrast (verify_threebit51.py:107),123456701234567012345670123456701234567012345670,0,over ALL 56 read windows (includes the 8 dropped for the steady verdict),48,True,True,56,True,True,True,0,0,14,14,14,0.0369906606639688,0.1,True,0.0125790450947483,6,5 %,"2 min, 600 h",4.59207719593536,3.763331691983524,1.0,0.2041908782824833,0.141059111449846,1.5333333333333172,True,counting_mod8_increments AND causality_one_gate_and_flip_per_reverse AND causality_order_after_reverse_start AND causality_directions_alternate
K_A1|f=1,K_A1,1.0,1.0,6.0,True,steady AND one AND order AND alt AND contrast (verify_threebit51.py:107),123456701234567012345670123456701234567012345670,0,over ALL 56 read windows (includes the 8 dropped for the steady verdict),48,True,True,56,True,True,True,0,0,14,14,14,0.0545239330724919,0.1,True,0.0142177173563552,6,5 %,"2 min, 600 h",4.539428285816513,3.819403857071791,1.0,0.1925016737569257,0.1390568078438133,1.5999999999999517,True,counting_mod8_increments AND causality_one_gate_and_flip_per_reverse AND causality_order_after_reverse_start AND causality_directions_alternate
K_A1|f=1.05,K_A1,1.05,1.05,6.0,True,steady AND one AND order AND alt AND contrast (verify_threebit51.py:107),123456701234567012345670123456701234567012345670,0,over ALL 56 read windows (includes the 8 dropped for the steady verdict),48,True,True,56,True,True,True,0,0,14,14,14,0.0804658026272366,0.1,True,0.0193392182331239,6,5 %,"2 min, 600 h",4.486713184967982,3.871811698801114,1.0,0.1790622601059011,0.1352447356702054,1.6333333333333258,True,counting_mod8_increments AND causality_one_gate_and_flip_per_reverse AND causality_order_after_reverse_start AND causality_directions_alternate
K_A1|f=1.1,K_A1,1.1,1.1,6.0,False,steady AND one AND order AND alt AND contrast (verify_threebit51.py:107),123456701234567012345670123456701234567012345670,0,over ALL 56 read windows (includes the 8 dropped for the steady verdict),48,True,True,56,True,True,True,0,0,14,14,14,0.1183144453735196,0.1,False,0.0291184204006767,6,5 %,"2 min, 600 h",4.432858734127905,3.923618364213322,1.0,0.164458552961927,0.1306007158376469,1.6999999999999886,True,counting_mod8_increments AND causality_one_gate_and_flip_per_reverse AND causality_order_after_reverse_start AND causality_directions_alternate
K_A1|f=1.2,K_A1,1.2,1.2,6.0,False,steady AND one AND order AND alt AND contrast (verify_threebit51.py:107),123456701234567012345670123456701234567012345670,0,over ALL 56 read windows (includes the 8 dropped for the steady verdict),48,True,True,56,True,True,True,0,0,14,14,14,0.2458320639217786,0.1,False,0.0746862868935119,6,5 %,"2 min, 600 h",4.244891560368103,4.031383908180796,1.0,0.1342110818014082,0.1185016239599482,1.8000000000000045,True,counting_mod8_increments AND causality_one_gate_and_flip_per_reverse AND causality_order_after_reverse_start AND causality_directions_alternate
clock_K|f=0.8,clock_K,0.8,0.8,6.0,True,steady AND one AND order AND alt AND contrast (verify_threebit51.py:107),123456701234567012345670123456701234567012345670,0,over ALL 56 read windows (includes the 8 dropped for the steady verdict),48,True,True,56,True,True,True,0,0,14,14,14,0.0514287985069635,0.1,True,0.0190238506888402,6,5 %,"2 min, 600 h",4.590321263357424,3.764729687593558,1.0,0.2286710663678578,0.166883337671493,1.6666666666666572,True,counting_mod8_increments AND causality_one_gate_and_flip_per_reverse AND causality_order_after_reverse_start AND causality_directions_alternate
clock_K|f=0.9,clock_K,0.9,0.9000000000000001,6.0,True,steady AND one AND order AND alt AND contrast (verify_threebit51.py:107),123456701234567012345670123456701234567012345670,0,over ALL 56 read windows (includes the 8 dropped for the steady verdict),48,True,True,56,True,True,True,0,0,14,14,14,0.0529806047539304,0.1,True,0.0164059757475,6,5 %,"2 min, 600 h",4.56481696284925,3.79209943647146,1.0,0.2100262753533344,0.1524580777807889,1.6333333333333258,True,counting_mod8_increments AND causality_one_gate_and_flip_per_reverse AND causality_order_after_reverse_start AND causality_directions_alternate
clock_K|f=0.95,clock_K,0.95,0.95,6.0,True,steady AND one AND order AND alt AND contrast (verify_threebit51.py:107),123456701234567012345670123456701234567012345670,0,over ALL 56 read windows (includes the 8 dropped for the steady verdict),48,True,True,56,True,True,True,0,0,14,14,14,0.0537603406306144,0.1,True,0.0152618058809505,6,5 %,"2 min, 600 h",4.55195872537908,3.805757130047766,1.0,0.2010910425555565,0.1454459135391209,1.6000000000000156,True,counting_mod8_increments AND causality_one_gate_and_flip_per_reverse AND causality_order_after_reverse_start AND causality_directions_alternate
clock_K|f=1,clock_K,1.0,1.0,6.0,True,steady AND one AND order AND alt AND contrast (verify_threebit51.py:107),123456701234567012345670123456701234567012345670,0,over ALL 56 read windows (includes the 8 dropped for the steady verdict),48,True,True,56,True,True,True,0,0,14,14,14,0.0545239330724919,0.1,True,0.0142177173563552,6,5 %,"2 min, 600 h",4.539428285816513,3.819403857071791,1.0,0.1925016737569257,0.1390568078438133,1.5999999999999517,True,counting_mod8_increments AND causality_one_gate_and_flip_per_reverse AND causality_order_after_reverse_start AND causality_directions_alternate
clock_K|f=1.05,clock_K,1.05,1.05,6.0,True,steady AND one AND order AND alt AND contrast (verify_threebit51.py:107),123456701234567012345670123456701234567012345670,0,over ALL 56 read windows (includes the 8 dropped for the steady verdict),48,True,True,56,True,True,True,0,0,14,14,14,0.0552821699124627,0.1,True,0.0132496995387456,6,5 %,"2 min, 600 h",4.526870227425434,3.832883159858284,1.0,0.1842223118445728,0.1325907444259366,1.5666666666666629,True,counting_mod8_increments AND causality_one_gate_and_flip_per_reverse AND causality_order_after_reverse_start AND causality_directions_alternate
clock_K|f=1.1,clock_K,1.1,1.1,6.0,True,steady AND one AND order AND alt AND contrast (verify_threebit51.py:107),123456701234567012345670123456701234567012345670,0,over ALL 56 read windows (includes the 8 dropped for the steady verdict),48,True,True,56,True,True,True,0,0,14,14,14,0.056025243934842,0.1,True,0.0123172848822535,6,5 %,"2 min, 600 h",4.514388149124841,3.845458656649459,1.0,0.1762876215503593,0.1267505816948799,1.5333333333333314,True,counting_mod8_increments AND causality_one_gate_and_flip_per_reverse AND causality_order_after_reverse_start AND causality_directions_alternate
clock_K|f=1.2,clock_K,1.2,1.2,6.0,True,steady AND one AND order AND alt AND contrast (verify_threebit51.py:107),123456701234567012345670123456701234567012345670,0,over ALL 56 read windows (includes the 8 dropped for the steady verdict),48,True,True,56,True,True,True,0,0,14,14,14,0.0574690132713013,0.1,True,0.0106985478637853,6,5 %,"2 min, 600 h",4.489848795014808,3.869440015692266,1.0,0.1614254665455965,0.1151847462306397,1.5,True,counting_mod8_increments AND causality_one_gate_and_flip_per_reverse AND causality_order_after_reverse_start AND causality_directions_alternate
conc_scale|f=0.8,conc_scale,0.8,0.8,6.0,False,steady AND one AND order AND alt AND contrast (verify_threebit51.py:107),123456701234567012345670123456701234567012345670,0,over ALL 56 read windows (includes the 8 dropped for the steady verdict),48,True,True,56,False,False,False,0,0,14,14,28,0.010211773711267,0.1,True,0.0153420829431304,6,5 %,"2 min, 600 h",5.274183092515528,3.09144975329491,1.0,0.1098735587277194,0.0680626544060173,1.2333333333333272,False,counting_mod8_increments AND causality_one_gate_and_flip_per_reverse AND causality_order_after_reverse_start AND causality_directions_alternate
conc_scale|f=0.9,conc_scale,0.9,0.9,6.0,False,steady AND one AND order AND alt AND contrast (verify_threebit51.py:107),123456x456x4563456345634563xx63xxxxxxxxxxxxxxxxx,21,over ALL 56 read windows (includes the 8 dropped for the steady verdict),48,True,False,56,False,False,False,0,12,17,9,19,0.3834259952170906,0.1,False,0.1383878027069801,3,5 %,"2 min, 600 h",1.1354113198228788,3.435816786505569,0.0,0.0509593585984379,0.0540251395042261,1.5666666666666629,False,counting_mod8_increments AND causality_one_gate_and_flip_per_reverse AND causality_order_after_reverse_start AND causality_directions_alternate
conc_scale|f=0.95,conc_scale,0.95,0.95,6.0,True,steady AND one AND order AND alt AND contrast (verify_threebit51.py:107),123456701234567012345670123456701234567012345670,0,over ALL 56 read windows (includes the 8 dropped for the steady verdict),48,True,True,56,True,True,True,0,0,14,14,14,0.044260272403531,0.1,True,0.0560532158667143,6,5 %,"2 min, 600 h",4.628514867394728,3.682276790970516,1.0,0.1671584469087346,0.1245348895027538,1.5999999999999943,True,counting_mod8_increments AND causality_one_gate_and_flip_per_reverse AND causality_order_after_reverse_start AND causality_directions_alternate
conc_scale|f=1,conc_scale,1.0,1.0,6.0,True,steady AND one AND order AND alt AND contrast (verify_threebit51.py:107),123456701234567012345670123456701234567012345670,0,over ALL 56 read windows (includes the 8 dropped for the steady verdict),48,True,True,56,True,True,True,0,0,14,14,14,0.0545239330724919,0.1,True,0.0142177173563552,6,5 %,"2 min, 600 h",4.539428285816513,3.819403857071791,1.0,0.1925016737569257,0.1390568078438133,1.5999999999999517,True,counting_mod8_increments AND causality_one_gate_and_flip_per_reverse AND causality_order_after_reverse_start AND causality_directions_alternate
conc_scale|f=1.05,conc_scale,1.05,1.05,6.0,False,steady AND one AND order AND alt AND contrast (verify_threebit51.py:107),123456701234567012345670123456701234567012345670,0,over ALL 56 read windows (includes the 8 dropped for the steady verdict),48,True,True,56,True,True,True,0,0,14,14,14,0.1070975966286679,0.1,False,0.0106912074468994,6,5 %,"2 min, 600 h",4.437139431341855,3.9104523961694895,1.0,0.2109587466307803,0.1487801018559497,1.5666666666666629,True,counting_mod8_increments AND causality_one_gate_and_flip_per_reverse AND causality_order_after_reverse_start AND causality_directions_alternate
conc_scale|f=1.1,conc_scale,1.1,1.1,6.0,False,steady AND one AND order AND alt AND contrast (verify_threebit51.py:107),701234567012345670123456701234567012345670123456,2,over ALL 56 read windows (includes the 8 dropped for the steady verdict),48,True,True,56,True,True,True,0,0,13,13,13,0.1540612391079759,0.1,False,0.0097851438610016,6,5 %,"2 min, 600 h",4.307028111250226,4.03138377293908,1.0,0.2254939647426136,0.1566976083539239,1.53333333333336,True,counting_mod8_increments AND causality_one_gate_and_flip_per_reverse AND causality_order_after_reverse_start AND causality_directions_alternate
conc_scale|f=1.2,conc_scale,1.2,1.2,6.0,False,steady AND one AND order AND alt AND contrast (verify_threebit51.py:107),x456x456x456x456x456x456x456x456x456x456x456x456,12,over ALL 56 read windows (includes the 8 dropped for the steady verdict),48,True,False,56,False,False,False,0,25,26,13,13,0.0197727638273993,0.1,True,,0,5 %,"2 min, 600 h",0.4570754396404197,4.179364515873203,0.0,0.1487992263001133,0.1206884459131145,1.76666666666668,False,counting_mod8_increments AND causality_one_gate_and_flip_per_reverse AND causality_order_after_reverse_start AND causality_directions_alternate
