index,trough_h,decoded_bit0,S_at_read,S_window_min,S_window_max,flux_peak_uM_h,flux_trough_uM_h,flux_dose_uM,forward_dose,reverse_dose,flip_time_h,period_h
0,7.066666666666666,1,0.9718310908653636,0.9713630355388366,0.9721856928160448,6.519466801090878,0.03596853651738,22.59782029955151,0.5889056799775727,0.9554824797574732,11.233333333333333,
1,17.633333333333333,0,0.075902950431464,0.0753856652425259,0.0760046493399848,6.63722061080118,0.0359678486484982,22.469462336604565,0.787153334288716,0.1528021860865978,22.433333333333334,10.566666666666666
2,28.23333333333333,1,0.9800405031013596,0.9784168876183555,0.9829046585123324,6.63920069671043,0.0359678381491077,22.468001412830336,0.3111449591139093,0.9707905248751688,32.36666666666667,10.599999999999998
3,38.833333333333336,0,0.0749043776122007,0.074407036724527,0.0750043178707083,6.639087140984782,0.0359678377730364,22.467740866361318,0.7931553656768643,0.14845611939307277,43.63333333333333,10.600000000000005
4,49.43333333333333,1,0.9800442205372644,0.9784396793536732,0.9828778837700048,6.639236636517134,0.0359678420589486,22.467494891578276,0.30511730581610386,0.9723763230308168,53.56666666666666,10.599999999999994
5,60.0,0,0.0748941837727327,0.0743814116304484,0.0749955218330948,6.639268000385731,0.0359678410630402,22.46817291406329,0.787441024557552,0.14964999513281999,64.8,10.56666666666667
6,70.6,1,0.980075750476578,0.9784580663293172,0.9829242411103888,6.639179680029884,0.0359678375481318,22.467919221564323,0.31056916301271487,0.9710240693529973,74.73333333333333,10.599999999999994
7,81.2,0,0.0748969222998172,0.0744021173445518,0.0749966331860524,6.6391418884717455,0.0359678385178841,22.90332437799703,0.8076825189235908,0.15089387595072132,86.0,10.600000000000009
8,91.8,1,0.9800393553239838,0.9784370154731564,0.9828703899246368,6.639257708662505,0.0359678441576999,22.903362428773058,0.3174885208745679,0.9753354614045167,95.93333333333334,10.599999999999994
9,102.36666666666666,0,0.0748945278711877,0.0743843664721147,0.0749956295320053,6.639255056886987,0.0359678396118343,22.68587844276331,0.7891109184987563,0.15218606885950495,107.16666666666669,10.566666666666663
10,112.96666666666668,1,0.98007052833015,0.9784550552443044,0.9829165575406208,6.639132230549009,0.0359678373596547,22.903296762373373,0.32305364750260906,0.9740994868393664,117.1,10.600000000000023
11,123.56666666666666,0,0.0748973157125814,0.0744050186054663,0.0749967994278548,6.639186964285263,0.0359678396441384,22.685660099213674,0.7957664297796714,0.15068326823110556,128.36666666666667,10.59999999999998
12,134.13333333333333,1,0.9801020115899536,0.978473174530146,0.9829626408250912,6.639269112324647,0.035967843899098,22.685958274386685,0.32800326968934873,0.9698556463192624,138.26666666666665,10.566666666666663
13,144.73333333333332,0,0.0748949304214602,0.0743873647328917,0.0749957970296146,6.639232307089261,0.035967838516191,22.68584678971863,0.7900672818462436,0.15196725909938053,149.53333333333333,10.599999999999994
14,155.33333333333334,1,0.980065312456332,0.9784520437993346,0.9829088700861616,6.639074831749461,0.0359678375413245,22.685346960551307,0.3094474844751483,0.9743086387394786,159.46666666666667,10.600000000000023
15,165.93333333333334,0,0.0748977081647091,0.0744079045436347,0.0749969659964497,6.639222469522798,0.0359678411558879,22.685246444155744,0.8087908658570669,0.1478696001387933,170.7,10.599999999999994
16,176.5,1,0.9800967438474664,0.9784701496644092,0.9829549682938088,6.639270809352609,0.0359678419218643,22.468209565861944,0.3142425048541005,0.9700923355198666,180.63333333333333,10.566666666666663
17,187.1,0,0.0748953315073874,0.0743903466870234,0.0749959643950044,6.639199710565952,0.0359678377801999,22.685815291989133,0.7910217379913211,0.15174985793515747,191.9,10.599999999999994
18,197.7,1,0.9800601051863757,0.9784490345513228,0.9829011803485518,6.639115738791749,0.0359678380974463,22.685706255502776,0.3204864136226858,0.9717067564945053,201.83333333333331,10.599999999999994
19,208.3,0,0.074898099206933,0.0744107747893766,0.0749971324352179,6.639248365723682,0.035967843057661,22.685218087210075,0.809706136859575,0.14767779767052483,213.06666666666663,10.600000000000023
20,218.86666666666667,1,0.9800914847751948,0.9784671270631168,0.9829472931304396,6.639262760143018,0.0359678402941685,22.685493923945423,0.3140122902240762,0.9732488418841555,223.0,10.566666666666663
21,229.46666666666667,0,0.0748957311338932,0.0743933124205541,0.0749961316255282,6.639157226544795,0.0359678374080116,22.685390642985553,0.8041833818889852,0.14884661700232374,234.26666666666665,10.599999999999994
22,240.06666666666663,1,0.98005490650903,0.9784460274893088,0.9828934883860666,6.639165591634581,0.0359678390323887,22.685675458608532,0.319555765350652,0.9719313322415656,244.2,10.599999999999966
23,250.63333333333333,0,0.0748933107957075,0.074375269025313,0.0749951259886943,6.639264614103867,0.0359678450190356,22.68556888093464,0.7985893029730566,0.15005957552184215,255.4333333333333,10.566666666666691
24,261.2333333333333,1,0.9800862343623634,0.9784641067149696,0.982939615393114,6.639244924761376,0.0359678390200103,22.90326314144533,0.32586339860670116,0.9734635251912809,265.3666666666667,10.599999999999966
25,271.8333333333333,0,0.0748961293093448,0.0743962620225756,0.0749962987220284,6.639104813914547,0.0359678374038382,22.903302305946937,0.8058320732896341,0.15131929012711817,276.6333333333333,10.600000000000023
26,282.43333333333334,1,0.9800497164128088,0.978443022602212,0.9828857942568984,6.639205893035129,0.0359678403505834,22.903340762607968,0.31933642663639916,0.9749284678913089,286.56666666666666,10.600000000000023
27,293.0,0,0.0748937178059137,0.0743783167827406,0.0749952939022484,6.6392711755529135,0.0359678428682944,22.903234732791752,0.8002356989077363,0.15262830749651504,297.8,10.566666666666663
28,303.6,1,0.9800809925980905,0.9784610886087016,0.982931935139974,6.639217262939584,0.0359678381034493,22.903274401336496,0.3249252542110295,0.9736767770739669,307.7333333333333,10.600000000000023
29,314.2,0,0.0748965260420905,0.0743991955817731,0.0749964656853747,6.639087204695654,0.0359678377719538,22.903313363905454,0.8067577010773308,0.15110603836210004,319.0,10.599999999999966
30,324.8,1,0.9800445348861272,0.9784400198789828,0.9828780980192392,6.639236604694233,0.0359678420565265,22.90335161786691,0.31841206643329334,0.9751324722576438,328.93333333333334,10.600000000000023
31,335.3666666666667,0,0.0748941233226927,0.0743813479586523,0.0749954616774992,6.639268010632538,0.0359678410651111,22.903246136485947,0.8011731388231189,0.1524066400913524,340.1666666666667,10.566666666666663
32,345.96666666666664,1,0.9800757594713916,0.9784580727330756,0.982924252429174,6.63917973407414,0.0359678375486055,22.903285603618706,0.3239890646787365,0.9738886711327456,350.1,10.599999999999966
33,356.56666666666666,0,0.0748969213403608,0.0744021131863275,0.0749966325163636,6.639141825049073,0.0359678385166949,22.903324364040166,0.8076813448021489,0.15089414442147642,361.3666666666667,10.600000000000023
34,367.1666666666667,1,0.980039361917306,0.978437019308606,0.9828703997312817,6.639257687989938,0.0359678441547788,22.903362415073754,0.31748969317864867,0.9753352043032665,371.3,10.600000000000023
35,377.73333333333335,0,0.0748945273546458,0.0743843626439395,0.0749956293153385,6.639255079574264,0.0359678396134555,22.685479073043197,0.801394603531022,0.14944755016460298,382.5333333333333,10.566666666666663
36,388.3333333333333,1,0.980070534971183,0.9784550590768896,0.9829165673188834,6.639132297223927,0.0359678373596602,22.903296748232602,0.32305483474137403,0.9740992198398513,392.4666666666666,10.599999999999966
37,398.9333333333333,0,0.0748973152123924,0.074405014924041,0.0749967992158436,6.639186913013513,0.0359678396424617,22.685660138193533,0.7957652290244285,0.1506835352307377,403.73333333333335,10.599999999999966
38,409.5,1,0.9801020182968788,0.9784731783796996,0.9829626505840576,6.639269103975357,0.0359678439018343,22.90322900212405,0.3286907150351077,0.9728152190961905,413.6333333333333,10.56666666666672
39,420.1,0,0.0748949299102823,0.0743873609290077,0.0749957968166128,6.639232342277299,0.0359678385173572,22.903268771425843,0.8030421437503971,0.1519675958720527,424.9,10.600000000000023
40,430.7,1,0.980065319086276,0.978452047628968,0.9829088798672764,6.639074911107845,0.0359678375408564,22.903307835116387,0.32212256908067044,0.9743084355802106,434.8333333333333,10.599999999999966
41,441.3,0,0.0748977076663451,0.0744079008822541,0.0749969657846304,6.639222430450671,0.035967841153718,22.903346190584916,0.809522662592375,0.1504743802118282,446.06666666666666,10.600000000000023
42,451.8666666666667,1,0.980096750543354,0.9784701535110736,0.9829549780561604,6.639270813376779,0.0359678419241584,22.903240434565134,0.32774673247234515,0.9730326219472439,456.0,10.566666666666663
43,462.4666666666666,0,0.0748953309980717,0.0743903429038318,0.074995964182175,6.639199758306396,0.035967837780906,22.685815331960484,0.7910205249867391,0.15175013361424614,467.26666666666665,10.599999999999909
44,473.06666666666666,1,0.9800601118053812,0.9784490383781684,0.9829011901325336,6.639115669304055,0.0359678380964991,22.903318864208284,0.3211922723286691,0.9745163306519407,477.2,10.60000000000008
45,483.6666666666667,0,0.074898098710358,0.0744107711479047,0.0749971322235637,6.639248338900353,0.0359678430549919,22.903357016862763,0.8104403280446055,0.15026648525976566,488.4333333333333,10.600000000000023
46,494.23333333333335,1,0.9800914914600588,0.9784671309069072,0.9829473028961024,6.639262776591231,0.0359678402960154,22.68549396182953,0.3140134577412095,0.9732485679729981,498.3666666666667,10.566666666666663
47,504.8333333333333,0,0.0748957306264289,0.074393308657941,0.0749961314128699,6.639157286889738,0.0359678374082522,22.903291176049233,0.8049032845465381,0.15153418618779618,509.6333333333333,10.599999999999966
48,515.4333333333333,1,0.9800549131171116,0.9784460313133804,0.9828934981728418,6.639165534273578,0.0359678390309568,22.6856754976882,0.3195569480294294,0.9719310474767004,519.5666666666666,10.599999999999966
49,526.0,0,0.074893310276972,0.0743752651374869,0.0749951257749938,6.6392645995788575,0.0359678450219914,22.903223257073872,0.7992951106803731,0.15285170729448289,530.8,10.56666666666672
50,536.6,1,0.9800862410362176,0.9784641105559008,0.9829396251620146,6.639244953684644,0.0359678390214049,22.685464261344755,0.31309671075141843,0.9734631917705168,540.7333333333333,10.600000000000023
51,547.2,0,0.0748961288037215,0.0743962582804282,0.0749962985095403,6.639104886916505,0.0359678374036079,22.685361531159195,0.8051074486153939,0.1486491086302771,552.0,10.600000000000023
52,557.8,1,0.9800497230099816,0.9784430264235244,0.9828858040463928,6.6392058478493245,0.0359678403486611,22.685644856733767,0.3186282699672456,0.9721541642590317,561.9333333333333,10.599999999999909
53,568.3666666666667,0,0.0748937172890831,0.0743783129160663,0.0749952936887239,6.63927117337618,0.0359678428708106,22.685538826219855,0.7995251712280602,0.14985454712029403,573.1666666666666,10.56666666666672
54,578.9666666666667,1,0.9800809992609496,0.9784610924467882,0.9829319449120374,6.639217304389359,0.0359678381043864,22.685434718171244,0.3121819667696102,0.9736764451672091,583.1,10.600000000000023
55,589.5666666666666,0,0.0748965255382971,0.0743991918599783,0.0749964654730553,6.63908712915501,0.0359678377712472,22.685721771519198,0.7938724053757439,0.15110624861898353,594.3666666666667,10.599999999999909
