"S0_dwell_high","S0_dwell_low","S0_max","S0_min","add_growth","archived_rule_codes","archived_rule_confident_fraction","archived_rule_dynamic_range","archived_rule_stable","clock_period_h","cold_start_min_commitment","cold_start_passed","cold_start_sequence","complex_off_h","complex_on_au_inv_h","error","maturation_half_life_min","runtime_s","solver","steady_reads","steady_state_median_commitment","steady_state_min_commitment","steady_state_passed","steady_state_sequence","uM_per_au","unlabelled_windows","windows"
"0.8780824161920231","0.15452699329405256","0.9779873498522204","0.0","True","xxxxxxxxxxxxxxxxxxxxxxxxxx","0.0","0.5996074967412435","False","10.599999999999994","0.0","False","0x0x0x0x0x0x0x0x0x0x0x0x0x0x","1.0","0.1","","14.0","17.72","True","24","0.5","0.0","False","0x0x0x0x0x0x0x0x0x0x0x0x","0.8","14","28"
"0.8866815106920494","0.13101541041938117","0.9752348580187223","0.0","True","xxxxxxxxxxxxxxxxxxxxxxxxxx","0.0","0.670546600137075","False","10.599999999999994","0.0","False","x101010101010101010101010101","3.0","0.1","","14.0","17.88","True","24","1.0","1.0","True","010101010101010101010101","0.8","1","28"
"0.844950551787935","0.10979482393738431","0.9713210470704593","0.0","True","xxxxxxxxxxxxxxxxxxxxxxxxxx","0.0","0.6909139214605289","False","10.599999999999994","0.0","False","xxx1x10101010101010101010101","10.0","0.1","","14.0","17.73","True","24","1.0","0.0","False","x10101010101010101010101","0.8","4","28"
"0.8096535593933518","0.11254626519215782","0.968818552216455","0.0","True","xxxxxxxxxxxxxxxxxxxxxxxxxx","0.0","0.640455985405108","False","10.599999999999994","0.0","False","xxxx1x1x1x1x1x1x1x1x1x1x1x1x","30.0","0.1","","14.0","17.85","True","24","0.5","0.0","False","1x1x1x1x1x1x1x1x1x1x1x1x","0.8","16","28"
"0.902776788008681","0.16304274744066014","0.9789775558571543","0.0","True","xxxxxxxxxxxxxxxxxxxxxxxxxx","0.0","0.6109318268936386","False","10.599999999999994","0.0","False","xx0x0x0x0x0x0x0x0x0x0x0x0x0x","1.0","0.3","","14.0","17.69","True","24","0.5","0.0","False","0x0x0x0x0x0x0x0x0x0x0x0x","0.8","15","28"
"0.8951539895567648","0.13796316131117536","0.9760240825046486","0.0","True","xxxxxxxxxxxxxxxxxxxxxxxxxx","0.0","0.6679692958533463","False","10.599999999999994","0.0","False","x101010101010101010101010101","3.0","0.3","","14.0","17.8","True","24","1.0","1.0","True","010101010101010101010101","0.8","1","28"
"0.8494669484035251","0.1134162766640741","0.9718774091073407","0.0","True","xxxxxxxxxxxxxxxxxxxxxxxxxx","0.0","0.6873658597879929","False","10.599999999999994","0.0","False","xxx1x10101010101010101010101","10.0","0.3","","14.0","17.78","True","24","1.0","0.0","False","x10101010101010101010101","0.8","4","28"
"0.8121341225925061","0.1141200963140532","0.9690825309217718","0.0","True","xxxxxxxxxxxxxxxxxxxxxxxxxx","0.0","0.642030326656043","False","10.599999999999994","0.0","False","xxxx1x1x1x1x1x1x1x1x1x1x1x1x","30.0","0.3","","14.0","17.75","True","24","0.5","0.0","False","1x1x1x1x1x1x1x1x1x1x1x1x","0.8","16","28"
"0.9272732089981544","0.20713420863542145","0.9817809939099686","0.0","True","xxxxxxxxxxxxxxxxxxxxxxxxxx","0.0","0.6226381117979773","False","10.599999999999994","0.0","False","x101010101010101010101010101","1.0","1.0","","14.0","18.63","True","24","1.0","1.0","True","010101010101010101010101","0.8","1","28"
"0.9102150888764234","0.1659594358192663","0.9785917453543547","0.0","True","xxxxxxxxxxxxxxxxxxxxxxxxxx","0.0","0.6448205829307547","False","10.599999999999994","0.0","False","x101010101010101010101010101","3.0","1.0","","14.0","19.26","True","24","1.0","1.0","True","010101010101010101010101","0.8","1","28"
"0.8630694909010274","0.12610122696109327","0.9736175668796869","0.0","True","xxxxxxxxxxxxxxxxxxxxxxxxxx","0.0","0.6746697348242261","False","10.599999999999994","0.0","False","xxx1010101010101010101010101","10.0","1.0","","14.0","19.27","True","24","1.0","1.0","True","010101010101010101010101","0.8","3","28"
"0.8201736626943957","0.1200517504028279","0.9699592177787989","0.0","True","xxxxxxxxxxxxxxxxxxxxxxxxxx","0.0","0.6461347583287571","False","10.599999999999994","0.0","False","xxxx1x1x1x1x1x1x1x1x1x1x1x1x","30.0","1.0","","14.0","19.7","True","24","0.5","0.0","False","1x1x1x1x1x1x1x1x1x1x1x1x","0.8","16","28"
"0.9255193633837724","0.3152352056472828","0.9870632759653677","0.0","True","xxxxxxxxxxxxxxxxxxxxxxxxxx","0.0","0.5215112242338824","False","10.599999999999994","0.0","False","xxx1x1x1x1x1x1x1x1x1x1x1x1x1","1.0","3.0","","14.0","18.78","True","24","0.5","0.0","False","x1x1x1x1x1x1x1x1x1x1x1x1","0.8","15","28"
"0.9219543851704047","0.25354104978186937","0.9836684358077956","0.0","True","xxxxxxxxxxxxxxxxxxxxxxxxxx","0.0","0.5827868559305487","False","10.599999999999994","0.0","False","x101010101010101010101010101","3.0","3.0","","14.0","19.36","True","24","1.0","1.0","True","010101010101010101010101","0.8","1","28"
"0.8863471989343772","0.16146664956012266","0.9776149954335352","0.0","True","xxxxxxxxxxxxxxxxxxxxxxxxxx","0.0","0.6359092072631541","False","10.599999999999994","0.0","False","xxx1010101010101010101010101","10.0","3.0","","14.0","18.48","True","24","1.0","1.0","True","010101010101010101010101","0.8","3","28"
"0.8374962062208658","0.1325525145357822","0.972117684510247","0.0","True","xxxxxxxxxxxxxxxxxxxxxxxxxx","0.0","0.6524575910909451","False","10.599999999999994","0.0","False","xxxxxx1x1x1x1x1x1x1x1x1x1x1x","30.0","3.0","","14.0","19.41","True","24","0.0","0.0","False","xx1x1x1x1x1x1x1x1x1x1x1x","0.8","17","28"
"0.8569315074814449","0.1639242637556356","0.9675609434584873","0.0","True","xxxxxxxxxxxxxxxxxxxxxxxxxx","0.0","0.5759392802674084","False","10.599999999999994","0.0","False","0xxx0x0x0x0x0x0x0x0x0x0x0x0x","1.0","0.1","","10.0","19.14","True","24","0.5","0.0","False","0x0x0x0x0x0x0x0x0x0x0x0x","1.0","15","28"
"0.8707523806246251","0.1513716990030123","0.9642318820986224","0.0","True","xxxxxxxxxxxxxxxxxxxxxxxxxx","0.0","0.6440227356779005","False","10.599999999999994","0.0","False","x101010101010101010101010101","3.0","0.1","","10.0","19.13","True","24","1.0","1.0","True","010101010101010101010101","1.0","1","28"
"0.826703320321476","0.13120772528013877","0.9595287337528515","0.0","True","xxxxxxxxxxxxxxxxxxxxxxxxxx","0.0","0.6551568520445726","False","10.599999999999994","0.0","False","xxxxx10101010101010101010101","10.0","0.1","","10.0","19.04","True","24","1.0","0.0","False","x10101010101010101010101","1.0","5","28"
"0.7902175794339894","0.14092124994121225","0.9565235388120018","0.0","True","xxxxxxxxxxxxxxxxxxxxxxxxxx","0.0","0.6050298623968506","False","10.599999999999994","0.0","False","xxxxxx1x1x1x1x1x1x1x1x1x1x1x","30.0","0.1","","10.0","19.1","True","24","0.0","0.0","False","xx1x1x1x1x1x1x1x1x1x1x1x","1.0","17","28"
"0.8782778842429139","0.17311177527194466","0.9687169461441274","0.0","True","xxxxxxxxxxxxxxxxxxxxxxxxxx","0.0","0.5887276952229403","False","10.599999999999994","0.0","False","xx0x0x0x0x0x0x0x0x0x0x0x0x0x","1.0","0.3","","10.0","19.3","True","24","0.5","0.0","False","0x0x0x0x0x0x0x0x0x0x0x0x","1.0","15","28"
"0.8759204142190241","0.15948882892226415","0.9651435424288429","0.0","True","xxxxxxxxxxxxxxxxxxxxxxxxxx","0.0","0.6402247602076421","False","10.599999999999994","0.0","False","x101010101010101010101010101","3.0","0.3","","10.0","19.12","True","24","1.0","1.0","True","010101010101010101010101","1.0","1","28"
"0.8295964776065021","0.13525085802287892","0.9601582474600607","0.0","True","xxxxxxxxxxxxxxxxxxxxxxxxxx","0.0","0.6513047888935881","False","10.599999999999994","0.0","False","xxxxx10101010101010101010101","10.0","0.3","","10.0","19.06","True","24","1.0","0.0","False","x10101010101010101010101","1.0","5","28"
"0.7916502088533451","0.14246596549524376","0.956820175259446","0.0","True","xxxxxxxxxxxxxxxxxxxxxxxxxx","0.0","0.6057288997167576","False","10.599999999999994","0.0","False","xxxxxx1x1x1x1x1x1x1x1x1x1x1x","30.0","0.3","","10.0","19.1","True","24","0.0","0.0","False","xx1x1x1x1x1x1x1x1x1x1x1x","1.0","17","28"
"0.9009560649336766","0.21646486870572168","0.972062337499051","0.0","True","xxxxxxxxxxxxxxxxxxxxxxxxxx","0.0","0.5923761014643714","False","10.599999999999994","0.0","False","x101010101010101010101010101","1.0","1.0","","10.0","19.46","True","24","1.0","1.0","True","010101010101010101010101","1.0","1","28"
"0.8857414644877684","0.18818023413827278","0.9681589091564086","0.0","True","xxxxxxxxxxxxxxxxxxxxxxxxxx","0.0","0.6141800511753889","False","10.599999999999994","0.0","False","x101010101010101010101010101","3.0","1.0","","10.0","19.56","True","24","1.0","1.0","True","010101010101010101010101","1.0","1","28"
"0.8383798722540433","0.14947731156963587","0.9621600493632172","0.0","True","xxxxxxxxxxxxxxxxxxxxxxxxxx","0.0","0.6376343947997549","False","10.599999999999994","0.0","False","xxxxx10101010101010101010101","10.0","1.0","","10.0","19.72","True","24","1.0","0.0","False","x10101010101010101010101","1.0","5","28"
"0.7964146407351657","0.1472457418205183","0.9578128208618362","0.0","True","xxxxxxxxxxxxxxxxxxxxxxxxxx","0.0","0.6078662476945509","False","10.599999999999994","0.0","False","xxxxxx1x1x1x1x1x1x1x1x1x1x1x","30.0","1.0","","10.0","19.7","True","24","0.0","0.0","False","xx1x1x1x1x1x1x1x1x1x1x1x","1.0","17","28"
"0.8928790956797961","0.3368999793001766","0.978877933734631","0.0","True","xxxxxxxxxxxxxxxxxxxxxxxxxx","0.0","0.4753757525380975","False","10.599999999999994","0.0","False","xxxxxxxxxxxxxxxxxxxxxxxxxxxx","1.0","3.0","","10.0","19.72","True","24","0.0","0.0","False","xxxxxxxxxxxxxxxxxxxxxxxx","1.0","28","28"
"0.8924490720165275","0.2706981016222793","0.9744784288791888","0.0","True","xxxxxxxxxxxxxxxxxxxxxxxxxx","0.0","0.5385983035452389","False","10.599999999999994","0.0","False","x1x1010101010101010101010101","3.0","3.0","","10.0","19.55","True","24","1.0","1.0","True","010101010101010101010101","1.0","2","28"
"0.8565752821245081","0.1893050633297092","0.9668711196174867","0.0","True","xxxxxxxxxxxxxxxxxxxxxxxxxx","0.0","0.596521753070339","False","10.599999999999994","0.0","False","xxx1010101010101010101010101","10.0","3.0","","10.0","19.51","True","24","1.0","1.0","True","010101010101010101010101","1.0","3","28"
"0.8081615019290369","0.1651546388329777","0.9603084587039682","0.0","True","xxxxxxxxxxxxxxxxxxxxxxxxxx","0.0","0.6101468714638802","False","10.599999999999994","0.0","False","xxxxxx1x1x1x1x1x1x1x1x1x1x1x","30.0","3.0","","10.0","20.0","True","24","0.0","0.0","False","xx1x1x1x1x1x1x1x1x1x1x1x","1.0","17","28"
