label,tier,kind,target,value,n_A1_gate,uM_fold,certified,steady_reads,increments_mod8,sequence,minimum_commitment,boundary_clips,margin_h,margin_S1_h,margin_S2_h,clock_peak_count,clock_min,clock_max,g1_min,g1_max,int0_min,int0_max,g0_min,g0_max,s0_rev,s0_gate,s0_flip,s1_rev,s1_gate,s1_flip,max_abs_gap_vs_baseline,runtime_s,error
BASELINE,,,,,,,True,19,True,1234567012345670123,1.0,0,1.178460901856866,1.301442822565761,2.2212344636680115,28,0.0,0.7697220274528427,0.0,0.38867527362533527,0.0,0.5484815380117275,0.0008147234503385048,0.6287645793472647,14,14,14,7,7,7,0.0,56.617,
n_A1_gate=2,B,config,n_A1_gate,2.0,,,False,19,False,xxx4567xxxx4567xxxx,0.0,0,1.178460901856866,1.301442822565761,1.9093265250318154,28,0.0,0.7697220274528427,0.0,0.3321332303348877,0.0,0.5484815380117275,0.0008147234503385048,0.6287645793472647,14,14,14,7,7,7,6.268927309512644,62.505,
n_A1_gate=3,B,config,n_A1_gate,3.0,,,True,19,True,1234567012345670123,1.0,0,1.178460901856866,1.301442822565761,2.110857058627815,28,0.0,0.7697220274528427,0.0,0.34626094813678776,0.0,0.5484815380117275,0.0008147234503385048,0.6287645793472647,14,14,14,7,7,7,0.6232227370717427,68.958,
receiver_uM_per_au=x0.9,A,config,receiver_uM_per_au,5.175,,,True,19,True,1234567012345670123,1.0,0,1.1203012560793013,1.2487315371935104,2.161465963880591,28,0.0,0.8049277536543079,0.0,0.41471613576775085,0.0,0.6093993170332269,0.00026309913103057445,0.6338989048108533,14,14,14,7,7,7,0.6806919948896906,66.131,
receiver_uM_per_au=x1.1,A,config,receiver_uM_per_au,6.325,,,True,19,True,1234567012345670123,1.0,0,1.2335199955867893,1.3456600858576167,2.276162548875135,28,0.0,0.7342271908247183,0.0,0.3537093097682635,0.0,0.4986332251072132,0.00229284043189746,0.622332851235694,14,14,14,7,7,7,0.8412032941117586,62.554,
receiver_uM_per_au=x1.5,A,config,receiver_uM_per_au,8.625,,,False,19,False,xxxxxxxxxxxxxxxxxxx,0.0,0,1.624667399789164,2.5428750589323688,3.1375314867504542,28,0.0,0.5977180214119705,0.0,0.021690802669519994,0.0,0.36568246942862725,0.005180570046731917,0.5546852639328034,14,14,1,13,0,3,25.96629729888628,64.196,
receiver_uM_per_au=x1.75,A,config,receiver_uM_per_au,10.0625,,,False,19,False,76x676x6765x765x765,0.0,0,0.484299381333372,0.484299381333372,4.077994856027235,28,0.0,0.5218850539134592,0.0,0.02028184963678711,0.0,0.31343141574139194,0.005187003555014951,0.44155141271880305,12,12,13,6,0,1,33.9990197482888,63.142,
K_A[1]=x1.5,B,zeng,"('K_A', 1)",1.7999999999999998,,,False,19,False,xxx4xxx4xxx4xxx4xxx,0.0,0,1.178460901856866,1.301442822565761,2.4843463576042666,28,0.0,0.7697220274528427,0.0,0.1048925757401433,0.0,0.5484815380117275,0.0008147234503385048,0.6287645793472647,14,14,14,7,7,13,7.385063376488753,69.78,
K_A[1]=x1.75,B,zeng,"('K_A', 1)",2.1,,,False,19,False,1234123412341234123,1.0,0,1.178460901856866,1.301442822565761,2.425321807672141,28,0.0,0.7697220274528427,0.0,0.046561258361998696,0.0,0.5484815380117275,0.0008147234503385048,0.6287645793472647,14,14,14,7,0,14,7.391238379568907,61.139,
K_F[1]=x1.5,B,zeng,"('K_F', 1)",0.6000000000000001,,,False,19,False,xxxx567xxxxxxxxxxxx,0.0,0,1.178460901856866,1.301442822565761,2.2196770924757736,28,0.0,0.7697220274528427,0.0,0.41823124122820365,0.0,0.5484815380117275,0.0008147234503385048,0.6287645793472647,14,14,14,7,7,3,7.294824506237341,70.918,
K_F[1]=x1.75,B,zeng,"('K_F', 1)",0.7000000000000001,,,False,19,False,567xxxxxxxxxxxxxxxx,0.0,0,1.178460901856866,1.301442822565761,2.0336043130123613,28,0.0,0.7697220274528427,0.0,0.42756484355212626,0.0,0.5484815380117275,0.0008147234503385048,0.6287645793472647,14,14,14,7,7,5,7.368107270450399,61.375,
clock_K_au=x0.25,A,config,clock_K_au,0.075,,,True,19,True,1234567012345670123,1.0,0,1.178460901856866,1.301442822565761,2.1433062342033367,28,0.0,0.9816450593552816,0.0,0.5928636134367449,0.0,0.5484815380117275,0.0008147234503385048,0.6287645793472647,14,14,14,7,7,7,2.2834212021028213,68.693,
clock_K_au=x4,A,config,clock_K_au,1.2,,,False,19,True,1234567012345670123,1.0,0,1.178460901856866,1.301442822565761,2.71796433088889,28,0.0,0.17280932218897121,0.0,0.060172671827148125,0.0,0.5484815380117275,0.0008147234503385048,0.6287645793472647,14,14,14,7,0,7,3.5633024146148546,65.126,
GRID n_A1_gate=4 uM_per_au=x0.8,GRID,grid,n_A1_gate x receiver_uM_per_au,0.8,4.0,0.8,False,19,True,1234567012345670123,1.0,0,1.0588904935075476,1.1772693831980128,2.0020332902994937,28,0.0,0.8392727520793859,0.0,0.3860328521228818,0.0,0.6855325211503033,8.537570911633548e-05,0.6397180156130462,28,14,14,7,7,7,1.5827564734492892,68.409,
GRID n_A1_gate=4 uM_per_au=x1,GRID,grid,n_A1_gate x receiver_uM_per_au,1.0,4.0,1.0,True,19,True,1234567012345670123,1.0,0,1.178460901856866,1.301442822565761,2.161980909819576,28,0.0,0.7697220274528427,0.0,0.36044033089578287,0.0,0.5484815380117275,0.0008147234503385048,0.6287645793472647,14,14,14,7,7,7,0.35387025518565995,64.485,
GRID n_A1_gate=4 uM_per_au=x1.25,GRID,grid,n_A1_gate x receiver_uM_per_au,1.25,4.0,1.25,True,19,True,1234567012345670123,1.0,0,1.3249981317140112,1.5001737947455247,2.338322907405722,28,0.0,0.6814761217507549,0.0,0.26391072286714423,0.0,0.4388090529964871,0.005169226360480798,0.6065893163671613,14,14,14,7,7,7,2.409626565602472,60.158,
GRID n_A1_gate=4 uM_per_au=x2,GRID,grid,n_A1_gate x receiver_uM_per_au,2.0,4.0,2.0,False,19,False,xxx7xxx7x7x7x7x7x7x,0.0,0,1.559170303546857,1.8335449960213577,2.675039882820087,28,0.0,0.45503631899628644,0.0,0.023793231861432573,0.0,0.27413248666006684,0.00519104268159846,0.33106125216244403,14,13,1,0,0,3,37.070534756697825,66.366,
GRID n_A1_gate=6 uM_per_au=x0.8,GRID,grid,n_A1_gate x receiver_uM_per_au,0.8,6.0,0.8,False,19,True,1234567012345670123,1.0,0,1.0588904935075476,1.1772693831980128,2.0789624011834213,28,0.0,0.8392727520793859,0.0,0.40982013835554115,0.0,0.6855325211503033,8.537570911633548e-05,0.6397180156130462,28,14,14,7,7,7,1.5551998392833433,62.097,
GRID n_A1_gate=6 uM_per_au=x1.25,GRID,grid,n_A1_gate x receiver_uM_per_au,1.25,6.0,1.25,True,19,True,1234567012345670123,1.0,0,1.3249981317140112,1.5001737947455247,2.4502056510532775,28,0.0,0.6814761217507549,0.0,0.26715690363113387,0.0,0.4388090529964871,0.005169226360480798,0.6065893163671613,14,14,14,7,7,7,2.409626565602472,69.677,
GRID n_A1_gate=6 uM_per_au=x2,GRID,grid,n_A1_gate x receiver_uM_per_au,2.0,6.0,2.0,False,19,False,xxxxxxxxxxxxxxx7x7x,0.0,0,1.559170303546857,1.8335449960213577,3.1248969395390134,28,0.0,0.45503631899628644,0.0,0.00603160771294716,0.0,0.27413248666006684,0.00519104268159846,0.33106125216244403,14,13,1,0,0,1,37.070534756697825,56.382,
GRID n_A1_gate=8 uM_per_au=x0.8,GRID,grid,n_A1_gate x receiver_uM_per_au,0.8,8.0,0.8,False,19,True,1234567012345670123,1.0,0,1.0588904935075476,1.1772693831980128,2.1204659934492405,28,0.0,0.8392727520793859,0.0,0.43332754606787954,0.0,0.6855325211503033,8.537570911633548e-05,0.6397180156130462,28,14,14,7,7,7,1.5551998392833433,71.361,
GRID n_A1_gate=8 uM_per_au=x1,GRID,grid,n_A1_gate x receiver_uM_per_au,1.0,8.0,1.0,True,19,True,1234567012345670123,1.0,0,1.178460901856866,1.301442822565761,2.254570487997711,28,0.0,0.7697220274528427,0.0,0.4155134100015045,0.0,0.5484815380117275,0.0008147234503385048,0.6287645793472647,14,14,14,7,7,7,0.22759811779932326,61.009,
GRID n_A1_gate=8 uM_per_au=x1.25,GRID,grid,n_A1_gate x receiver_uM_per_au,1.25,8.0,1.25,True,19,True,1234567012345670123,1.0,0,1.3249981317140112,1.5001737947455247,2.5112013312966717,28,0.0,0.6814761217507549,0.0,0.27153491572971106,0.0,0.4388090529964871,0.005169226360480798,0.6065893163671613,14,14,14,7,7,7,2.61324509306103,70.138,
GRID n_A1_gate=8 uM_per_au=x2,GRID,grid,n_A1_gate x receiver_uM_per_au,2.0,8.0,2.0,False,19,False,x3x3x3x3x3x3x3x3x3x,0.0,0,1.559170303546857,1.8335449960213577,,28,0.0,0.45503631899628644,0.0,0.0017774463749668566,0.0,0.27413248666006684,0.00519104268159846,0.33106125216244403,14,13,1,0,0,0,37.070534756697825,62.907,
