state,initial_00,initial_01,initial_10,initial_11
m_TetR,23.98242550537272,23.98242550537272,23.98242550537272,23.98242550537272
TetR_total,899.969298627704,899.969298627704,899.969298627704,899.969298627704
m_CI,0.00012822226603927258,0.00012822226603927258,0.00012822226603927258,0.00012822226603927258
CI,41.36534744524901,41.36534744524901,41.36534744524901,41.36534744524901
m_LacI,0.747458543586932,0.747458543586932,0.747458543586932,0.747458543586932
LacI,7.652502463398308,7.652502463398308,7.652502463398308,7.652502463398308
b0_M_I,0.00019982135032033932,0.00019982135032033932,0.00019982135032033932,0.00019982135032033932
b0_I_u,0.0031844579384098823,0.003200130881175993,0.0031959289247943485,0.003190139915038972
b0_I,0.006236613673202925,0.0055792478623321795,0.006339899782949507,0.005499089358556297
b0_M_T,0.10848591671586545,0.002559307658866911,0.1084862359475175,0.0025621229623245504
b0_T_u,1.5657319661401243,0.03558703284752914,1.565755115600573,0.03562974041592215
b0_T,5.315896784948876,0.4353485693876851,5.314699758751703,0.43248233327170144
b0_M_R,1.1029865625159992e-05,0.18111351121557984,1.1039434902200673e-05,0.18145438088366836
b0_R_u,0.0001712754616094169,2.29370305852441,0.0001717348279094546,2.3038318190441682
b0_R,0.07448737076709022,3.300760449389259,0.0755547943458826,3.33346421362432
b0_C,0.0002310489478089239,0.0010632251271508956,0.00023863156764615146,0.0010588443844141403
b0_S,0.0701279491499547,0.9779873407969127,0.07012540634781958,0.9779638242443431
b1_M_I,6.139965843204427e-05,7.562660745641295e-05,6.152968171583257e-05,7.748516072832965e-05
b1_I_u,0.0010017809338052296,0.0006783194272942479,0.001006155720334389,0.0006917370483283988
b1_I,0.007107611109409682,0.0006960927674470276,0.005375185704090391,0.0005777401146161448
b1_M_T,0.10767236960523822,0.10764956337494941,0.005312755893951829,0.005945834404173651
b1_T_u,1.554196589520268,1.5530570232692937,0.06705218838915972,0.0857427724652143
b1_T,5.298745506354016,5.382384797873275,0.3131164363632101,0.29631850190523645
b1_M_R,1.2274400444090754e-05,1.15547021841508e-05,0.18696652867017535,0.1867435552962482
b1_R_u,0.0001843739503071629,0.00016670193244594376,2.6400296503285987,2.6943634526372775
b1_R,0.05075003556567817,0.00044417015797065866,5.130167839915058,7.004891948758436
b1_C,0.00017877319832109608,1.4465769489500181e-08,0.002155638440369502,0.00018087208925662932
b1_S,0.07710524786441844,0.07728959886539666,0.9541445604290343,0.9490336688407217
A0,3.927243866630914,0.09813314145058245,3.9274937231937828,0.09794062133515026
F0,5.949825480521591,2.437953457103143,5.94677742455305,2.420564915287958
M_A0,0.2479678096362638,0.005849846077410085,0.24796853930861157,0.0058562810567418305
A0_u,5.372572711298544,0.12532415780667178,5.372734858459083,0.12535241293431343
M_F0,0.12464694332423823,0.004761137818661538,0.12464720876088625,0.004741356246674785
F0_u,2.696983226850022,0.2375326312228572,2.6969723296945927,0.23468984709730278
