block,arm,clock_K,counting,event,full,s2_flips,steady,gate_dose_max,gate_duration_max,meets_both,g1_peak,clock_peak,I2_peak,RDF2_peak,T2_min,pb2_min,i_times_r,reverse_hill,v_rev,v_fwd,vr_over_vf,S0_band_margin,S1_band_margin,S2_band_margin,S0_commit,S1_commit,S2_commit,S2_unlabelled,S2_hold_h,J_fwd2_total,J_rev2_total,prefix_gap
anchor,off,0.4,False,False,False,1,xxx4567456745674567,0.013739219084189569,0.1500000000000341,0,0.11747602065961248,0.7205249897641296,0.39427546361851057,0.2070880452046899,1.063386805039035,0.18225180758421783,0.08164973503293019,0.010309297579513599,0.059012866225065505,0.05589257768046995,1.0558265278519414,0.22467039457261767,0.2856522056353881,-0.14014053948237748,1.0,1.0,0.0,3,,0.8734510628914305,0.05577301147305613,0.0
anchor,off,0.2,True,True,True,7,1234567012345670123,0.05862685861601311,0.26666666666667993,7,0.38792760962256334,0.9537574383881992,1.3120198100188667,3.7264260941316203,0.43331956548914646,0.07400446382368017,4.8891448560719155,0.9739241017391593,6.312945595494955,0.008563507306113417,737.1915933309468,0.22467039457261767,0.2856522056353881,0.22553249799500608,1.0,1.0,1.0,0,1.3902807961588621,3.887968926690707,2.9622556792889876,0.0
upper,off,0.25,False,False,False,3,xxx456701234567xxxx,0.043701725546858985,0.25,7,0.29514375920991553,0.9134951912406252,0.9952771715130995,3.858354489603833,0.42492454619600356,0.07260021563865923,3.8401321431077715,0.9584054059235442,6.221774767489666,0.00638896408282172,973.8315455894356,0.22467039457261767,0.2856522056353881,-0.06245959006009094,1.0,1.0,0.0,7,1.409710343285525,2.531887591157745,1.6047371173235923,0.0
upper,on,0.25,True,True,True,7,1234567012345670123,0.052679695806511016,0.45000000000000284,7,0.16928891371362642,0.9134951912406252,1.0081736877833154,3.266731343491491,0.4572589873463219,0.07704869059171116,3.293432585565161,0.9442833798626592,6.100693073277082,0.0080750610368695,755.4980755467043,0.22467039457261767,0.2856522056353881,0.21319845004094373,1.0,1.0,1.0,0,1.5266740578586848,3.920798027346768,3.003885655337541,0.0
upper,off,0.3,False,False,False,3,567xxxx45674567xxxx,0.030624630487226648,0.21666666666666856,5,0.21767564417183743,0.8593755835134873,0.7322887223926686,0.9612201901593344,0.7079842176136555,0.12135446832749203,0.703890704989817,0.4363528415870587,2.683796321451496,0.02794164791608919,96.05003718861295,0.22467039457261767,0.2856522056353881,-0.13444584674095805,1.0,1.0,0.0,8,1.5177981157931413,1.8823491702995492,1.024927509073113,0.0
upper,on,0.3,False,False,False,3,567456701234567xxxx,0.03765914686664403,0.3833333333333826,7,0.13118821177164958,0.8593755835134873,0.7793618519405754,3.358188480344426,0.45389773838093644,0.07713781079559318,2.6172439932067384,0.914552350471515,5.908040490087248,0.005900240183714598,1001.3220320071341,0.22467039457261767,0.2856522056353881,-0.044546681732343885,1.0,1.0,0.0,4,1.6114225767016137,2.355823173836132,1.4381650984408172,0.0
upper,off,0.35,False,False,False,1,5674567456745674567,0.02081273916701336,0.18333333333333712,0,0.15934710599057966,0.7937470322089922,0.5352874230140691,0.32915625210901506,0.9453077270589403,0.16202230145853488,0.17619320196040392,0.0462623052470838,0.2713674605612182,0.05885870029328955,4.610490194465892,0.22467039457261767,0.2856522056353881,0.0516838980439942,1.0,1.0,1.0,0,,1.0598883151016392,0.22191115240078704,0.0
upper,on,0.35,False,False,False,3,567xxxx456745674567,0.0255770544595219,0.3166666666666913,7,0.099910982967201,0.7937470322089922,0.5929001039114314,0.9077843755420804,0.7188673489916876,0.12304803148226799,0.5382254505880734,0.31159599863974846,1.912783070725632,0.02223014424828127,86.04456405511266,0.22467039457261767,0.2856522056353881,-0.07332854117204463,1.0,1.0,0.0,4,1.6838508913239707,1.6872662842531145,0.810601851914571,0.0
lower,off,0.05,True,True,True,7,1234567012345670123,0.09095312484513901,0.3166666666666629,7,0.5748683482789273,0.9992430013813539,1.9619535701138247,7.278423911709765,0.12589205290461744,0.020580544860490765,14.2799297783808,0.996871278447975,6.834485870672191,0.0015498623348082189,4409.737379364016,0.22467039457261767,0.2856522056353881,0.2767037226920258,1.0,1.0,1.0,0,1.3448650606626984,4.108383121014326,3.1301392663987553,0.0
lower,off,0.02,True,True,True,7,1234567012345670123,0.09162923083009701,0.3166666666666629,7,0.579027751600948,0.9999515177362643,1.9766391302109236,7.284906049691013,0.12355030159129422,0.020059027408213116,14.39963035772954,0.9969229194363074,6.838479306900211,0.0015138840266409,4517.175151173141,0.22467039457261767,0.2856522056353881,0.2766806525718566,1.0,1.0,1.0,0,1.3444138694655976,4.112081172318774,3.1334660190470114,0.0
