point_id,knob,factor,realised_factor,n_A1_gate_effective,ok,error,certified,crossings,gates,reverse_events,cold_reads,steady_reads,sequence,unlabelled,gate_peak_median,gate_dose_median,gate_width_median,n_gate_windows,setup_min_h,hold_min_h,min_commitment,leak_symmetric,leak_pairs,steady_reads_sufficient,final_state_sum_abs,zeng_K_A1_restored,runtime_s
K_A1|f=0.8,K_A1,0.8,0.8,6.0,True,,True,14,14,14,56,48,123456701234567012345670123456701234567012345670,0,0.2210410776401166,0.136315248857361,1.3999999999999773,14,4.750635428703816,3.595770362305757,1.0,0.0393586679871157,6,True,1012.9227333829904,True,421.66
K_A1|f=0.9,K_A1,0.9,0.9000000000000001,6.0,True,,True,14,14,14,56,48,123456701234567012345670123456701234567012345670,0,0.2133940649543725,0.1416910995592927,1.5,14,4.645191334365279,3.707714339548886,1.0,0.0144566582362376,6,True,1012.0039646255182,True,421.88
K_A1|f=0.95,K_A1,0.95,0.95,6.0,True,,True,14,14,14,56,48,123456701234567012345670123456701234567012345670,0,0.2041908782824833,0.141059111449846,1.5333333333333172,14,4.59207719593536,3.763331691983524,1.0,0.0125790450947483,6,True,1011.5411602858068,True,265.11
K_A1|f=1,K_A1,1.0,1.0,6.0,True,,True,14,14,14,56,48,123456701234567012345670123456701234567012345670,0,0.1925016737569257,0.1390568078438133,1.5999999999999517,14,4.539428285816513,3.819403857071791,1.0,0.0142177173563552,6,True,1011.0904412501756,True,264.24
K_A1|f=1.05,K_A1,1.05,1.05,6.0,True,,True,14,14,14,56,48,123456701234567012345670123456701234567012345670,0,0.1790622601059011,0.1352447356702054,1.6333333333333258,14,4.486713184967982,3.871811698801114,1.0,0.0193392182331239,6,True,1010.6574099882008,True,265.01
K_A1|f=1.1,K_A1,1.1,1.1,6.0,True,,False,14,14,14,56,48,123456701234567012345670123456701234567012345670,0,0.164458552961927,0.1306007158376469,1.6999999999999886,14,4.432858734127905,3.923618364213322,1.0,0.0291184204006767,6,True,1010.2427493259174,True,264.78
K_A1|f=1.2,K_A1,1.2,1.2,6.0,True,,False,14,14,14,56,48,123456701234567012345670123456701234567012345670,0,0.1342110818014082,0.1185016239599482,1.8000000000000045,14,4.244891560368103,4.031383908180796,1.0,0.0746862868935119,6,True,1009.3575729110888,True,264.65
clock_K|f=0.8,clock_K,0.8,0.8,6.0,True,,True,14,14,14,56,48,123456701234567012345670123456701234567012345670,0,0.2286710663678578,0.166883337671493,1.6666666666666572,14,4.590321263357424,3.764729687593558,1.0,0.0190238506888402,6,True,1011.0668585312218,True,457.76
clock_K|f=0.9,clock_K,0.9,0.9000000000000001,6.0,True,,True,14,14,14,56,48,123456701234567012345670123456701234567012345670,0,0.2100262753533344,0.1524580777807889,1.6333333333333258,14,4.56481696284925,3.79209943647146,1.0,0.0164059757475,6,True,1011.079291800286,True,422.71
clock_K|f=0.95,clock_K,0.95,0.95,6.0,True,,True,14,14,14,56,48,123456701234567012345670123456701234567012345670,0,0.2010910425555565,0.1454459135391209,1.6000000000000156,14,4.55195872537908,3.805757130047766,1.0,0.0152618058809505,6,True,1011.085020268333,True,422.49
clock_K|f=1,clock_K,1.0,1.0,6.0,True,,True,14,14,14,56,48,123456701234567012345670123456701234567012345670,0,0.1925016737569257,0.1390568078438133,1.5999999999999517,14,4.539428285816513,3.819403857071791,1.0,0.0142177173563552,6,True,1011.0904412501756,True,422.38
clock_K|f=1.05,clock_K,1.05,1.05,6.0,True,,True,14,14,14,56,48,123456701234567012345670123456701234567012345670,0,0.1842223118445728,0.1325907444259366,1.5666666666666629,14,4.526870227425434,3.832883159858284,1.0,0.0132496995387456,6,True,1011.0955682556344,True,421.3
clock_K|f=1.1,clock_K,1.1,1.1,6.0,True,,True,14,14,14,56,48,123456701234567012345670123456701234567012345670,0,0.1762876215503593,0.1267505816948799,1.5333333333333314,14,4.514388149124841,3.845458656649459,1.0,0.0123172848822535,6,True,1011.1004147229282,True,421.4
clock_K|f=1.2,clock_K,1.2,1.2,6.0,True,,True,14,14,14,56,48,123456701234567012345670123456701234567012345670,0,0.1614254665455965,0.1151847462306397,1.5,14,4.489848795014808,3.869440015692266,1.0,0.0106985478637853,6,True,1011.1093188384494,True,420.34
conc_scale|f=0.8,conc_scale,0.8,0.8,6.0,True,,False,14,14,28,56,48,123456701234567012345670123456701234567012345670,0,0.1098735587277194,0.0680626544060173,1.2333333333333272,14,5.274183092515528,3.09144975329491,1.0,0.0153420829431304,6,True,1011.4610293911508,True,459.84
conc_scale|f=0.9,conc_scale,0.9,0.9,6.0,True,,False,17,9,19,56,48,123456x456x4563456345634563xx63xxxxxxxxxxxxxxxxx,21,0.0509593585984379,0.0540251395042261,1.5666666666666629,18,1.1354113198228788,3.435816786505569,0.0,0.1383878027069801,3,True,1001.3828673068548,True,459.57
conc_scale|f=0.95,conc_scale,0.95,0.95,6.0,True,,True,14,14,14,56,48,123456701234567012345670123456701234567012345670,0,0.1671584469087346,0.1245348895027538,1.5999999999999943,14,4.628514867394728,3.682276790970516,1.0,0.0560532158667143,6,True,1010.7525063195104,True,459.72
conc_scale|f=1,conc_scale,1.0,1.0,6.0,True,,True,14,14,14,56,48,123456701234567012345670123456701234567012345670,0,0.1925016737569257,0.1390568078438133,1.5999999999999517,14,4.539428285816513,3.819403857071791,1.0,0.0142177173563552,6,True,1011.0904412501756,True,459.62
conc_scale|f=1.05,conc_scale,1.05,1.05,6.0,True,,False,14,14,14,56,48,123456701234567012345670123456701234567012345670,0,0.2109587466307803,0.1487801018559497,1.5666666666666629,14,4.437139431341855,3.9104523961694895,1.0,0.0106912074468994,6,True,1011.27437597686,True,458.08
conc_scale|f=1.1,conc_scale,1.1,1.1,6.0,True,,False,13,13,13,56,48,701234567012345670123456701234567012345670123456,2,0.2254939647426136,0.1566976083539239,1.53333333333336,13,4.307028111250226,4.03138377293908,1.0,0.0097851438610016,6,True,1011.7885879955128,True,458.15
conc_scale|f=1.2,conc_scale,1.2,1.2,6.0,True,,False,26,13,13,56,48,x456x456x456x456x456x456x456x456x456x456x456x456,12,0.1487992263001133,0.1206884459131145,1.76666666666668,13,0.4570754396404197,4.179364515873203,0.0,,0,True,1002.9172180754664,True,458.09
