cycle,trough_h,value,S0,S1,S2,win_h
0,10.6,4,0,0,1,2.133333333333333
1,21.2,5,1,0,1,2.133333333333333
2,31.8,6,0,1,1,2.133333333333333
3,42.36666666666667,7,1,1,1,2.133333333333333
4,52.96666666666667,0,0,0,0,2.133333333333333
5,63.56666666666666,1,1,0,0,2.1333333333333258
6,74.16666666666667,2,0,1,0,2.13333333333334
7,84.73333333333333,3,1,1,0,2.1333333333333258
8,95.33333333333333,4,0,0,1,2.13333333333334
9,105.93333333333334,5,1,0,1,2.13333333333334
10,116.53333333333333,6,0,1,1,2.1333333333333258
11,127.1,7,1,1,1,2.1333333333333258
12,137.7,0,0,0,0,2.1333333333333258
13,148.3,1,1,0,0,2.133333333333354
14,158.86666666666667,2,0,1,0,2.1333333333333258
15,169.46666666666667,3,1,1,0,2.1333333333333258
16,180.06666666666666,4,0,0,1,2.1333333333333258
17,190.66666666666666,5,1,0,1,2.1333333333333258
18,201.23333333333332,6,0,1,1,2.133333333333354
19,211.83333333333334,7,1,1,1,2.133333333333354
20,222.43333333333334,0,0,0,0,2.1333333333333258
21,233.03333333333333,1,1,0,0,2.1333333333333258
22,243.6,2,0,1,0,2.1333333333333258
23,254.2,3,1,1,0,2.1333333333333258
24,264.8,4,0,0,1,2.1333333333333258
25,275.3666666666667,5,1,0,1,2.1333333333333258
26,285.96666666666664,6,0,1,1,2.1333333333333258
27,296.56666666666666,7,1,1,1,2.1333333333333258
28,307.1666666666667,0,0,0,0,2.1333333333333258
29,317.73333333333335,1,1,0,0,2.1333333333333258
30,328.3333333333333,2,0,1,0,2.1333333333333258
31,338.93333333333334,3,1,1,0,2.1333333333333258
32,349.5333333333333,4,0,0,1,2.1333333333333826
33,360.1,5,1,0,1,2.1333333333333826
34,370.7,6,0,1,1,2.1333333333333258
35,381.3,7,1,1,1,2.1333333333333258
36,391.9,0,0,0,0,2.1333333333333258
37,402.46666666666664,1,1,0,0,2.1333333333333258
38,413.06666666666666,2,0,1,0,2.1333333333333258
39,423.6666666666667,3,1,1,0,2.1333333333333826
40,434.23333333333335,4,0,0,1,2.1333333333333258
41,444.8333333333333,5,1,0,1,2.1333333333333258
42,455.43333333333334,6,0,1,1,2.1333333333333258
43,466.0333333333333,7,1,1,1,2.1333333333333258
44,476.59999999999997,0,0,0,0,2.1333333333333826
45,487.2,1,1,0,0,2.1333333333333258
46,497.8,2,0,1,0,2.1333333333333258
47,508.4,3,1,1,0,2.1333333333333258
48,518.9666666666667,4,0,0,1,2.1333333333333258
49,529.5666666666666,5,1,0,1,2.1333333333333258
50,540.1666666666666,6,0,1,1,2.1333333333333258
51,550.7333333333333,7,1,1,1,2.1333333333333258
52,561.3333333333334,0,0,0,0,2.1333333333333258
53,571.9333333333333,1,1,0,0,2.1333333333333258
54,582.5333333333333,2,0,1,0,2.1333333333333258
55,593.1,3,1,1,0,2.1333333333333258
