after_window,gate_on_h,gate_on_rev,tail_h,tail_rev,far_off_h,far_off_rev,far_off_fwd,far_off_evaluable,I2_peak,tail_threshold
0,1.6000000000000005,0.9990103112364668,1.8999999999999995,0.16758913053585778,38.9,0.009179884368822706,0.012992372250405344,True,1.3372526284749235,0.13372526284749237
1,1.5666666666666629,3.037809200654567e-07,1.7666666666666728,6.338234662165359e-05,39.033333333333324,0.02164607261875477,8.113466012349415e-06,True,1.558824323504965,0.1558824323504965
2,1.566666666666677,0.9968894539704409,1.8999999999999915,0.1719296114529673,38.86666666666666,0.009856050544008997,0.013448924270871358,True,1.3573458486039696,0.13573458486039697
3,1.6000000000000227,3.171855033456052e-07,1.7666666666666515,6.416366696341294e-05,39.0,0.02158520227747615,8.008794935392182e-06,True,1.5621356023552522,0.15621356023552524
4,1.5999999999999943,0.99786334417024,1.9000000000000057,0.1711690984795539,38.866666666666674,0.00972354506584126,0.013337920953838409,True,1.3573466709517115,0.13573466709517115
5,1.5999999999999943,3.2835967934733757e-07,1.7666666666666515,6.466556185079773e-05,39.00000000000003,0.021584975341147634,7.904559485112123e-06,True,1.562326383593935,0.1562326383593935
6,1.599999999999966,0.9987512548269204,1.900000000000034,0.1704128096772115,38.866666666666674,0.00959121330820596,0.013228330610266698,True,1.35735562317918,0.135735562317918
7,1.599999999999966,3.398337267115002e-07,1.7666666666666515,6.51687705975616e-05,39.0,0.021585382988820637,7.801623241438157e-06,True,1.56235627352149,0.15623562735214902
8,1.6000000000000227,0.9996289985676278,1.8999999999999773,0.1696643435327735,38.866666666666674,0.009460372189069465,0.013120081164557667,True,1.3576086982198985,0.13576086982198984
9,1.6000000000000227,3.5162309249171545e-07,1.7666666666666515,6.56749129726723e-05,39.0,0.021585871584269764,7.699955933361482e-06,True,1.562257176131893,0.15622571761318932
10,1.5666666666666629,0.9946702496377966,1.900000000000034,0.17388280564503694,38.89999999999998,0.010198955911899713,0.013748161942669982,True,1.357747086988429,0.1357747086988429
11,1.5666666666666629,2.9058825971137045e-07,1.8000000000000114,6.625716483435337e-05,39.0,0.021586441944086942,7.599549984623744e-06,True,1.5620309422262921,0.15620309422262924
12,1.566666666666606,0.9955919364808277,1.900000000000091,0.17309697534469348,38.89999999999998,0.010061253152330167,0.013635270565194299,True,1.357772274312214,0.13577722743122142
13,1.566666666666606,3.0100338770903234e-07,1.7666666666667652,6.341978517616898e-05,39.0333333333333,0.02159045258883022,8.172374676688452e-06,True,1.5616792874293162,0.15616792874293162
14,1.566666666666606,0.9965031749862034,1.2000000000000455,0.13575015035202576,0.0,,,False,1.3576857299766492,0.13576857299766493
