S,R_ss
1e-09,4.097153777879012e-12
0.0005000009995,2.0525784261167685e-06
0.001000000999,4.1131672274035075e-06
0.0015000009985,6.18179999406718e-06
0.002000000998,8.258506335332057e-06
0.0025000009975,1.0343315977095154e-05
0.003000000997,1.2436258762430317e-05
0.0035000009964999998,1.4537364652094646e-05
0.0040000009960000004,1.6646663725037353e-05
0.004500000995500001,1.8764186178911072e-05
0.005000000995000001,2.088996233058547e-05
0.0055000009945,2.3024022616663525e-05
0.0060000009940000005,2.5166397593999993e-05
0.006500000993500001,2.7317117940222583e-05
0.007000000993,2.9476214454255488e-05
0.0075000009925,3.164371805684534e-05
0.008000000992,3.3819659791089896e-05
0.008500000991499999,3.600407082296904e-05
0.009000000991,3.819698244187854e-05
0.0095000009905,4.0398426061165815e-05
0.01000000099,4.260843321866915e-05
0.0105000009895,4.482703557725863e-05
0.011000000989,4.7054264925380204e-05
0.0115000009885,4.929015317760211e-05
0.012000000988,5.153473237516382e-05
0.0125000009875,5.3788034686528166e-05
0.013000000987,5.6050092407935206e-05
0.0135000009865,5.8320937963959565e-05
0.014000000985999999,6.0600603908070127e-05
0.0145000009855,6.288912292319217e-05
0.015000000985,6.518652782227271e-05
0.0155000009845,6.749285154884812e-05
0.016000000984,6.980812717761468e-05
0.0165000009835,7.213238791500193e-05
0.017000000983,7.446566709974835e-05
0.0175000009825,7.680799820348062e-05
0.018000000982,7.915941483129484e-05
0.0185000009815,8.151995072234088e-05
0.019000000981,8.388963975040976e-05
0.0195000009805,8.626851592452349e-05
0.02000000098,8.865661338952805e-05
0.0205000009795,9.105396642668875e-05
0.021000000979,9.346060945428946e-05
0.0215000009785,9.58765770282332e-05
0.022000000978,9.830190384264738e-05
0.0225000009775,0.00010073662473049052
0.023000000977,0.0001031807746641626
0.0235000009765,0.00010563438875611832
0.024000000976,0.00010809750225948322
0.0245000009755,0.00011057015056867273
0.025000000975,0.00011305236922001432
0.0255000009745,0.00011554419389237274
0.026000000974,0.00011804566040777787
0.0265000009735,0.00012055680473205625
0.027000000973,0.0001230776629754653
0.0275000009725,0.00012560827139333053
0.028000000972,0.0001281486663866859
0.0285000009715,0.00013069888450291777
0.029000000971,0.00013325896243641117
0.0295000009705,0.00013582893702919987
0.03000000097,0.0001384088452716187
0.0305000009695,0.0001409987243029614
0.031000000969,0.0001435986114121377
0.0315000009685,0.00014620854403833762
0.032000000968,0.0001488285597716965
0.0325000009675,0.00015145869635396422
0.033000000967,0.00015409899167917755
0.0335000009665,0.00015674948379433554
0.034000000966,0.00015941021090007867
0.0345000009655,0.00016208121135137058
0.035000000965,0.00016476252365818443
0.0355000009645,0.00016745418648619073
0.036000000964,0.00017015623865745055
0.0365000009635,0.00017286871915111047
0.037000000963,0.00017559166710410184
0.0375000009625,0.00017832512181184366
0.038000000962,0.0001810691227289477
0.0385000009615,0.00018382370946992856
0.039000000961,0.00018658892180991617
0.0395000009605,0.00018936479968537206
0.040000000960000004,0.0001921513831948095
0.0405000009595,0.0001949487125995168
0.041000000959,0.00019775682832428416
0.041500000958500004,0.0002005757709581344
0.042000000958,0.0002034055812550568
0.0425000009575,0.00020624630013474482
0.043000000957000004,0.0002090979686833381
0.0435000009565,0.00021196062815416678
0.044000000956,0.00021483431996849995
0.0445000009555,0.0002177190857162994
0.045000000955,0.00022061496715697386
0.0455000009545,0.0002235220062201403
0.046000000954,0.0002264402450063869
0.0465000009535,0.00022936972578804012
0.047000000953,0.0002323104910099367
0.0475000009525,0.0002352625832901974
0.048000000952,0.0002382260454210071
0.0485000009515,0.0002412009203693964
0.049000000951,0.0002441872512780285
0.0495000009505,0.0002471850814659895
0.05000000095,0.0002501944544295834
0.0505000009495,0.0002532154138431293
0.051000000949,0.00025624800355976375
0.0515000009485,0.00025929226761224844
0.052000000948,0.000262348250213778
0.0525000009475,0.0002654159957587964
0.053000000947,0.00026849554882381414
0.0535000009465,0.0002715869541682302
0.054000000946,0.00027469025673516
0.0545000009455,0.0002778055016522641
0.055000000945,0.0002809327342325843
0.0555000009445,0.00028407199997538223
0.056000000944,0.00028722334456698093
0.0565000009435,0.00029038681388161435
0.057000000943,0.00029356245398227704
0.057500000942500004,0.0002967503111215815
0.058000000942,0.0002999504317426165
0.0585000009415,0.00030316286247981125
0.059000000941000004,0.0003063876501598059
0.0595000009405,0.0003096248418023228
0.06000000094,0.0003128744846210447
0.060500000939500004,0.00031613662602449533
0.061000000939,0.00031941131361692737
0.0615000009385,0.00032269859519921067
0.062000000938000004,0.00032599851876972914
0.06250000093750001,0.0003293111325252799
0.063000000937,0.00033263648486197596
0.0635000009365,0.0003359746243761569
0.064000000936,0.0003393255998652998
0.0645000009355,0.0003426894603289389
0.065000000935,0.0003460662549695867
0.06550000093450001,0.0003494560331936611
0.066000000934,0.0003528588446124171
0.0665000009335,0.00035627473904288343
0.067000000933,0.0003597037665088038
0.0675000009325,0.00036314597724158094
0.068000000932,0.0003666014216812295
0.06850000093150001,0.0003700701504773298
0.069000000931,0.0003735522144899883
0.0695000009305,0.0003770476647908035
0.07000000093,0.00038055655266383374
0.0705000009295,0.0003840789296065751
0.071000000929,0.0003876148473309376
0.07150000092850001,0.0003911643577642326
0.072000000928,0.0003947275130501612
0.0725000009275,0.00039830436554980894
0.073000000927,0.000401894967842646
0.0735000009265,0.0004054993727275314
0.074000000926,0.00040911763322372315
0.0745000009255,0.00041274980257189367
0.075000000925,0.00041639593423514846
0.0755000009245,0.00042005608190005323
0.076000000924,0.0004237302994776631
0.0765000009235,0.0004274186411045595
0.077000000923,0.00043112116114389014
0.0775000009225,0.000434837914186416
0.078000000922,0.00043856895505156254
0.0785000009215,0.0004423143387884765
0.079000000921,0.0004460741206770903
0.0795000009205,0.00044984835622918643
0.08000000092000001,0.00045363710118947445
0.0805000009195,0.0004574404115366662
0.081000000919,0.0004612583434845625
0.0815000009185,0.0004650909534831424
0.082000000918,0.0004689382982196581
0.0825000009175,0.00047280043461973587
0.08300000091700001,0.00047667741984848346
0.0835000009165,0.0004805693113116018
0.084000000916,0.0004844761666565016
0.0845000009155,0.0004883980437734303
0.085000000915,0.0004923350007965987
0.0855000009145,0.0004962870961053165
0.08600000091400001,0.0005002543883251368
0.0865000009135,0.0005042369363289958
0.087000000913,0.0005082347992383735
0.0875000009125,0.0005122480364244477
0.088000000912,0.0005162767075092596
0.0885000009115,0.0005203208723668861
0.08900000091100001,0.000524380591124614
0.0895000009105,0.0005284559241641243
0.09000000091,0.0005325469321226814
0.0905000009095,0.0005366536758943266
0.091000000909,0.0005407762166310809
0.0915000009085,0.0005449146157441515
0.09200000090800001,0.000549068934905145
0.0925000009075,0.0005532392360472875
0.093000000907,0.0005574255813666524
0.0935000009065,0.0005616280333233898
0.094000000906,0.000565846654642968
0.0945000009055,0.0005700815083174184
0.095000000905,0.0005743326576065843
0.0955000009045,0.0005786001660393844
0.096000000904,0.0005828840974150727
0.0965000009035,0.0005871845158045123
0.097000000903,0.0005915014855514533
0.09750000090250001,0.000595835071273815
0.098000000902,0.0006001853378649804
0.0985000009015,0.0006045523504950916
0.099000000901,0.0006089361746123562
0.0995000009005,0.0006133368759443569
0.1000000009,0.0006177545204993714
0.10050000089950001,0.0006221891745676972
0.101000000899,0.0006266409047229815
0.1015000008985,0.0006311097778235642
0.102000000898,0.0006355958610138195
0.1025000008975,0.0006400992217255134
0.103000000897,0.0006446199276791583
0.10350000089650001,0.0006491580468853859
0.104000000896,0.0006537136476463174
0.1045000008955,0.0006582867985569445
0.105000000895,0.0006628775685065241
0.1055000008945,0.000667486026679965
0.106000000894,0.0006721122425592405
0.10650000089350001,0.000676756285924793
0.107000000893,0.0006814182268569512
0.1075000008925,0.0006860981357373615
0.108000000892,0.0006907960832504155
0.1085000008915,0.0006955121403846936
0.109000000891,0.0007002463784344093
0.10950000089050001,0.0007049988690008709
0.11000000089,0.0007097696839939365
0.1105000008895,0.0007145588956334936
0.111000000889,0.0007193665764509322
0.1115000008885,0.0007241927992906309
0.112000000888,0.0007290376373114568
0.1125000008875,0.0007339011639882607
0.113000000887,0.0007387834531133919
0.1135000008865,0.0007436845787982149
0.114000000886,0.0007486046154746346
0.1145000008855,0.0007535436378966316
0.11500000088500001,0.0007585017211418055
0.1155000008845,0.0007634789406129213
0.116000000884,0.0007684753720394729
0.1165000008835,0.0007734910914792456
0.117000000883,0.0007785261753198948
0.1175000008825,0.0007835807002805272
0.11800000088200001,0.0007886547434132946
0.1185000008815,0.0007937483821049901
0.119000000881,0.0007988616940786637
0.1195000008805,0.0008039947573952325
0.12000000088,0.0008091476504551114
0.1205000008795,0.0008143204519998475
0.12100000087900001,0.0008195132411137585
0.1215000008785,0.0008247260972255923
0.122000000878,0.0008299591001101804
0.1225000008775,0.0008352123298901123
0.123000000877,0.0008404858670374137
0.1235000008765,0.0008457797923752309
0.12400000087600001,0.0008510941870795302
0.1245000008755,0.0008564291326808018
0.12500000087500002,0.0008617847110657781
0.1255000008745,0.000867161004479149
0.126000000874,0.0008725580955253056
0.1265000008735,0.0008779760671700747
0.127000000873,0.000883415002742474
0.1275000008725,0.0008888749859364717
0.128000000872,0.0008943561008127557
0.12850000087150001,0.0008998584318005184
0.129000000871,0.0009053820636992396
0.1295000008705,0.0009109270816804899
0.13000000087,0.000916493571289738
0.1305000008695,0.0009220816184481696
0.13100000086900002,0.0009276913094545143
0.1315000008685,0.000933322730986885
0.132000000868,0.0009389759701046251
0.1325000008675,0.000944651114250167
0.133000000867,0.0009503482512508972
0.1335000008665,0.0009560674693210374
0.134000000866,0.0009618088570635325
0.1345000008655,0.000967572503471946
0.135000000865,0.0009733584979323703
0.1355000008645,0.0009791669302253452
0.136000000864,0.0009849978905277872
0.1365000008635,0.0009908514694149267
0.13700000086300002,0.0009967277578622636
0.1375000008625,0.0010026268472475184
0.138000000862,0.0010085488293526156
0.1385000008615,0.0010144937963656529
0.139000000861,0.0010204618408829035
0.1395000008605,0.0010264530559108132
0.14000000086,0.0010324675348680188
0.1405000008595,0.0010385053715873704
0.141000000859,0.001044566660317968
0.1415000008585,0.0010506514957272111
0.142000000858,0.0010567599729028525
0.1425000008575,0.001062892187355072
0.14300000085700001,0.0010690482350185547
0.1435000008565,0.0010752282122545834
0.144000000856,0.0010814322158531461
0.1445000008555,0.0010876603430350403
0.145000000855,0.0010939126914540132
0.14550000085450002,0.0011001893591988901
0.146000000854,0.0011064904447957245
0.1465000008535,0.0011128160472099683
0.147000000853,0.0011191662658486326
0.1475000008525,0.0011255412005624827
0.148000000852,0.0011319409516482302
0.1485000008515,0.0011383656198507433
0.14900000085100001,0.0011448153063652693
0.1495000008505,0.001151290112839665
0.15000000085,0.0011577901413766468
0.1505000008495,0.0011643154945360414
0.151000000849,0.0011708662753370667
0.15150000084850002,0.0011774425872606035
0.152000000848,0.001184044534251498
0.1525000008475,0.0011906722207208683
0.153000000847,0.001197325751548421
0.1535000008465,0.001204005232084793
0.154000000846,0.001210710768153888
0.1545000008455,0.0012174424660552432
0.155000000845,0.0012242004325663974
0.1555000008445,0.0012309847749452758
0.156000000844,0.001237795600932593
0.1565000008435,0.0012446330187542592
0.157000000843,0.0012514971371238087
0.15750000084250002,0.001258388065244837
0.158000000842,0.0012653059128134511
0.1585000008415,0.00127225079002074
0.159000000841,0.0012792228075552425
0.1595000008405,0.001286222076605459
0.16000000084000002,0.0012932487088623346
0.1605000008395,0.0013003028165218026
0.161000000839,0.0013073845122872987
0.1615000008385,0.001314493909372323
0.162000000838,0.0013216311215029997
0.1625000008375,0.0013287962629206463
0.163000000837,0.001335989448384384
0.16350000083650001,0.0013432107931737132
0.164000000836,0.0013504604130911632
0.1645000008355,0.0013577384244649114
0.165000000835,0.0013650449441514334
0.1655000008345,0.0013723800895381717
0.16600000083400002,0.0013797439785462123
0.1665000008335,0.0013871367296329781
0.167000000833,0.001394558461794938
0.1675000008325,0.0014020092945703343
0.168000000832,0.0014094893480419153
0.1685000008315,0.0014169987428396967
0.169000000831,0.00142453760014373
0.1695000008305,0.0014321060416868814
0.17000000083,0.001439704189757646
0.1705000008295,0.0014473321672029504
0.171000000829,0.0014549900974309962
0.1715000008285,0.0014626781044141046
0.17200000082800002,0.0014703963126915763
0.1725000008275,0.001478144847372581
0.173000000827,0.0014859238341390503
0.1735000008265,0.0014937333992485844
0.174000000826,0.001501573669537396
0.1745000008255,0.0015094447724232393
0.175000000825,0.0015173468359083867
0.1755000008245,0.0015252799885826002
0.176000000824,0.0015332443596261295
0.1765000008235,0.0015412400788127234
0.177000000823,0.0015492672765126654
0.1775000008225,0.0015573260836958145
0.17800000082200002,0.0015654166319346691
0.1785000008215,0.001573539053407456
0.179000000821,0.0015816934809012198
0.1795000008205,0.001589880047814949
0.18000000082,0.0015980988881627016
0.18050000081950002,0.001606350136576762
0.181000000819,0.0016146339283108129
0.1815000008185,0.0016229503992431127
0.182000000818,0.0016312996858797153
0.1825000008175,0.0016396819253576848
0.183000000817,0.0016480972554483457
0.1835000008165,0.0016565458145605296
0.18400000081600001,0.001665027741743871
0.1845000008155,0.0016735431766920956
0.185000000815,0.0016820922597463408
0.1855000008145,0.001690675131898491
0.186000000814,0.0016992919347945277
0.18650000081350002,0.001707942810737915
0.187000000813,0.0017166279026929777
0.1875000008125,0.0017253473542883258
0.188000000812,0.0017341013098202812
0.1885000008115,0.0017428899142563309
0.189000000811,0.0017517133132385957
0.1895000008105,0.0017605716530873267
0.19000000081,0.0017694650808044124
0.1905000008095,0.0017783937440769102
0.191000000809,0.001787357791280599
0.1915000008085,0.0017963573714835524
0.192000000808,0.001805392634449729
0.19250000080750002,0.0018144637306425878
0.193000000807,0.0018235708112287186
0.1935000008065,0.0018327140280815016
0.194000000806,0.0018418935337847797
0.1945000008055,0.0018511094816365532
0.19500000080500002,0.0018603620256527086
0.1955000008045,0.0018696513205707407
0.196000000804,0.0018789775218535363
0.1965000008035,0.0018883407856931322
0.197000000803,0.001897741269014542
0.1975000008025,0.0019071791294795685
0.198000000802,0.0019166545254906597
0.19850000080150002,0.0019261676161947765
0.199000000801,0.0019357185614872886
0.1995000008005,0.0019453075220158896
0.2000000008,0.0019549346591845314
0.2005000007995,0.0019646001351573948
0.20100000079900002,0.0019743041128628676
0.2015000007985,0.00198404675599755
0.202000000798,0.001993828229030298
0.2025000007975,0.0020036486972062556
0.203000000797,0.0020135083265509584
0.2035000007965,0.002023407283874416
0.204000000796,0.002033345736775242
0.20450000079550001,0.0020433238536448147
0.205000000795,0.0020533418036714304
0.2055000007945,0.0020633997568445203
0.206000000794,0.0020734978839588606
0.2065000007935,0.0020836363566188263
0.20700000079300002,0.002093815347242661
0.2075000007925,0.0021040350290667718
0.208000000792,0.002114295576150056
0.2085000007915,0.002124597163378235
0.209000000791,0.0021349399664682563
0.20950000079050002,0.0021453241619726515
0.21000000079,0.0021557499272839937
0.2105000007895,0.0021662174406393347
0.211000000789,0.0021767268811246736
0.2115000007885,0.0021872784286794764
0.212000000788,0.002197872264101189
0.2125000007875,0.0022085085690498
0.21300000078700002,0.0022191875260524248
0.2135000007865,0.002229909318507904
0.214000000786,0.002240674130691454
0.2145000007855,0.00225148214775932
0.215000000785,0.0022623335557534715
0.21550000078450002,0.0022732285416063197
0.216000000784,0.0022841672931454646
0.2165000007835,0.002295149999098468
0.217000000783,0.0023061768490976542
0.2175000007825,0.002317248033684953
0.218000000782,0.002328363744316739
0.2185000007815,0.0023395241733687416
0.21900000078100001,0.0023507295141409444
0.2195000007805,0.002361979960862541
0.22000000078,0.0023732757086969143
0.2205000007795,0.0023846169537466246
0.221000000779,0.002396003893058474
0.22150000077850002,0.0024074367246285336
0.222000000778,0.0024189156474072734
0.2225000007775,0.0024304408613046685
0.223000000777,0.0024420125671953535
0.2235000007765,0.0024536309669238206
0.224000000776,0.0024652962633096276
0.2245000007755,0.0024770086601526528
0.22500000077500001,0.002488768362238362
0.2255000007745,0.002500575575343139
0.226000000774,0.00251243050623961
0.2265000007735,0.0025243333627020326
0.227000000773,0.002536284353511695
0.22750000077250002,0.0025482836884623476
0.228000000772,0.002560331578365699
0.2285000007715,0.0025724282350568905
0.229000000771,0.0025845738714000577
0.2295000007705,0.002596768701293889
0.23000000077000002,0.0026090129396772284
0.2305000007695,0.002621306802534719
0.231000000769,0.0026336505069024783
0.2315000007685,0.0026460442708737867
0.232000000768,0.0026584883136048496
0.2325000007675,0.00267098285532055
0.233000000767,0.0026835281173202773
0.23350000076650002,0.0026961243219837568
0.234000000766,0.0027087716927769396
0.2345000007655,0.0027214704542578984
0.235000000765,0.002734220832082814
0.2355000007645,0.0027470230530119272
0.23600000076400002,0.0027598773449155644
0.2365000007635,0.002772783936780227
0.237000000763,0.002785743058714643
0.2375000007625,0.002798754941955946
0.238000000762,0.0028118198188757963
0.2385000007615,0.0028249379229866286
0.239000000761,0.0028381094889478775
0.23950000076050001,0.0028513347525722555
0.24000000076,0.002864613950832088
0.2405000007595,0.0028779473218656622
0.241000000759,0.0028913351049836304
0.2415000007585,0.0029047775406754357
0.24200000075800002,0.0029182748706158015
0.2425000007575,0.00293182733767124
0.243000000757,0.002945435185906603
0.2435000007565,0.0029590986605916862
0.244000000756,0.0029728180082078475
0.24450000075550002,0.0029865934764547117
0.245000000755,0.0030004253142568485
0.24550000075450001,0.0030143137717705587
0.246000000754,0.0030282591003906634
0.2465000007535,0.003042261552757342
0.247000000753,0.0030563213827630134
0.2475000007525,0.003070438845559266
0.24800000075200002,0.003084614197563816
0.2485000007515,0.0030988476964675248
0.249000000751,0.0031131396012414425
0.2495000007505,0.0031274901721439095
0.25000000075,0.0031418996707276953
0.2505000007495,0.0031563683598471786
0.25100000074900003,0.003170896503665572
0.25150000074850004,0.0031854843676622033
0.25200000074800005,0.00320013221863982
0.2525000007475,0.003214840324731952
0.253000000747,0.003229608955410337
0.25350000074650003,0.0032444383814923374
0.25400000074600004,0.003259328875148479
0.25450000074550005,0.0032742807099099603
0.255000000745,0.003289294160676266
0.2555000007445,0.0033043695037228028
0.25600000074400003,0.003319507016708563
0.25650000074350005,0.0033347069786839037
0.25700000074300006,0.003349969670098266
0.2575000007425,0.0033652953728080704
0.258000000742,0.0033806843700845326
0.25850000074150004,0.003396136946621635
0.25900000074100005,0.0034116533885440825
0.25950000074050006,0.0034272339834153327
0.26000000074,0.00344287902024567
0.2605000007395,0.003458588789500325
0.26100000073900004,0.0034743635831076722
0.26150000073850005,0.0034902036944674253
0.26200000073800006,0.0035061094184589392
0.2625000007375,0.0035220810514495354
0.26300000073700003,0.0035381188913028777
0.26350000073650004,0.0035542232373874092
0.26400000073600005,0.003570394390584843
0.2645000007355,0.003586632653298696
0.265000000735,0.00360293832946289
0.26550000073450003,0.0036193117245503907
0.26600000073400004,0.0036357531455819122
0.26650000073350005,0.003652262901134675
0.267000000733,0.003668841301351216
0.2675000007325,0.0036854886579482547
0.26800000073200003,0.0037022052842256114
0.26850000073150004,0.003718991495075192
0.26900000073100006,0.003735847606990007
0.2695000007305,0.0037527739380732892
0.27000000073,0.003769770808047617
0.27050000072950003,0.003786838538264133
0.27100000072900005,0.0038039774517118047
0.27150000072850006,0.0038211878730267414
0.272000000728,0.0038384701285015858
0.2725000007275,0.003855824546094951
0.27300000072700004,0.003873251455440916
0.27350000072650005,0.003890751187858592
0.27400000072600006,0.003908324076361737
0.2745000007255,0.003925970455668437
0.275000000725,0.003943690662210858
0.27550000072450004,0.003961485034145047
0.27600000072400005,0.003979353911360785
0.27650000072350006,0.003997297635491546
0.277000000723,0.004015316549924443
0.27750000072250003,0.0040334109998103424
0.27800000072200004,0.004051581332073937
0.27850000072150005,0.004069827895423944
0.279000000721,0.00408815104036337
0.2795000007205,0.004106551119199797
0.28000000072000003,0.004125028486055791
0.28050000071950004,0.004143583496879324
0.28100000071900005,0.004162216509454304
0.2815000007185,0.0041809278834111455
0.282000000718,0.004199717980237423
0.28250000071750003,0.004218587163288589
0.28300000071700004,0.004237535797798726
0.28350000071650006,0.004256564250891477
0.284000000716,0.00427567289159086
0.2845000007155,0.004294862090832377
0.28500000071500003,0.004314132221473977
0.28550000071450005,0.004333483658307249
0.28600000071400006,0.004352916778068614
0.2865000007135,0.004372431959450598
0.287000000713,0.004392029583113187
0.28750000071250004,0.004411710031695251
0.28800000071200005,0.004431473689826028
0.28850000071150006,0.0044513209441367175
0.289000000711,0.004471252183272112
0.2895000007105,0.004491267797902317
0.29000000071000004,0.004511368180734562
0.29050000070950005,0.004531553726525046
0.29100000070900006,0.004551824832090912
0.2915000007085,0.0045721818963222575
0.29200000070800003,0.004592625320194266
0.29250000070750004,0.0046131555067793414
0.29300000070700005,0.004633772861259426
0.2935000007065,0.004654477790938289
0.294000000706,0.00467527070525399
0.29450000070550003,0.004696152015791369
0.29500000070500004,0.004717122136294596
0.29550000070450005,0.0047381814826799075
0.296000000704,0.004759330473048265
0.2965000007035,0.004780569527698269
0.29700000070300003,0.004801899069139023
0.29750000070250004,0.0048233195221031346
0.29800000070200006,0.0048448313135598196
0.2985000007015,0.0048664348727280515
0.299000000701,0.004888130631089842
0.29950000070050004,0.0049099190224035265
0.30000000070000005,0.004931800482717268
0.30050000069950006,0.004953775450382502
0.301000000699,0.004975844366067593
0.3015000006985,0.004998007672771504
0.30200000069800004,0.005020265815837569
0.30250000069750005,0.005042619242967406
0.30300000069700006,0.00506506840423483
0.3035000006965,0.005087613752099956
0.30400000069600003,0.00511025574142332
0.30450000069550004,0.005132994829480135
0.30500000069500005,0.0051558314759746005
0.30550000069450006,0.0051787661430543926
0.306000000694,0.005201799295325098
0.30650000069350003,0.005224931399864945
0.30700000069300004,0.005248162926239405
0.30750000069250005,0.005271494346516101
0.308000000692,0.005294926135279668
0.3085000006915,0.00531845876964679
0.30900000069100003,0.005342092729281286
0.30950000069050004,0.005365828496409345
0.31000000069000005,0.005389666555834824
0.3105000006895,0.005413607394954648
0.311000000689,0.005437651503774367
0.31150000068850003,0.005461799374923714
0.31200000068800005,0.00548605150367239
0.31250000068750006,0.005510408387945833
0.313000000687,0.005534870528341184
0.3135000006865,0.005559438428143319
0.31400000068600004,0.005584112593340976
0.31450000068550005,0.005608893532643038
0.31500000068500006,0.005633781757494852
0.3155000006845,0.005658777782094741
0.316000000684,0.005683882123410542
0.31650000068350004,0.005709095301196338
0.31700000068300005,0.005734417838009212
0.31750000068250006,0.005759850259226204
0.318000000682,0.005785393093061319
0.31850000068150003,0.005811046870582647
0.31900000068100004,0.005836812125729676
0.31950000068050005,0.005862689395330592
0.32000000068000006,0.005888679219119834
0.3205000006795,0.0059147821397556415
0.32100000067900003,0.005940998702837829
0.32150000067850004,0.005967329456925579
0.32200000067800005,0.005993774953555469
0.3225000006775,0.006020335747259476
0.323000000677,0.006047012395583259
0.32350000067650003,0.006073805459104444
0.32400000067600004,0.006100715501451073
0.32450000067550006,0.006127743089320211
0.325000000675,0.006154888792496612
0.3255000006745,0.006182153183871597
0.32600000067400003,0.006209536839461957
0.32650000067350005,0.006237040338429075
0.32700000067300006,0.00626466426309811
0.3275000006725,0.006292409198977367
0.328000000672,0.006320275734777781
0.32850000067150004,0.00634826446243247
0.32900000067100005,0.006376375977116555
0.32950000067050006,0.006404610877266944
0.33000000067,0.006432969764602432
0.3305000006695,0.006461453244143791
0.33100000066900004,0.006490061924234056
0.33150000066850005,0.006518796416558988
0.33200000066800006,0.006547657336167577
0.3325000006675,0.0065766453014927785
0.33300000066700003,0.006605760934372368
0.33350000066650004,0.006635004860069897
0.33400000066600005,0.006664377707295819
0.3345000006655,0.006693880108228805
0.335000000665,0.006723512698537109
0.33550000066450003,0.006753276117400171
0.33600000066400004,0.006783171007530318
0.33650000066350005,0.006813198015194621
0.337000000663,0.00684335779023692
0.3375000006625,0.006873650986099968
0.33800000066200003,0.006904078259847786
0.33850000066150004,0.00693464027218807
0.33900000066100006,0.006965337687494893
0.3395000006605,0.00699617117383141
0.34000000066,0.0070271414029728484
0.34050000065950004,0.007058249050429585
0.34100000065900005,0.00708949479547038
0.34150000065850006,0.007120879321145854
0.342000000658,0.007152403314311976
0.3425000006575,0.007184067465653902
0.34300000065700004,0.007215872469709789
0.34350000065650005,0.007247819024894937
0.34400000065600006,0.007279907833525967
0.3445000006555,0.007312139601845293
0.345000000655,0.007344515040045624
0.34550000065450004,0.0073770348622947835
0.34600000065400005,0.007409699786760543
0.34650000065350006,0.007442510535635792
0.347000000653,0.007475467835163768
0.34750000065250003,0.0075085724156634705
0.34800000065200004,0.0075418250115553654
0.34850000065150005,0.007575226361387054
0.349000000651,0.007608777207859381
0.3495000006505,0.007642478297852516
0.35000000065000003,0.007676330382452295
0.35050000064950004,0.007710334216976791
0.35100000064900005,0.0077444905610029886
0.3515000006485,0.007778800178393694
0.352000000648,0.007813263837324608
0.35250000064750003,0.007847882310311654
0.35300000064700005,0.007882656374238357
0.35350000064650006,0.007917586810383606
0.354000000646,0.007952674404449422
0.3545000006455,0.007987919946589062
0.35500000064500004,0.008023324231435272
0.35550000064450005,0.00805888805812868
0.35600000064400006,0.008094612230346507
0.3565000006435,0.008130497556331377
0.357000000643,0.008166544848920406
0.35750000064250004,0.00820275492557439
0.35800000064200005,0.008239128608407397
0.35850000064150006,0.00827566672421628
0.359000000641,0.008312370104510719
0.35950000064050003,0.008349239585543206
0.36000000064000004,0.008386276008339376
0.36050000063950005,0.008423480218728591
0.36100000063900006,0.008460853067374595
0.3615000006385,0.00849839540980653
0.36200000063800003,0.008536108106450103
0.36250000063750004,0.008573992022658976
0.36300000063700005,0.008612048028746377
0.3635000006365,0.008650277000016995
0.364000000636,0.008688679816799015
0.36450000063550003,0.008727257364476432
0.36500000063500004,0.008766010533521601
0.36550000063450006,0.00880494021952797
0.366000000634,0.008844047323243119
0.3665000006335,0.00888333275060199
0.36700000063300003,0.008922797412760341
0.36750000063250005,0.00896244222612848
0.36800000063200006,0.00900226811240523
0.3685000006315,0.00904227599861206
0.369000000631,0.009082466817127679
0.36950000063050004,0.009122841505722543
0.37000000063000005,0.009163401007593962
0.37050000062950006,0.009204146271401176
0.371000000629,0.009245078251300843
0.3715000006285,0.009286197906982794
0.37200000062800004,0.009327506203705883
0.37250000062750005,0.009369004112334298
0.37300000062700006,0.009410692609374004
0.3735000006265,0.009452572677009479
0.37400000062600003,0.009494645303140748
0.37450000062550004,0.009536911481420624
0.37500000062500005,0.009579372211292294
0.37550000062450006,0.00962202849802711
0.376000000624,0.009664881352762673
0.37650000062350003,0.009707931792541235
0.37700000062300004,0.00975118084034832
0.37750000062250005,0.009794629525151656
0.378000000622,0.009838278881940384
0.3785000006215,0.009882129951764566
0.37900000062100003,0.009926183781774952
0.37950000062050004,0.009970441425263035
0.38000000062000006,0.010014903941701491
0.3805000006195,0.010059572396784719
0.381000000619,0.010104447862469923
0.38150000061850003,0.01014953141701828
0.38200000061800005,0.010194824145036498
0.38250000061750006,0.01024032713751873
0.383000000617,0.010286041491888708
0.3835000006165,0.01033196831204221
0.38400000061600004,0.010378108708389882
0.38450000061550005,0.010424463797900274
0.38500000061500006,0.010471034704143324
0.3855000006145,0.010517822557334055
0.386000000614,0.010564828494376654
0.38650000061350004,0.010612053658908835
0.38700000061300005,0.01065949920134656
0.38750000061250006,0.01070716627892905
0.388000000612,0.010755056055764193
0.38850000061150003,0.010803169702874238
0.38900000061100004,0.010851508398241809
0.38950000061050005,0.010900073326856307
0.39000000061000006,0.01094886568076066
0.3905000006095,0.010997886659098307
0.39100000060900003,0.011047137468160745
0.39150000060850004,0.011096619321435188
0.39200000060800005,0.011146333439652724
0.3925000006075,0.011196281050836837
0.393000000607,0.011246463390352185
0.39350000060650003,0.011296881700953845
0.39400000060600004,0.011347537232836878
0.39450000060550006,0.011398431243686247
0.395000000605,0.011449564998727154
0.3955000006045,0.011500939770775688
0.39600000060400004,0.01155255684028996
0.39650000060350005,0.011604417495421435
0.39700000060300006,0.0116565230320669
0.3975000006025,0.011708874753920531
0.398000000602,0.011761473972526637
0.39850000060150004,0.011814322007332538
0.39900000060100005,0.01186742018574207
0.39950000060050006,0.011920769843169306
0.4000000006,0.011974372323092787
0.40050000059950003,0.012028228977110152
0.40100000059900004,0.012082341164993085
0.40150000059850005,0.012136710254742824
0.40200000059800006,0.012191337622645947
0.4025000005975,0.01224622465333072
0.40300000059700003,0.012301372739823669
0.40350000059650004,0.012356783283606858
0.40400000059600005,0.01241245769467526
0.40450000059550006,0.012468397391594898
0.405000000595,0.012524603801561193
0.40550000059450003,0.012581078360457795
0.40600000059400004,0.012637822512916046
0.40650000059350005,0.0126948377123745
0.407000000593,0.012752125421139375
0.4075000005925,0.012809687110445075
0.40800000059200003,0.012867524260515356
0.40850000059150005,0.012925638360624913
0.40900000059100006,0.012984030909161516
0.4095000005905,0.013042703413688395
0.41000000059,0.013101657391007396
0.41050000058950004,0.013160894367222417
0.41100000058900005,0.013220415877803317
0.41150000058850006,0.01328022346765052
0.412000000588,0.013340318691159776
0.4125000005875,0.013400703112287825
0.41300000058700004,0.013461378304618193
0.41350000058650005,0.01352234585142771
0.41400000058600006,0.013583607345753432
0.4145000005855,0.013645164390460164
0.41500000058500003,0.013707018598308482
0.41550000058450004,0.013769171592023073
0.41600000058400005,0.013831625004362086
0.41650000058350006,0.013894380478186346
0.417000000583,0.01395743966652976
0.41750000058250003,0.014020804232669808
0.41800000058200004,0.014084475850198739
0.41850000058150005,0.014148456203095383
0.41900000058100006,0.014212746985797381
0.4195000005805,0.014277349903274044
0.42000000058000003,0.014342266671099816
0.42050000057950004,0.014407499015528201
0.42100000057900006,0.014473048673566287
0.4215000005785,0.014538917393050011
0.422000000578,0.014605106932719707
0.42250000057750003,0.014671619062296536
0.42300000057700005,0.014738455562559292
0.42350000057650006,0.014805618225421924
0.424000000576,0.014873108854011633
0.4245000005755,0.014940929262747558
0.42500000057500004,0.015009081277420106
0.42550000057450005,0.01507756673527084
0.42600000057400006,0.015146387485073099
0.4265000005735,0.015215545387213028
0.427000000573,0.015285042313771648
0.42750000057250004,0.015354880148607015
0.42800000057200005,0.015425060787437573
0.42850000057150006,0.015495586137925689
0.429000000571,0.015566458119762197
0.42950000057050003,0.015637678664751423
0.43000000057000004,0.015709249716896877
0.43050000056950005,0.01578117323248772
0.43100000056900006,0.015853451180185767
0.4315000005685,0.01592608554111334
0.43200000056800003,0.015999078308941664
0.43250000056750004,0.01607243148998005
0.43300000056700005,0.016146147103265698
0.43350000056650007,0.016220227180654315
0.434000000566,0.016294673766911398
0.43450000056550003,0.01636948891980415
0.43500000056500004,0.016444674710194347
0.43550000056450006,0.016520233222131604
0.436000000564,0.016596166552947753
0.4365000005635,0.016672476813351673
0.43700000056300004,0.01674916612752501
0.43750000056250005,0.01682623663321868
0.43800000056200006,0.016903690481850007
0.4385000005615,0.016981529838600736
0.439000000561,0.017059756882515868
0.43950000056050004,0.01713837380660317
0.44000000056000005,0.01721738281793342
0.44050000055950006,0.01729678613774179
0.441000000559,0.017376586001529526
0.4415000005585,0.017456784659166946
0.44200000055800004,0.017537384374996887
0.44250000055750005,0.017618387427939163
0.44300000055700006,0.017699796111595802
0.4435000005565,0.01778161273435715
0.44400000055600003,0.017863839619508857
0.44450000055550004,0.017946479105339513
0.44500000055500005,0.018029533545249558
0.44550000055450006,0.01811300530786055
0.446000000554,0.018196896777125805
0.44650000055350003,0.01828121035244157
0.44700000055300004,0.01836594844875924
0.44750000055250005,0.01845111349669848
0.448000000552,0.018536707942661226
0.4485000005515,0.01862273424894664
0.44900000055100003,0.018709194893866913
0.44950000055050005,0.01879609237186412
0.45000000055000006,0.018883429193627833
0.4505000005495,0.01897120788621407
0.451000000549,0.01905943099316464
0.45150000054850004,0.019148101074627957
0.45200000054800005,0.019237220707480598
0.45250000054750006,0.019326792485449815
0.453000000547,0.019416819019237194
0.4535000005465,0.019507302936643222
0.45400000054600004,0.019598246882692884
0.45450000054550005,0.019689653519762214
0.45500000054500006,0.01978152552770608
0.4555000005445,0.019873865603986685
0.45600000054400003,0.0199666764638035
0.45650000054350004,0.02005996084022392
0.45700000054300005,0.020153721484315195
0.45750000054250006,0.02024796116527737
0.458000000542,0.020342682670577254
0.45850000054150003,0.02043788880608367
0.45900000054100004,0.020533582396203554
0.45950000054050005,0.020629766284019416
0.46000000054000006,0.02072644333142773
0.4605000005395,0.02082361641927863
0.46100000053900003,0.020921288447516624
0.46150000053850004,0.021019462335322547
0.46200000053800006,0.021118141021256587
0.4625000005375,0.02121732746340261
0.463000000537,0.0213170246395137
0.46350000053650003,0.021417235547158537
0.46400000053600005,0.021517963203869672
0.46450000053550006,0.021619210647292192
0.465000000535,0.021720980935334405
0.4655000005345,0.021823277146319146
0.46600000053400004,0.021926102379136763
0.46650000053350005,0.022029459753399115
0.46700000053300006,0.022133352409594995
0.4675000005325,0.022237783509246715
0.468000000532,0.022342756235068158
0.46850000053150004,0.022448273791124015
0.46900000053100005,0.022554339402990276
0.46950000053050006,0.022660956317916377
0.47000000053,0.022768127804988235
0.47050000052950003,0.022875857155293135
0.47100000052900004,0.02298414768208557
0.47150000052850005,0.02309300272095472
0.47200000052800006,0.023202425629993244
0.4725000005275,0.023312419789967488
0.47300000052700003,0.0234229886044892
0.47350000052650004,0.02353413550018842
0.47400000052600005,0.023645863926888316
0.47450000052550007,0.0237581773577808
0.475000000525,0.023871079289604358
0.47550000052450003,0.023984573242822816
0.47600000052400004,0.024098662761805827
0.47650000052350006,0.02421335141501091
0.477000000523,0.02432864279516693
0.4775000005225,0.024444540519459258
0.47800000052200003,0.024561048229716224
0.47850000052150005,0.024678169592597554
0.47900000052100006,0.024795908299783852
0.4795000005205,0.024914268068168457
0.48000000052,0.025033252640049977
0.48050000051950004,0.02515286578332728
0.48100000051900005,0.025273111291695682
0.48150000051850006,0.0253939929848449
0.482000000518,0.025515514708658718
0.4825000005175,0.025637680335416392
0.48300000051700004,0.025760493763995685
0.48350000051650005,0.025883958920077547
0.48400000051600006,0.026008079756352866
0.4845000005155,0.026132860252730487
0.48500000051500003,0.026258304416547563
0.48550000051450004,0.02638441628278118
0.48600000051400005,0.026511199914262193
0.48650000051350006,0.02663865940189064
0.487000000513,0.026766798864853072
0.48750000051250003,0.02689562245084186
0.48800000051200004,0.02702513433627615
0.48850000051150005,0.02715533872652492
0.48900000051100007,0.027286239856131773
0.4895000005105,0.027417841989041968
0.49000000051000003,0.02755014941883097
0.49050000050950004,0.027683166468935306
0.49100000050900006,0.027816897492885205
0.4915000005085,0.02795134687453938
0.492000000508,0.028086519028321995
0.49250000050750004,0.028222418399460915
0.49300000050700005,0.02835904946422923
0.49350000050650006,0.02849641673018763
0.494000000506,0.028634524736429873
0.4945000005055,0.02877337805382965
0.49500000050500004,0.028912981285290084
0.49550000050450005,0.029053339065995085
0.49600000050400006,0.02919445606366306
0.4965000005035,0.029336336978802696
0.49700000050300003,0.02947898654497112
0.49750000050250004,0.029622409529034208
0.49800000050200005,0.029766610731429017
0.49850000050150006,0.029911594986428938
0.499000000501,0.030057367162410538
0.49950000050050003,0.0302039321621234
0.5000000005,0.030351294922961746
0.5005000004994999,0.030499460417238795
0.501000000499,0.030648433652463343
0.5015000004985,0.030798219671618877
0.502000000498,0.030948823553445016
0.5025000004975,0.03110025041272153
0.503000000497,0.03125250540055477
0.5035000004965,0.03140559370466663
0.504000000496,0.031559520549686075
0.5045000004955,0.031714291197443276
0.5050000004949999,0.03186991094726608
0.5055000004945,0.03202638513627964
0.506000000494,0.032183719139707974
0.5065000004935,0.032341918371178634
0.507000000493,0.03250098828303006
0.5075000004925,0.03266093436662152
0.508000000492,0.032821762152645796
0.5085000004915,0.03298347721144471
0.509000000491,0.033146085153327315
0.5095000004905,0.033309591628891085
0.5100000004899999,0.03347400232934585
0.5105000004895,0.033639322986840546
0.511000000489,0.03380555937479302
0.5115000004885,0.03397271730822263
0.512000000488,0.0341408026440858
0.5125000004875,0.03430982128161478
0.513000000487,0.034479779162659124
0.5135000004865,0.034650682272030366
0.514000000486,0.034822536637849844
0.5145000004854999,0.0349953483318993
0.5150000004849999,0.03516912346997533
0.5155000004845,0.035343868212246006
0.516000000484,0.03551958876361148
0.5165000004835,0.035696291374067456
0.517000000483,0.03587398233907217
0.5175000004825,0.0360526679999163
0.518000000482,0.03623235474409654
0.5185000004815,0.036413049005692366
0.519000000481,0.03659475726574617
0.5195000004804999,0.036777486052646885
0.52000000048,0.036961241942517105
0.5205000004795,0.03714603155960353
0.521000000479,0.037331861576671135
0.5215000004785,0.037518738715400644
0.522000000478,0.03770666974678992
0.5225000004775,0.037895661491558756
0.523000000477,0.038085720820557285
0.5235000004765,0.03827685465517827
0.524000000476,0.038469069967773085
0.5245000004754999,0.038662373782071345
0.525000000475,0.03885677317360449
0.5255000004745,0.03905227527013312
0.526000000474,0.03924888725207821
0.5265000004735,0.03944661635295639
0.527000000473,0.03964546985981897
0.5275000004725,0.039845455113695166
0.528000000472,0.0400465795100393
0.5285000004715,0.040248850499181844
0.5290000004709999,0.04045227558678508
0.5295000004704999,0.04065686233430264
0.53000000047,0.04086261835944288
0.5305000004695,0.04106955133663729
0.531000000469,0.041277668997512555
0.5315000004685,0.04148697913136724
0.532000000468,0.04169748958565271
0.5325000004675,0.04190920826645853
0.533000000467,0.042122143139002345
0.5335000004665,0.04233630222812428
0.5340000004659999,0.04255169361878565
0.5345000004655,0.04276832545657282
0.535000000465,0.04298620594820498
0.5355000004645,0.04320534336204714
0.536000000464,0.043425746028627615
0.5365000004635,0.04364742234116052
0.537000000463,0.0438703807560728
0.5375000004625,0.04409462979353629
0.538000000462,0.04432017803800467
0.5385000004615,0.044547034138755534
0.5390000004609999,0.04477520681043722
0.5395000004605,0.04500470483362093
0.54000000046,0.04523553705535787
0.5405000004595,0.045467712389741635
0.541000000459,0.04570123981847572
0.5415000004585,0.04593612839144645
0.542000000458,0.046172387227301236
0.5425000004575,0.04641002551403193
0.543000000457,0.04664905250956413
0.5435000004564999,0.04688947754235144
0.5440000004559999,0.04713131001197602
0.5445000004555,0.047374559389753754
0.545000000455,0.04761923521934571
0.5455000004545,0.047865347117375515
0.546000000454,0.04811290477405203
0.5465000004535,0.04836191795379802
0.547000000453,0.04861239649588484
0.5475000004525,0.04886435031507303
0.548000000452,0.04911778940225882
0.5485000004514999,0.04937272382512682
0.549000000451,0.04962916372880889
0.5495000004505,0.04988711933654914
0.55000000045,0.050146600950375174
0.5505000004495,0.05040761895177566
0.551000000449,0.050670183802384534
0.5515000004485,0.05093430604467137
0.552000000448,0.05119999630263834
0.5525000004475,0.05146726528252377
0.553000000447,0.05173612377351266
0.5535000004464999,0.052006582648453356
0.554000000446,0.05227865286458176
0.5545000004455,0.0525523454642515
0.555000000445,0.052827671575671704
0.5555000004445,0.05310464241365188
0.556000000444,0.053383269280353175
0.5565000004435,0.05366356356604756
0.557000000443,0.053945536749883775
0.5575000004425,0.05422920040066057
0.5580000004419999,0.05451456617760764
0.5585000004414999,0.05480164583117388
0.559000000441,0.05509045120382279
0.5595000004405,0.055380994230836096
0.56000000044,0.05567328694112471
0.5605000004395,0.055967341458047444
0.561000000439,0.05626317000023772
0.5615000004385,0.056560784882437966
0.562000000438,0.056860198516342324
0.5625000004375,0.05716142341144731
0.5630000004369999,0.05746447217591036
0.5635000004365,0.05776935751741743
0.564000000436,0.05807609224405781
0.5645000004355,0.0583846892652083
0.565000000435,0.058695161592425465
0.5655000004345,0.05900752234034665
0.566000000434,0.05932178472759964
0.5665000004335,0.059637962077721055
0.567000000433,0.05995606782008346
0.5675000004325,0.06027611549083206
0.5680000004319999,0.060598118733829726
0.5685000004315,0.060922091301611477
0.569000000431,0.06124804705634837
0.5695000004305,0.06157599997082045
0.57000000043,0.06190596412939918
0.5705000004295,0.06223795372903974
0.571000000429,0.06257198308028253
0.5715000004285,0.06290806660826462
0.572000000428,0.06324621885374108
0.5725000004274999,0.06358645447411601
0.573000000427,0.06392878824448424
0.5735000004265,0.06427323505868218
0.574000000426,0.06461980993034978
0.5745000004255,0.06496852799400253
0.575000000425,0.06531940450611402
0.5755000004245,0.0656724548462088
0.576000000424,0.06602769451796645
0.5765000004235,0.06638513915033589
0.577000000423,0.06674480449866113
0.5775000004224999,0.06710670644581755
0.578000000422,0.06747086100335975
0.5785000004215,0.06783728431268043
0.579000000421,0.06820599264618074
0.5795000004205,0.0685770024084519
0.58000000042,0.06895033013746904
0.5805000004195,0.06932599250579617
0.581000000419,0.069704006321803
0.5815000004185,0.07008438853089444
0.582000000418,0.07046715621675148
0.5825000004174999,0.0708523266025847
0.583000000417,0.07123991705240011
0.5835000004165,0.07162994507227731
0.584000000416,0.07202242831166043
0.5845000004155,0.07241738456466203
0.585000000415,0.07281483177137935
0.5855000004145,0.07321478801922435
0.586000000414,0.07361727154426637
0.5865000004135,0.07402230073258803
0.5870000004129999,0.07442989412165521
0.5875000004125,0.07484007040170021
0.588000000412,0.07525284841711825
0.5885000004115,0.07566824716787884
0.589000000411,0.07608628581095032
0.5895000004105,0.07650698366173904
0.59000000041,0.07693036019554268
0.5905000004095,0.07735643504901818
0.591000000409,0.07778522802166397
0.5915000004085,0.07821675907731779
0.5920000004079999,0.07865104834566823
0.5925000004075,0.07908811612378312
0.593000000407,0.07952798287765107
0.5935000004065,0.07997066924373987
0.594000000406,0.08041619603057039
0.5945000004055,0.08086458422030586
0.595000000405,0.08131585497035712
0.5955000004045,0.0817700296150041
0.596000000404,0.08222712966703333
0.5965000004035,0.08268717681939237
0.5970000004029999,0.08315019294686042
0.5975000004025,0.08361620010773574
0.598000000402,0.08408522054554027
0.5985000004015,0.0845572766907413
0.599000000401,0.08503239116249016
0.5995000004005,0.08551058677037914
0.6000000004,0.08599188651621542
0.6005000003995,0.08647631359581306
0.601000000399,0.08696389140080345
0.6015000003984999,0.08745464352046325
0.602000000398,0.0879485937435621
0.6025000003975,0.08844576606022732
0.603000000397,0.0889461846638286
0.6035000003965,0.08944987395288162
0.604000000396,0.08995685853297093
0.6045000003955,0.0904671632186914
0.605000000395,0.09098081303561109
0.6055000003945,0.09149783322225234
0.606000000394,0.09201824923209395
0.6065000003934999,0.09254208673559314
0.607000000393,0.09306937162222843
0.6075000003925,0.09360013000256304
0.608000000392,0.09413438821032921
0.6085000003915,0.09467217280453387
0.609000000391,0.09521351057158578
0.6095000003905,0.09575842852744412
0.61000000039,0.09630695391978884
0.6105000003895,0.0968591142302136
0.611000000389,0.09741493717644066
0.6115000003884999,0.09797445071455839
0.612000000388,0.09853768304128196
0.6125000003875,0.09910466259623639
0.613000000387,0.09967541806426346
0.6135000003865,0.10024997837775235
0.614000000386,0.10082837271899328
0.6145000003855,0.10141063052255625
0.615000000385,0.10199678147769331
0.6155000003845,0.10258685553076553
0.6160000003839999,0.1031808828876952
0.6165000003835,0.10377889401644312
0.617000000383,0.10438091964951034
0.6175000003825,0.10498699078646682
0.618000000382,0.10559713869650539
0.6185000003815,0.10621139492102163
0.619000000381,0.106829791276221
0.6195000003805,0.10745235985575159
0.62000000038,0.10807913303336522
0.6205000003795,0.10871014346560512
0.6210000003789999,0.10934542409452071
0.6215000003785,0.10998500815041212
0.622000000378,0.11062892915460056
0.6225000003775,0.11127722092222864
0.623000000377,0.11192991756508945
0.6235000003765,0.11258705349448446
0.624000000376,0.11324866342411075
0.6245000003755,0.11391478237297828
0.625000000375,0.11458544566835666
0.6255000003745,0.11526068894875324
0.6260000003739999,0.11594054816692093
0.6265000003735,0.11662505959289765
0.627000000373,0.1173142598170767
0.6275000003725,0.11800818575330935
0.628000000372,0.11870687464203858
0.6285000003715,0.11941036405346635
0.629000000371,0.12011869189075264
0.6295000003705,0.12083189639324743
0.63000000037,0.12155001613975723
0.6305000003694999,0.1222730900518436
0.631000000369,0.12300115739715828
0.6315000003685,0.12373425779280961
0.632000000368,0.12447243120876586
0.6325000003675,0.12521571797129374
0.633000000367,0.12596415876643202
0.6335000003665,0.12671779464350033
0.634000000366,0.12747666701864582
0.6345000003655,0.1282408176784254
0.635000000365,0.1290102887834253
0.6355000003644999,0.12978512287191818
0.636000000364,0.13056536286355827
0.6365000003635,0.1313510520631144
0.637000000363,0.1321422341642419
0.6375000003625,0.1329389532532934
0.638000000362,0.13374125381316956
0.6385000003615,0.13454918072720923
0.639000000361,0.13536277928311963
0.6395000003605,0.13618209517694807
0.64000000036,0.13700717451709443
0.6405000003594999,0.1378380638283648
0.641000000359,0.138674810056068
0.6415000003585,0.13951746057015343
0.642000000358,0.1403660631693926
0.6425000003575,0.14122066608560424
0.643000000357,0.14208131798792162
0.6435000003565,0.14294806798710652
0.644000000356,0.14382096563990585
0.6445000003555,0.14470006095345372
0.6450000003549999,0.1455854043897203
0.6455000003545,0.14647704687000593
0.646000000354,0.14737503977948074
0.6465000003535,0.14827943497177362
0.647000000353,0.14919028477360688
0.6475000003525,0.15010764198947946
0.648000000352,0.1510315599063989
0.6485000003515,0.15196209229866153
0.649000000351,0.15289929343268308
0.6495000003505,0.15384321807187895
0.6500000003499999,0.15479392148159385
0.6505000003495,0.15575145943408544
0.651000000349,0.1567158882135554
0.6515000003485,0.15768726462123545
0.652000000348,0.1586656459805253
0.6525000003475,0.15965109014218354
0.653000000347,0.16064365548957188
0.6535000003465,0.1616434009439541
0.654000000346,0.16265038596984854
0.6545000003454999,0.16366467058043793
0.6550000003449999,0.16468631534303405
0.6555000003445,0.1657153813845962
0.656000000344,0.16675193039731173
0.6565000003435,0.1677960246442299
0.657000000343,0.16884772696495484
0.6575000003425,0.1699071007813984
0.658000000342,0.17097421010359065
0.6585000003415,0.17204911953555113
0.659000000341,0.17313189428121964
0.6595000003404999,0.17422260015044855
0.66000000034,0.17532130356505804
0.6605000003395,0.17642807156494994
0.661000000339,0.17754297181428735
0.6615000003385,0.17866607260773748
0.662000000338,0.1797974428767766
0.6625000003375,0.1809371521960613
0.663000000337,0.1820852707898645
0.6635000003365,0.1832418695385771
0.664000000336,0.18440701998527576
0.6645000003354999,0.1855807943423588
0.665000000335,0.18676326549824945
0.6655000003345,0.18795450702416647
0.666000000334,0.1891545931809652
0.6665000003335,0.19036359892604734
0.667000000333,0.19158159992034166
0.6675000003325,0.1928086725353557
0.668000000332,0.1940448938602979
0.6685000003315,0.19529034170927417
0.6690000003309999,0.19654509462855482
0.6695000003305,0.19780923190391805
0.67000000033,0.19908283356806486
0.6705000003295,0.20036598040811096
0.671000000329,0.2016587539731536
0.6715000003285,0.20296123658191437
0.672000000328,0.2042735113304596
0.6725000003275,0.20559566209999883
0.673000000327,0.20692777356476083
0.6735000003265,0.2082699311999485
0.6740000003259999,0.20962222128977415
0.6745000003255,0.2109847309355774
0.675000000325,0.2123575480640183
0.6755000003245,0.2137407614353591
0.676000000324,0.21513446065182468
0.6765000003235,0.21653873616604677
0.677000000323,0.21795367928959358
0.6775000003225,0.2193793822015823
0.678000000322,0.2208159379573787
0.6785000003215,0.2222634404973823
0.6790000003209999,0.22372198465589607
0.6795000003205,0.22519166617009
0.68000000032,0.226672581689045
0.6805000003195,0.22816482878289082
0.681000000319,0.22966850595203372
0.6815000003185,0.23118371263647144
0.682000000318,0.2327105492252031
0.6825000003175,0.23424911706572799
0.683000000317,0.23579951847363806
0.6835000003164999,0.23736185674230437
0.684000000316,0.23893623615265763
0.6845000003155,0.24052276198306036
0.685000000315,0.24212154051927942
0.6855000003145,0.24373267906455157
0.686000000314,0.24535628594974554
0.6865000003135,0.2469924705436237
0.687000000313,0.2486413432632011
0.6875000003125,0.2503030155842029
0.688000000312,0.2519776000516225
0.6885000003114999,0.2536652102903779
0.689000000311,0.25536596101607373
0.6895000003105,0.25707996804585936
0.69000000031,0.2588073483093925
0.6905000003095,0.26054821985990684
0.691000000309,0.2623027018853815
0.6915000003085,0.2640709147198138
0.692000000308,0.26585297985460193
0.6925000003075,0.267649019950028
0.693000000307,0.2694591588468507
0.6935000003064999,0.2712835215780037
0.694000000306,0.2731222343804022
0.6945000003055,0.27497542470685754
0.695000000305,0.276843221238101
0.6955000003045,0.278725753894916
0.696000000304,0.2806231538503821
0.6965000003035,0.28253555354222887
0.697000000303,0.28446308668529924
0.6975000003025,0.28640588828412866
0.6980000003019999,0.2883640946456316
0.6985000003015,0.290337843391906
0.699000000301,0.2923272734731462
0.6995000003005,0.2943325251806735
0.7000000003,0.2963537401600795
0.7005000002995,0.2983910614244831
0.701000000299,0.30044463336790533
0.7015000002985,0.3025146017787588
0.702000000298,0.3046011138534524
0.7025000002975,0.30670431821011274
0.7030000002969999,0.30882436490242315
0.7035000002965,0.31096140543358247
0.704000000296,0.3131155927703736
0.7045000002955,0.315287081357359
0.705000000295,0.31747602713118944
0.7055000002945,0.3196825875350309
0.706000000294,0.32190692153311384
0.7065000002935,0.3241491896253961
0.707000000293,0.326409553862351
0.7075000002925,0.32868817785986865
0.7080000002919999,0.3309852268142803
0.7085000002915,0.33330086751750393
0.709000000291,0.33563526837230295
0.7095000002905,0.33798859940766923
0.71000000029,0.3403610322943269
0.7105000002895,0.3427527403603514
0.711000000289,0.34516389860691116
0.7115000002885,0.3475946837241274
0.712000000288,0.3500452741070524
0.7125000002874999,0.3525158498717684
0.713000000287,0.35500659287160646
0.7135000002865,0.35751768671347706
0.714000000286,0.36004931677432805
0.7145000002855,0.36260167021771433
0.715000000285,0.3651749360104846
0.7155000002845,0.36776930493958987
0.716000000284,0.37038496962900364
0.7165000002835,0.3730221245567596
0.717000000283,0.37568096607210366
0.7175000002824999,0.3783616924127612
0.718000000282,0.38106450372232026
0.7185000002815,0.383789602067721
0.719000000281,0.38653719145686327
0.7195000002805,0.38930747785632397
0.72000000028,0.3921006692091823
0.7205000002795,0.3949169754529557
0.721000000279,0.3977566085376427
0.7215000002785,0.40061978244387436
0.722000000278,0.4035067132011676
0.7225000002774999,0.4064176189062844
0.723000000277,0.40935271974169535
0.7235000002765,0.4123122379941392
0.724000000276,0.4152963980732853
0.7245000002755,0.41830542653049335
0.725000000275,0.4213395520776672
0.7255000002745,0.4243990056062048
0.726000000274,0.42748402020603704
0.7265000002735,0.4305948311847582
0.7270000002729999,0.4337316760868437
0.7275000002725,0.4368947947129552
0.728000000272,0.44008442913932105
0.7285000002715,0.4433008237372065
0.729000000271,0.4465442251924557
0.7295000002705,0.44981488252510915
0.73000000027,0.4531130471090947
0.7305000002695,0.4564389726919874
0.731000000269,0.45979291541483375
0.7315000002685,0.46317513383203834
0.7320000002679999,0.4665858889313106
0.7325000002675,0.4700254441536719
0.733000000267,0.47349406541350203
0.7335000002665,0.4769920211186465
0.734000000266,0.48051958219056257
0.7345000002655,0.4840770220845034
0.735000000265,0.48766461680974327
0.7355000002645,0.4912826449498279
0.736000000264,0.49493138768285677
0.7365000002635,0.49861112880178365
0.7370000002629999,0.5023221547347337
0.7375000002625,0.5060647545653383
0.738000000262,0.5098392200530664
0.7385000002615,0.5136458456535639
0.739000000261,0.5174849285389864
0.7395000002605,0.5213567686183203
0.74000000026,0.5252616685576881
0.7405000002595,0.5291999338006276
0.741000000259,0.5331718725883451
0.7415000002584999,0.5371777959799285
0.742000000258,0.5412180178725218
0.7425000002575,0.545292855021439
0.743000000257,0.549402627060231
0.7435000002565,0.5535476565206792
0.744000000256,0.5577282688527155
0.7445000002555,0.5619447924442639
0.745000000255,0.5661975586409876
0.7455000002545,0.5704869017659385
0.746000000254,0.574813159139095
0.7465000002534999,0.5791766710967857
0.747000000253,0.5835777810109892
0.7475000002525,0.5880168353084814
0.748000000252,0.592494183489853
0.7485000002515,0.5970101781483598
0.749000000251,0.6015651749886045
0.7495000002505,0.6061595328450404
0.75000000025,0.6107936137002828
0.7505000002495,0.6154677827032187
0.751000000249,0.6201824081868974
0.7515000002484999,0.6249378616861957
0.752000000248,0.6297345179552474
0.7525000002475,0.6345727549846075
0.753000000247,0.6394529540181582
0.7535000002465,0.6443754995697294
0.754000000246,0.6493407794394266
0.7545000002455,0.6543491847296462
0.755000000245,0.6594011098607622
0.7555000002445,0.6644969525864783
0.7560000002439999,0.6696371140088168
0.7565000002435,0.6748219985927403
0.757000000243,0.680052014180373
0.7575000002425,0.6853275720048246
0.758000000242,0.6906490867035854
0.7585000002415,0.6960169763314714
0.759000000241,0.7014316623731177
0.7595000002405,0.7068935697549835
0.76000000024,0.7124031268568581
0.7605000002395,0.717960765522842
0.7610000002389999,0.7235669210717922
0.7615000002385,0.7292220323072041
0.762000000238,0.7349265415264977
0.7625000002375,0.7406808945297116
0.763000000237,0.7464855406275591
0.7635000002365,0.7523409326488312
0.764000000236,0.7582475269471254
0.7645000002355,0.7642057834068703
0.765000000235,0.7702161654486285
0.7655000002345,0.7762791400336405
0.766000000234,0.7823951776675947
0.7665000002335,0.7885647524035964
0.767000000233,0.7947883418442941
0.7675000002325,0.8010664271431522
0.768000000232,0.8073994930048352
0.7685000002315,0.8137880276846705
0.769000000231,0.8202325229871643
0.7695000002305,0.8267334742635376
0.77000000023,0.8332913804082532
0.7705000002294999,0.839906743854496
0.771000000229,0.8465800705685929
0.7715000002285,0.8533118700432991
0.772000000228,0.8601026552899691
0.7725000002275,0.866952942829534
0.773000000227,0.8738632526822693
0.7735000002265,0.8808341083563226
0.774000000226,0.8878660368349464
0.7745000002255,0.8949595685624143
0.775000000225,0.9021152374285715
0.7755000002244999,0.909333580751986
0.776000000224,0.9166151392616742
0.7765000002235,0.9239604570773171
0.777000000223,0.9313700816879824
0.7775000002225,0.9388445639292714
0.778000000222,0.9463844579588576
0.7785000002215,0.9539903212303821
0.779000000221,0.9616627144656499
0.7795000002205,0.9694022016250904
0.78000000022,0.9772093498764295
0.7805000002195,0.9850847295615315
0.781000000219,0.9930289141613683
0.7815000002185,1.0010424802590492
0.782000000218,1.009126007500885
0.7825000002175,1.0172800785554232
0.783000000217,1.025505279070409
0.7835000002165,1.0338021976276184
0.784000000216,1.042171425695509
0.7845000002155,1.0506135575796478
0.7850000002149999,1.059129190370846
0.7855000002145,1.0677189238909641
0.786000000214,1.0763833606363102
0.7865000002135,1.0851231057186044
0.787000000213,1.0939387668034288
0.7875000002125,1.1028309540461168
0.788000000212,1.1118002800250264
0.7885000002115,1.1208473596721353
0.789000000211,1.1299728102008983
0.7895000002105,1.1391772510313034
0.7900000002099999,1.1484613037120854
0.7905000002095,1.157825591840023
0.791000000209,1.167270740976235
0.7915000002085,1.176797378559466
0.792000000208,1.1864061338162621
0.7925000002075,1.1960976376679764
0.793000000207,1.2058725226345564
0.7935000002065,1.215731422735036
0.794000000206,1.2256749733846812
0.7945000002055,1.2357038112887093
0.795000000205,1.2458185743325259
0.7955000002045,1.256019901468436
0.796000000204,1.266308432598708
0.7965000002035,1.27668480845499
0.797000000203,1.2871496704739707
0.7975000002025,1.2977036606692396
0.798000000202,1.3083474214992723
0.7985000002015,1.319081595731475
0.799000000201,1.3299068263022302
0.7995000002004999,1.3408237561728744
0.8000000002,1.3518330281815476
0.8005000001995,1.36293528489083
0.801000000199,1.3741311684311381
0.8015000001985,1.3854213203397843
0.802000000198,1.3968063813956468
0.8025000001975,1.408286991449394
0.803000000197,1.4198637892492008
0.8035000001965,1.431537412261878
0.804000000196,1.4433084964893743
0.8045000001954999,1.455177676280583
0.805000000195,1.4671455841384096
0.8055000001945,1.4792128505219972
0.806000000194,1.4913801036441166
0.8065000001935,1.503647969263625
0.807000000193,1.516017070472944
0.8075000001925,1.528488027480519
0.808000000192,1.541061457388196
0.8085000001915,1.5537379739634805
0.809000000191,1.5665181874066108
0.8095000001905,1.579402704112427
0.81000000019,1.5923921264269831
0.8105000001895,1.6054870523988396
0.811000000189,1.6186880755250337
0.8115000001885,1.631995784491679
0.812000000188,1.64541076290915
0.8125000001875,1.6589335890418384
0.813000000187,1.6725648355324392
0.8135000001865,1.6863050691207588
0.8140000001859999,1.700154850357007
0.8145000001855,1.7141147333095896
0.815000000185,1.728185265267322
0.8155000001845,1.7423669864361386
0.816000000184,1.7566604296302304
0.8165000001835,1.7710661199576245
0.817000000183,1.785584574500231
0.8175000001825,1.8002163019883373
0.818000000182,1.814961802469569
0.8185000001815,1.8298215669723399
0.8190000001809999,1.8447960771638123
0.8195000001805,1.859885805002408
0.82000000018,1.8750912123848464
0.8205000001795,1.8904127507878343
0.821000000179,1.9058508609043894
0.8215000001785,1.9214059722748589
0.822000000178,1.937078502912705
0.8225000001775,1.9528688589251153
0.823000000177,1.9687774341284972
0.8235000001765,1.9848046096589405
0.824000000176,2.0009507535777304
0.8245000001755,2.0172162204720205
0.825000000175,2.033601351050712
0.8255000001745,2.050106471735707
0.826000000174,2.0667318942486155
0.8265000001735,2.083477915193039
0.827000000173,2.1003448156325764
0.8275000001725,2.1173328606646615
0.828000000172,2.1344422989904266
0.8285000001714999,2.1516733624806927
0.829000000171,2.169026265738307
0.8295000001705,2.1865012056569384
0.83000000017,2.2040983609765874
0.8305000001695,2.2218178918359426
0.831000000169,2.2396599393218177
0.8315000001685,2.257624625015874
0.832000000168,2.2757120505388597
0.8325000001675,2.293922297092577
0.833000000167,2.3122554249998433
0.8335000001664999,2.3307114732426815
0.834000000166,2.3492904589990515
0.8345000001655,2.3679923771782896
0.835000000165,2.3868171999556687
0.8355000001645,2.405764876306308
0.836000000164,2.42483533153873
0.8365000001635,2.4440284668284176
0.837000000163,2.4633441587516804
0.8375000001625,2.482782258820179
0.838000000162,2.50234259301645
0.8385000001615,2.5220249613307897
0.839000000161,2.5418291372999096
0.8395000001605,2.561754867547669
0.84000000016,2.5818018713283584
0.8405000001595,2.601969840072903
0.841000000159,2.622258436938396
0.8415000001585,2.6426672963614117
0.842000000158,2.6631960236155092
0.8425000001575,2.6838441943733926
0.8430000001569999,2.704611354274188
0.8435000001565,2.725497018496298
0.844000000156,2.7465006713362774
0.8445000001555,2.767621765794295
0.845000000155,2.7888597231666
0.8455000001545,2.8102139326455338
0.846000000154,2.831683750927594
0.8465000001535,2.853268501830078
0.847000000153,2.874967475916815
0.8475000001525,2.8967799301335315
0.8480000001519999,2.9187050874533984
0.8485000001515,2.9407421365333333
0.849000000151,2.9628902313815106
0.8495000001505,2.985148491036787
0.85000000015,3.007515999260487
0.8505000001495,3.0299918042411713
0.851000000149,3.0525749183129505
0.8515000001485,3.075264317687908
0.852000000148,3.0980589422032265
0.8525000001475,3.12095769508358
0.853000000147,3.1439594427193684
0.8535000001465,3.1670630144614145
0.854000000146,3.1902672024326066
0.8545000001455,3.2135707613571682
0.855000000145,3.2369724084080747
0.8555000001445,3.2604708230731805
0.856000000144,3.284064647040648
0.8565000001435,3.3077524841042036
0.857000000143,3.331532900088813
0.8575000001424999,3.355404422797299
0.858000000142,3.3793655419784594
0.8585000001415,3.403414709317144
0.859000000141,3.427550338446928
0.8595000001405,3.451770804985788
0.86000000014,3.4760744465953186
0.8605000001395,3.5004595630639566
0.861000000139,3.5249244164146942
0.8615000001385,3.549467231037712
0.862000000138,3.5740861938483874
0.8625000001375,3.598779454471057
0.863000000137,3.623545125449007
0.8635000001365,3.6483812824809467
0.864000000136,3.673285964684445
0.8645000001355,3.698257174886588
0.865000000135,3.723292879942189
0.8655000001345,3.7483910110798426
0.866000000134,3.7735494642760585
0.8665000001335,3.7987661006577476
0.867000000133,3.8240387469332258
0.8675000001325,3.849365195851937
0.868000000132,3.874743206693051
0.8685000001315,3.900170505782999
0.869000000131,3.925644787042109
0.8695000001305,3.951163712560342
0.87000000013,3.976724913202163
0.8705000001295,4.002325989240532
0.871000000129,4.027964511019965
0.8715000001285,4.053638019648592
0.8720000001279999,4.079344027719058
0.8725000001275,4.1050800200581765
0.873000000127,4.130843454505033
0.8735000001265,4.156631762717431
0.874000000126,4.182442351006305
0.8745000001255,4.208272601197866
0.875000000125,4.2341198715230695
0.8755000001245,4.259981497534075
0.876000000124,4.285854793047215
0.8765000001235,4.3117370511120585
0.877000000123,4.337625545006021
0.8775000001225,4.363517529254015
0.878000000122,4.38941024067249
0.8785000001215,4.4153008994373355
0.879000000121,4.441186710174898
0.8795000001205,4.467064863075443
0.88000000012,4.4929325350283404
0.8805000001195,4.518786890778164
0.881000000119,4.544625084100917
0.8815000001185,4.570444258999509
0.882000000118,4.596241550917628
0.8825000001175,4.622014087971087
0.883000000117,4.647758992195638
0.8835000001165,4.67347338081034
0.884000000116,4.6991543674954475
0.8845000001155,4.724799063683725
0.885000000115,4.750404579864171
0.8855000001145,4.7759680268970195
0.886000000114,4.8014865173388905
0.8865000001134999,4.82695716677694
0.887000000113,4.852377095170868
0.8875000001125,4.877743428201473
0.888000000112,4.903053298624707
0.8885000001115,4.928303847629849
0.889000000111,4.953492226200613
0.8895000001105,4.9786155964779155
0.89000000011,5.003671133123035
0.8905000001095,5.028656024679832
0.891000000109,5.053567474934799
0.8915000001085,5.078402704273559
0.892000000108,5.10315895103263
0.8925000001075,5.127833472844957
0.893000000107,5.152423547978091
0.8935000001065,5.176926476663615
0.894000000106,5.20133958241651
0.8945000001055,5.225660213343187
0.895000000105,5.24988574343691
0.8955000001045,5.274013573859296
0.8960000001039999,5.2980411342066525
0.8965000001035,5.321965883759925
0.897000000103,5.345785312716937
0.8975000001025,5.369496943405824
0.898000000102,5.39309833147839
0.8985000001015,5.416587067082223
0.899000000101,5.439960776010475
0.8995000001005,5.46321712082813
0.9000000001,5.4863538019736975
0.9005000000995,5.509368558835283
0.9010000000989999,5.5322591707999855
0.9015000000985,5.555023458275663
0.902000000098,5.577659283684045
0.9025000000975,5.6001645524243715
0.903000000097,5.622537213806564
0.9035000000965,5.644775261953197
0.904000000096,5.666876736669371
0.9045000000955,5.688839724279798
0.905000000095,5.710662358432355
0.9055000000945,5.732342820867436
0.906000000094,5.753879342152477
0.9065000000935,5.775270202381107
0.907000000093,5.79651373183631
0.9075000000925,5.8176083116172155
0.908000000092,5.838552374229017
0.9085000000915,5.859344404135629
0.909000000091,5.879982938274782
0.9095000000905,5.900466566535221
0.91000000009,5.920793932195805
0.9105000000894999,5.940963732326254
0.911000000089,5.960974718149504
0.9115000000885,5.980825695365439
0.912000000088,6.000515524436077
0.9125000000875,6.020043120832127
0.913000000087,6.039407455241019
0.9135000000865,6.058607553736466
0.914000000086,6.07764249790972
0.9145000000855,6.096511424962713
0.915000000085,6.115213527763297
0.9155000000844999,6.133748054862882
0.916000000084,6.152114310476799
0.9165000000835,6.170311654427683
0.917000000083,6.18833950205239
0.9175000000825,6.206197324072804
0.918000000082,6.22388464643104
0.9185000000815,6.241401050089582
0.919000000081,6.258746170796883
0.9195000000805,6.275919698819032
0.92000000008,6.29292137863811
0.9205000000795,6.3097510086178685
0.921000000079,6.326408440637473
0.9215000000785,6.342893579693929
0.922000000078,6.359206383474022
0.9225000000775,6.375346861896481
0.923000000077,6.391315076625184
0.9235000000765,6.40711114055419
0.924000000076,6.422735217265443
0.9245000000755,6.438187520460011
0.9250000000749999,6.453468313363689
0.9255000000745,6.468577908107888
0.926000000074,6.483516665086684
0.9265000000735,6.498284992290937
0.927000000073,6.512883344620405
0.9275000000725,6.5273122231747704
0.928000000072,6.541572174524532
0.9285000000715,6.555663789962686
0.929000000071,6.5695877047381295
0.9295000000705,6.58334459727177
0.9300000000699999,6.596935188356257
0.9305000000695,6.6103602403403094
0.931000000069,6.623620556298532
0.9315000000685,6.636716979187749
0.932000000068,6.649650390990711
0.9325000000675,6.662421711848162
0.933000000067,6.675031899180149
0.9335000000665,6.68748194679755
0.934000000066,6.699772884004653
0.9345000000655,6.711905774693743
0.935000000065,6.72388171643256
0.9355000000645,6.735701839545505
0.936000000064,6.747367306189425
0.9365000000635,6.758879309424882
0.937000000063,6.770239072283674
0.9375000000625,6.7814478468334505
0.938000000062,6.7925069132402225
0.9385000000615,6.803417578829516
0.939000000061,6.814181177146972
0.9395000000604999,6.824799067019092
0.94000000006,6.835272631614875
0.9405000000595,6.845603277509029
0.941000000059,6.855792433747468
0.9415000000585,6.865841550915712
0.942000000058,6.875752100210864
0.9425000000575,6.885525572517759
0.943000000057,6.895163477489891
0.9435000000565,6.904667342635687
0.944000000056,6.914038712410672
0.9445000000554999,6.923279147316071
0.945000000055,6.932390223004337
0.9455000000545,6.941373529392079
0.946000000054,6.950230669780901
0.9465000000535,6.9589632599865086
0.947000000053,6.967572927476585
0.9475000000525,6.9760613105177605
0.948000000052,6.984430057332098
0.9485000000515,6.992680825263411
0.949000000051,7.000815279953749
0.9495000000505,7.008835094530361
0.95000000005,7.016741948803438
0.9505000000495,7.024537528474855
0.951000000049,7.032223524358192
0.9515000000485,7.0398016316102545
0.952000000048,7.047273548974269
0.9525000000475,7.054640978034967
0.953000000047,7.061905622485701
0.9535000000465,7.069069187407743
0.9540000000459999,7.076133378561898
0.9545000000455,7.083099901692519
0.955000000045,7.089970461844044
0.9555000000445,7.096746762690098
0.956000000044,7.103430505875244
0.9565000000435,7.110023390369379
0.957000000043,7.116527111834864
0.9575000000425,7.122943362006331
0.958000000042,7.129273828083196
0.9585000000415,7.135520192134865
0.959000000041,7.14168413051855
0.9595000000405,7.147767313309707
0.96000000004,7.15377140374499
0.9605000000395,7.159698057677675
0.961000000039,7.165548923045438
0.9615000000385,7.171325639350428
0.962000000038,7.177029837151478
0.9625000000375,7.182663137568391
0.963000000037,7.188227151798123
0.9635000000365,7.1937234806427375
0.964000000036,7.199153714049005
0.9645000000355,7.204519430659464
0.965000000035,7.209822197374774
0.9655000000345,7.215063568927221
0.966000000034,7.220245087465152
0.9665000000335,7.225368282148182
0.967000000033,7.230434668752957
0.9675000000325,7.23544574928928
0.968000000032,7.240403011626399
0.9685000000314999,7.245307929129231
0.969000000031,7.250161960304298
0.9695000000305,7.254966548455178
0.97000000003,7.259723121347218
0.9705000000295,7.264433090881269
0.971000000029,7.269097852776241
0.9715000000285,7.27371878626021
0.972000000028,7.278297253769819
0.9725000000275,7.282834600657764
0.973000000027,7.287332154908085
0.9735000000265,7.291791226859012
0.974000000026,7.296213108933123
0.9745000000255,7.300599075374519
0.975000000025,7.304950381992803
0.9755000000245,7.30926826591357
0.976000000024,7.313553945335102
0.9765000000235,7.317808619291115
0.977000000023,7.322033467419132
0.9775000000225,7.326229649734342
0.978000000022,7.330398306408574
0.9785000000215,7.334540557554173
0.979000000021,7.33865750301246
0.9795000000205,7.342750222146482
0.98000000002,7.346819773637808
0.9805000000195,7.3508671952870435
0.981000000019,7.354893503817773
0.9815000000185,7.358899694683655
0.982000000018,7.362886741878332
0.9825000000175,7.366855597747886
0.9830000000169999,7.370807192805483
0.9835000000165,7.374742435547923
0.984000000016,7.378662212273755
0.9845000000155,7.38256738690259
0.985000000015,7.386458800795317
0.9855000000145,7.390337272574818
0.986000000014,7.394203597946832
0.9865000000135,7.398058549520547
0.987000000013,7.4019028766285695
0.9875000000125,7.405737305145755
0.988000000012,7.4095625373065275
0.9885000000115,7.413379251520118
0.989000000011,7.417188102183269
0.9895000000105,7.4209897194897705
0.99000000001,7.424784709236232
0.9905000000095,7.428573652623422
0.991000000009,7.4323571060523514
0.9915000000085,7.43613560091431
0.992000000008,7.4399096433738094
0.9925000000075,7.44367971414338
0.993000000007,7.447446268248843
0.9935000000065,7.4512097347835935
0.994000000006,7.454970516649979
0.9945000000055,7.458728990285618
0.995000000005,7.462485505371846
0.9955000000045,7.466240384520809
0.996000000004,7.469993922936767
0.9965000000035,7.47374638804561
0.997000000003,7.477498019084494
0.9975000000024999,7.481249026640069
0.998000000002,7.484999592118059
0.9985000000015,7.488749867116776
0.999000000001,7.492499972656799
0.9995000000005,7.496249998170724
1.0,7.5
