S0_dwell_high,S0_dwell_low,S0_max,S0_min,add_growth,archived_rule_codes,archived_rule_confident_fraction,archived_rule_dynamic_range,archived_rule_stable,clock_period_h,cold_start_min_commitment,cold_start_passed,cold_start_sequence,complex_off_h,complex_on_au_inv_h,error,maturation_half_life_min,runtime_s,solver,steady_reads,steady_state_median_commitment,steady_state_min_commitment,steady_state_passed,steady_state_sequence,uM_per_au,unlabelled_windows,windows
0.8565068943276486,0.28744718803093866,0.9986249830953873,0.0,False,xxxxxxxxxxxxxxxxxxxxxxxxxx,0.0,0.5731974658300962,False,10.599999999999994,1.0,False,1111111111111111111111111111,3.0,0.1,,1.0,173.98,True,24,1.0,1.0,False,111111111111111111111111,0.1,0,28
0.7745944794362938,0.530937457038439,0.9995859895696112,0.0,False,xxxxxxxxxxxxxxxxxxxxxxxxxx,0.0,0.2499560870184147,False,10.599999999999994,1.0,False,1111111111111111111111111111,3.0,1.0,,1.0,160.17,True,24,1.0,1.0,False,111111111111111111111111,0.1,0,28
0.8606913668366982,0.2826545271774574,0.9988493679746071,0.0,False,xxxxxxxxxxxxxxxxxxxxxxxxxx,0.0,0.5816064542800632,False,10.599999999999994,1.0,False,1111111111111111111111111111,3.0,0.1,,2.5,155.72,True,24,1.0,1.0,False,111111111111111111111111,0.1,0,28
0.7862944432732566,0.5092580150538271,0.9996550984004297,0.0,False,xxxxxxxxxxxxxxxxxxxxxxxxxx,0.0,0.2835211201895731,False,10.599999999999994,1.0,False,1111111111111111111111111111,3.0,1.0,,2.5,148.29,True,24,1.0,1.0,False,111111111111111111111111,0.1,0,28
0.8729866785985325,0.274573046901118,0.9991192125592896,0.0,False,1xxxxxxxxxxxxxxxxxxxxxxxxx,0.038461538461538464,0.5950764911017835,False,10.599999999999994,0.8,False,1111111111111111111111111111,3.0,0.1,,5.0,159.32,True,24,1.0,1.0,False,111111111111111111111111,0.1,0,28
0.8028134181415761,0.4823502348404713,0.9997421353098652,0.0,False,xxxxxxxxxxxxxxxxxxxxxxxxxx,0.0,0.3279421525878,False,10.599999999999994,1.0,False,1111111111111111111111111111,3.0,1.0,,5.0,148.43,True,24,1.0,1.0,False,111111111111111111111111,0.1,0,28
0.9081791362771834,0.2580742087792225,0.9994349887191463,0.0,False,x1xxxxxxxxxxxxxxxxxxxxxxxx,0.038461538461538464,0.6238805787634696,False,10.599999999999994,0.8307692307692308,False,1111111111111111111111111111,3.0,0.1,,10.0,153.86,True,24,1.0,0.9692307692307692,False,111111111111111111111111,0.1,0,28
0.793331018994821,0.5409600454854346,0.9998424236966936,0.0,False,xxxxxxxxxxxxxxxxxxxxxxxxxx,0.0,0.2551642360997398,False,10.599999999999994,0.7936507936507936,False,x111111111111111111111111111,3.0,1.0,,10.0,159.18,True,24,1.0,1.0,False,111111111111111111111111,0.1,1,28
0.9872788207102241,0.07092087712480079,0.9997089017940959,0.0,False,11111111111111111111111111,1.0,0.9188874718438187,False,10.599999999999994,0.9523809523809523,False,1111111111111111111111111111,3.0,0.1,,20.0,166.1,True,24,1.0,1.0,False,111111111111111111111111,0.1,0,28
0.9635026750267576,0.19128061863802664,0.9999238600845268,0.0,False,x1x1x1x1x1x1x1x1x1x1x1x1x1,0.5,0.6364841287648564,False,10.599999999999994,0.0,False,x1x1x1x1x1x1x1x1x1x1x1x1x1x1,3.0,1.0,,20.0,155.68,True,24,0.5,0.0,False,x1x1x1x1x1x1x1x1x1x1x1x1,0.1,14,28
0.9585482229004874,0.09168077789014105,0.9993041252621856,0.0,False,11111111111111111111111111,1.0,0.8708643152496922,False,10.599999999999994,1.0,False,1111111111111111111111111111,3.0,0.1,,1.0,165.92,True,24,1.0,1.0,False,111111111111111111111111,0.3,0,28
0.7631604607935107,0.5887468375679654,0.9996544579290219,0.0,False,xxxxxxxxxxxxxxxxxxxxxxxxxx,0.0,0.17733210090371643,False,10.599999999999994,1.0,False,1111111111111111111111111111,3.0,1.0,,1.0,154.71,True,24,1.0,1.0,False,111111111111111111111111,0.3,0,28
0.9586210180551628,0.0741153895026017,0.9994163363411702,0.0,False,11111111111111111111111111,1.0,0.8868924422287479,False,10.599999999999994,1.0,False,1111111111111111111111111111,3.0,0.1,,2.5,161.85,True,24,1.0,1.0,False,111111111111111111111111,0.3,0,28
0.7621690574217338,0.6010244650531219,0.999713609711165,0.0,False,xxxxxxxxxxxxxxxxxxxxxxxxxx,0.0,0.1630374662335462,False,10.599999999999994,0.0,False,x111111111111111111111111111,3.0,1.0,,2.5,176.19,True,24,1.0,1.0,False,111111111111111111111111,0.3,1,28
0.958259003511519,0.06040160688773431,0.9995510761909774,0.0,False,11111111111111111111111111,1.0,0.8936319258179196,False,10.599999999999994,1.0,False,1111111111111111111111111111,3.0,0.1,,5.0,156.99,True,24,1.0,1.0,False,111111111111111111111111,0.3,0,28
0.8096841159223387,0.6148005722479086,0.9997842988051374,0.0,False,xxxxxxxxxxxxxxxxxxxxxxxxxx,0.0,0.14919912464650698,False,10.599999999999994,0.0,False,x1x1111111111111111111111111,3.0,1.0,,5.0,153.62,True,24,1.0,1.0,False,111111111111111111111111,0.3,2,28
0.9479381693030329,0.050691088118392784,0.9997140435784748,0.0,False,11111111111111111111111111,1.0,0.8965203066310347,False,10.599999999999994,0.0,False,x111111111111111111111111111,3.0,0.1,,10.0,157.39,True,24,1.0,1.0,False,111111111111111111111111,0.3,1,28
0.9441598345464688,0.22173214634542093,0.999866871348958,0.0,False,xx1xxxxxx1x1xxx1xxxxx1xx1x,0.23076923076923078,0.4096339251153517,False,10.599999999999994,0.0,False,x11x1x11x1x1x1x1x1x1x1x11x1x,3.0,1.0,,10.0,150.51,True,24,1.0,0.0,False,1x11x1x1x1x1x1x1x1x11x1x,0.3,13,28
0.9608920901284491,0.04739203190687449,0.999851913621709,0.0,False,11111111111111111111111111,1.0,0.9065886078395037,False,10.599999999999994,0.0,False,x111111111111111111111111111,3.0,0.1,,20.0,152.65,True,24,1.0,1.0,False,111111111111111111111111,0.3,1,28
0.9816335400354259,0.055045952856536386,0.9999347346714696,0.0,False,11111111111111111111111111,1.0,0.9304382192644252,False,10.599999999999994,0.0,False,0x11111111111111111111111111,3.0,1.0,,20.0,162.69,True,24,1.0,1.0,False,111111111111111111111111,0.3,1,28
0.9215998217595022,0.057489638913011405,0.9994166679399278,0.0,False,11111111111111111111111111,1.0,0.8168466707334363,False,10.599999999999994,0.0,False,x111111111111111111111111111,3.0,0.1,,1.0,163.84,True,24,1.0,1.0,False,111111111111111111111111,1.0,1,28
0.8808438187182948,0.4321841005100506,0.999591614724768,0.0,False,xxxxxxxxxxxxxxxxxxxxxxxxxx,0.0,0.28205535689357164,False,10.599999999999994,0.0,False,x1x1x1x1111111x111x1x1x1x111,3.0,1.0,,1.0,156.29,True,24,1.0,0.0,False,x1x1111111x111x1x1x1x111,1.0,9,28
0.9261370719275135,0.05920600533086638,0.9995150216254169,0.0,False,11x111x11111x11111x111x111,0.8076923076923077,0.8133785362013576,False,10.599999999999994,0.0,False,x111111111111111111111111111,3.0,0.1,,2.5,153.67,True,24,1.0,1.0,False,111111111111111111111111,1.0,1,28
0.9111986670279119,0.35157522754123466,0.9996612464676431,0.0,False,xxxx1xx1xxxxxxx1xxx1xxxx1x,0.19230769230769232,0.3408234231697636,False,10.599999999999994,0.0,False,x1111x11x1111x11x111x1111x11,3.0,1.0,,2.5,153.21,True,24,1.0,0.0,False,1x11x1111x11x111x1111x11,1.0,7,28
0.9325931284590497,0.052586895687513215,0.9996331190454645,0.0,False,x1x111x111x111x11111x111x1,0.7307692307692307,0.8012606076019493,False,10.599999999999994,0.0,False,xx11111111111111111111111111,3.0,0.1,,5.0,156.53,True,24,1.0,1.0,False,111111111111111111111111,1.0,2,28
0.944082174531856,0.05436531748556993,0.9997454887855883,0.0,False,11111111111111111111111111,1.0,0.8629951111513795,False,10.599999999999994,0.0,False,xx11111111111111111111111111,3.0,1.0,,5.0,170.04,True,24,1.0,1.0,False,111111111111111111111111,1.0,2,28
0.9707952202260078,0.04837372016616129,0.9997699343750384,0.0,False,xxxx111x111x1x1x111x111x11,0.6153846153846154,0.7361760893127607,False,10.599999999999994,0.0,False,xxxxx11111111111111111111111,3.0,0.1,,10.0,158.89,True,24,1.0,0.0,False,x11111111111111111111111,1.0,5,28
0.9754700523551657,0.044596215938739615,0.9998427942021167,0.0,False,xxxx1111111111111111111111,0.8461538461538461,0.8050254806047353,False,10.599999999999994,0.0,False,xxxxx11111111111111111111111,3.0,1.0,,10.0,152.29,True,24,1.0,0.0,False,x11111111111111111111111,1.0,5,28
0.9991360734587916,0.18262273416547492,0.9998831924481261,0.0,False,xxxxxxxxxxxxxxxxxxxxxxxxxx,0.0,0.8173496248448933,False,10.599999999999994,0.0,False,x000000000000000000000000000,3.0,0.1,,20.0,152.36,True,24,1.0,1.0,False,000000000000000000000000,1.0,1,28
0.9995011861298353,0.1761401966234508,0.9999231612918509,0.0,False,00000000000000000000000000,1.0,0.8236287300094661,False,10.599999999999994,0.0,False,x000000000000000000000000000,3.0,1.0,,20.0,153.03,True,24,1.0,1.0,False,000000000000000000000000,1.0,1,28
0.8347004410599859,0.18789906746458124,0.9972207035395086,0.0,False,11111111111x1x1x1x1x1x1x1x,0.6923076923076923,0.591284999149879,False,10.599999999999994,1.0,False,1111111111111111111111111111,3.0,0.1,,1.0,162.09,True,24,1.0,1.0,False,111111111111111111111111,3.0,0,28
0.8618386023352098,0.15354043529725508,0.9975889770401628,0.0,False,111x11x111x11111x1x111x11x,0.7307692307692307,0.5867354091443269,False,10.599999999999994,1.0,False,1111111111111111111111111111,3.0,1.0,,1.0,162.51,True,24,1.0,1.0,False,111111111111111111111111,3.0,0,28
0.8336504107825727,0.17674276043123935,0.9976299881967564,0.0,False,x11x1x1x1x1x1x1x1x1x1x1x1x,0.5,0.541105894065538,False,10.599999999999994,1.0,False,1111111111111111111111111111,3.0,0.1,,2.5,152.66,True,24,1.0,1.0,False,111111111111111111111111,3.0,0,28
0.9892726378466702,0.3096214802794649,0.9979443698427329,0.0,False,xxxxxxxxxxxxxxxxxxxxxxxxxx,0.0,0.6584734824313035,False,10.599999999999994,0.0,False,11xxxxxxxxxxxxxxxxxxxxxxxxxx,3.0,1.0,,2.5,151.69,True,24,0.0,0.0,False,xxxxxxxxxxxxxxxxxxxxxxxx,3.0,26,28
0.9918821635004328,0.28324407099285953,0.9981483716539709,0.0,False,xxxxxxxxxxxxxxxxxxxxxxxxxx,0.0,0.7029218032335323,False,10.599999999999994,0.0,False,1x00000000000000000000000000,3.0,0.1,,5.0,156.12,True,24,1.0,1.0,False,000000000000000000000000,3.0,1,28
0.9913225231242322,0.2849431821251065,0.9983952731791714,0.0,False,xxxxxxxxxxxxxxxxxxxxxxxxxx,0.0,0.6592608307638299,False,10.599999999999994,0.0,False,1x0xxxxxxxxxxxxxxxxxxxxxxxxx,3.0,1.0,,5.0,150.72,True,24,0.0,0.0,False,xxxxxxxxxxxxxxxxxxxxxxxx,3.0,26,28
0.9939914066697075,0.22796600158122887,0.9987960067661763,0.0,False,xxxxxxxxxxxxxxxxxxxxxxxxxx,0.0,0.6708426449658037,False,10.599999999999994,0.0,False,1x0x0x0x0x0x0x0x0x0x0x0x0x0x,3.0,0.1,,10.0,155.76,True,24,0.5,0.0,False,0x0x0x0x0x0x0x0x0x0x0x0x,3.0,14,28
0.9933223684033763,0.28156744817894197,0.998956455730895,0.0,False,xxxxxxxxxxxxxxxxxxxxxxxxxx,0.0,0.6270750540993664,False,10.599999999999994,0.0,False,1x0x0xxxxxxxxxxxxxxxxxxxxxxx,3.0,1.0,,10.0,154.06,True,24,0.0,0.0,False,0xxxxxxxxxxxxxxxxxxxxxxx,3.0,25,28
0.9890267555558809,0.28086312832276067,0.9993501631330186,0.0,False,xxxxxxxxxxxxxxxxxxxxxxxxxx,0.0,0.5589521086413449,False,10.599999999999994,0.0,False,10xxxxxxxxxxxxxxxxxxxxxxxxxx,3.0,0.1,,20.0,148.79,True,24,0.0,0.0,False,xxxxxxxxxxxxxxxxxxxxxxxx,3.0,26,28
0.987809254793546,0.3108074286001352,0.9994327542096005,0.0,False,xxxxxxxxxxxxxxxxxxxxxxxxxx,0.0,0.5163703933857259,False,10.599999999999994,0.0,False,1xxxxxxxxxxxxxxxxxxxxxxxxxxx,3.0,1.0,,20.0,149.41,True,24,0.0,0.0,False,xxxxxxxxxxxxxxxxxxxxxxxx,3.0,27,28
0.850091802486939,0.26018449657574266,0.8501336298429428,0.0,False,xx1x1x1x1x1x1x1x1x1x1x1x1x,0.46153846153846156,0.43986432850269735,False,10.599999999999994,0.0,False,1x1x1x1x1x1x1x1x1x1x1x1x1x1x,3.0,0.1,,1.0,148.41,True,24,0.5,0.0,False,1x1x1x1x1x1x1x1x1x1x1x1x,10.0,14,28
0.8500830505191034,0.33617219407188437,0.8501862045616575,0.0,False,xx1x1x1x1x1x1x1x1x1x1x1x1x,0.46153846153846156,0.3776923638053582,False,10.599999999999994,0.0,False,1x1x1x1x1x1x1x1x1x1x1x1x1x1x,3.0,1.0,,1.0,153.84,True,24,0.5,0.0,False,1x1x1x1x1x1x1x1x1x1x1x1x,10.0,14,28
0.8518322864325194,0.23892506092920202,0.8519040215195965,0.0,False,xx1x1x1x1x1x1x1x1x1x1x1x1x,0.46153846153846156,0.44890955044408065,False,10.599999999999994,0.0,False,1x1x1x1010101010101010101010,3.0,0.1,,2.5,151.29,True,24,1.0,0.0,False,1x1010101010101010101010,10.0,3,28
0.8527670997648324,0.3112076872344965,0.8528183615245618,0.0,False,xx1x1x1x1x1x1x1x1x1x1x1x1x,0.46153846153846156,0.3895813497532183,False,10.599999999999994,0.0,False,1x1x1x1x1x1x1x1x1x1x1x1x1x1x,3.0,1.0,,2.5,150.8,True,24,0.5,0.0,False,1x1x1x1x1x1x1x1x1x1x1x1x,10.0,14,28
0.8533518321279233,0.213135580402516,0.8545056524940168,0.0,False,1x1x1x1x1x1x1x1x1x1x1x1x1x,0.5,0.4534438218938903,False,10.599999999999994,0.0,False,1x1x1x1010101010101010101010,3.0,0.1,,5.0,150.45,True,24,1.0,0.0,False,1x1010101010101010101010,10.0,3,28
0.8551466270077381,0.2815107880549059,0.8553450504988127,0.0,False,xx1x1x1x1x1x1x1x1x1x1x1x1x,0.46153846153846156,0.3987586046369568,False,10.599999999999994,0.0,False,1x1x1x1x1x1x1x1x1x1x1x1x1x1x,3.0,1.0,,5.0,152.33,True,24,0.5,0.0,False,1x1x1x1x1x1x1x1x1x1x1x1x,10.0,14,28
0.8527682192645465,0.18727195195219454,0.8531748142112855,0.0,False,1x1x1x1x1x1x1x1x1x1x1x1x1x,0.5,0.4412762467620381,False,10.599999999999994,0.0,False,1x1x101010101010101010101010,3.0,0.1,,10.0,147.06,True,24,1.0,1.0,True,101010101010101010101010,10.0,2,28
0.856912855363352,0.2483380350141512,0.8581588112243496,0.0,False,xx1x1x1x1x1x1x1x1x1x1x1x1x,0.46153846153846156,0.3944527325191254,False,10.599999999999994,0.0,False,1x1x1x1010101010101010101010,3.0,1.0,,10.0,148.77,True,24,1.0,0.0,False,1x1010101010101010101010,10.0,3,28
0.8456102643417348,0.18630237445244077,0.8469988399249296,0.0,False,xx1x101x101x1x1x1x1x1x1x1x,0.5384615384615384,0.36889941650487745,False,10.599999999999994,0.0,False,1x1x101010101010101010101010,3.0,0.1,,20.0,153.04,True,24,1.0,1.0,True,101010101010101010101010,10.0,2,28
0.8534334792083407,0.2091586996664153,0.8553060570442871,0.0,False,xx1x1x1x1x1x1x1x1x1x1x1x1x,0.46153846153846156,0.337328278157516,False,10.599999999999994,0.0,False,1x1x1x1010101010101010101010,3.0,1.0,,20.0,157.32,True,24,1.0,0.0,False,1x1010101010101010101010,10.0,3,28
