uM_per_au,mrna_half_life_min,maturation_half_life_min,translation_h,immature_decay_h,complex_on_au_inv_h,complex_off_h,complex_decay_h,clock_K_au,clock_n,add_growth,codes_commitment,median_commitment,stored_commitment,codes_instant,stored_instant,dwell_low,dwell_high,S_lo,S_hi
0.1,2.0,20.0,30.0,0.0,0.1,1.0,1.0,0.3,2.0,True,xxxxxxxxx,0.07210031347962383,False,xxxxxxxxx,False,0.25744091350523435,0.6917053167794327,0.0,0.9904516061289069
0.1,2.0,20.0,30.0,0.0,0.1,1.0,1.0,0.3,2.0,False,xxxxxxxxx,0.4308176100628931,False,1xx11xxxx,False,0.19970215094932375,0.9517516066433186,0.0,0.999821157048981
0.3,2.0,20.0,30.0,0.0,0.1,1.0,1.0,0.3,2.0,True,xxxxxxxxx,0.18238993710691823,False,xxxxxxxxx,False,0.15548718795650765,0.8794100540143772,0.0,0.9904699912301359
0.3,2.0,20.0,30.0,0.0,0.1,1.0,1.0,0.3,2.0,False,xxxxxxxxx,0.5188679245283019,False,111111111,False,0.058525106957821066,0.9951918617026969,0.0,0.9999043170431993
1.0,2.0,20.0,30.0,0.0,0.1,1.0,1.0,0.3,2.0,True,xxxxxxxxx,0.01567398119122257,False,xxxxxxxxx,False,0.11475076010672883,0.8670690459458757,0.0,0.9740064144423057
1.0,2.0,20.0,30.0,0.0,0.1,1.0,1.0,0.3,2.0,False,xxxxxxxxx,0.5705329153605015,False,000000000,False,0.101940699328797,0.9995370637761252,0.0,0.9999196848787665
3.0,2.0,20.0,30.0,0.0,0.1,1.0,1.0,0.3,2.0,True,xxxxxxxxx,0.0,False,xxxxxxxxx,False,0.39020342194155877,0.683724383111678,0.0,0.8510338693226016
3.0,2.0,20.0,30.0,0.0,0.1,1.0,1.0,0.3,2.0,False,xxxxxxxxx,0.3542319749216301,False,xxxxxxxxx,False,0.04377239369926533,0.9973009774821546,0.0,0.9994626825208589
10.0,2.0,20.0,30.0,0.0,0.1,1.0,1.0,0.3,2.0,True,xxxxxxxxx,0.0,False,xxxxxxxxx,False,0.13865065210473407,0.5490465995661387,0.0,0.5491262464115718
10.0,2.0,20.0,30.0,0.0,0.1,1.0,1.0,0.3,2.0,False,1x1010101,0.8522012578616353,False,xx1010101,True,0.18072462909232911,0.8431250722310379,0.0,0.8431361002893938
30.0,2.0,20.0,30.0,0.0,0.1,1.0,1.0,0.3,2.0,True,00000xxxx,1.0,False,00xxxxxxx,False,0.016841343784951397,0.3648836947735597,0.0,0.37708474565097344
30.0,2.0,20.0,30.0,0.0,0.1,1.0,1.0,0.3,2.0,False,xxxxxxx11,0.0,False,xxxxxxxxx,False,0.046787461490177436,0.7153817670204818,0.0,0.7188517831625414
100.0,2.0,20.0,30.0,0.0,0.1,1.0,1.0,0.3,2.0,True,000000000,1.0,False,000000000,False,0.001531662517807182,0.05306422616790899,0.0,0.05656423820038237
100.0,2.0,20.0,30.0,0.0,0.1,1.0,1.0,0.3,2.0,False,000000000,1.0,False,000000000,False,0.00432448058175247,0.18373127582020096,0.0,0.19455161029126591
