"uM_per_au","cold_start_passed","steady_state_passed","causal_passed","causal_order","directions_alternate","certified","steady_sequence","min_commitment","g0_peak","Jrev0_peak","bit1_min_setup_h","bit1_min_hold_h"
"5.5","False","False","False","False","False","False","123xx23xx23xx23xx23xx23x","0.0","0.28148153479878096","0.9468027527070808","6.019228275568992","0.6012208152753402"
"5.75","False","False","True","False","True","False","12301230123xx23xx23xx23x","0.0","0.27480617198097196","0.9316125060940361","6.040183846776545","0.6821124991174443"
"6.0","True","True","True","False","True","False","123012301230123012301230","1.0","0.24698443424034155","0.9147605914475939","5.649391118458739","0.7384208538054828"
"6.25","False","False","False","False","False","False","3xx23xx23xx23xx23xx23xx2","0.0","0.20100977134707768","0.8965278377840332","1.4439175406429001","0.7694878019005955"
"6.5","False","True","True","False","True","False","301230123012301230123012","1.0","0.14325566516113808","0.8769304335065087","6.521653296264105","0.9055134064976755"
"6.75","False","True","True","False","True","False","301230123012301230123012","1.0","0.0869317538947642","0.8559017484687788","6.044455762577201","1.1421870210587457"
"7.0","False","False","False","False","False","False","3xx230123xx230123xx230x2","0.0","0.046401620781284944","0.8332102850920396","5.279572510782543","2.572855263684943"
"7.25","False","False","False","False","False","False","xxxxx2323232323232323232","0.0","0.023247264036079","0.8090117271130084","5.506917824887687","2.9264155084456434"
"7.5","False","False","False","False","False","False","101xxxxxxxxxxxxxxxxxx232","0.0","0.011796971196674498","0.782564490556787","5.464982355821931","3.0016843108447375"
