cycle,left_h,right_h,sample_h,S_sample,S_min,S_max,delta_S,forward_integral,reverse_integral,simultaneous_integral,overlap_h,I_max,R_max,C_max
1,2.3666666666666667,12.766666666666666,7.066666666666666,0.7465338595572091,0.32824916628378015,0.7501512741988212,0.4167418222246609,0.4440447412809207,0.027303592893151617,0.022142990075544874,0.0,0.2987335147926978,0.5007068770653362,0.005990126653984946
2,12.766666666666666,23.35,17.65,0.6697357941668446,0.669726714424953,0.744990988508441,-0.023167165073122442,0.10848770918485495,0.13165430607665893,0.05639051352179568,2.5,0.3110357203549051,0.5308358639763411,0.007845132387019815
3,23.35,33.95,28.233333333333334,0.7764737432203017,0.6946583465117959,0.7798460372312153,-0.02716547692352267,0.09890280781125405,0.1260691468935235,0.04088038588619328,2.35,0.3136477179007571,0.8846877370786707,0.010765661919975628
4,33.95,44.53333333333333,38.833333333333336,0.5259030374645305,0.5259019401079222,0.6946583465117959,-0.009715682675644821,0.2146837611380895,0.2243988573479652,0.05564322527150653,2.15,0.3089566515675501,0.8630621032981072,0.012044276449059067
5,44.53333333333333,55.13333333333333,49.416666666666664,0.8408325626868017,0.40953612997223515,0.8411534433959807,-0.27540653386391595,0.16784343996097179,0.44324565874600985,0.011632484911909366,0.15,0.3149959260654804,2.3104694148104743,0.025528281971476316
6,55.13333333333333,65.71666666666667,60.016666666666666,0.18216682326766276,0.18041632466377241,0.5391341025732626,0.1295979726010274,0.4318514799445575,0.3022587008443894,0.07313444746214087,1.4333333333333333,0.30401227814561016,1.965179354055039,0.025896088394725413
7,65.71666666666667,76.31666666666666,70.6,0.8429407180726777,0.435678870375313,0.8429426068037801,-0.10345523219794955,0.3126350439056013,0.41608569673480106,0.008825471117678,0.0,0.31538886138345346,2.2026718946641766,0.025036395381229436
8,76.31666666666666,86.9,81.2,0.18467769814959184,0.1836277575149185,0.5405614605510504,0.10488259017573737,0.4273715377924615,0.32249352444716095,0.07043902195930304,1.4166666666666667,0.3036835656104051,1.9639355385851835,0.02566376847190291
9,86.9,97.5,91.78333333333333,0.8431340977281367,0.4336848260394482,0.8431361021506038,-0.10687663451160218,0.31141450147017447,0.41828650491856495,0.008838794356793647,0.0,0.3153875412956006,2.2101274443841734,0.025110013990168174
