signal,pulse_index,peak_time_min,peak_amplitude
U0,0,180.0,1.0
U0,1,660.0,1.0
U0,2,1140.0,1.0
U0,3,1620.0,1.0
U0,4,2100.0,1.0
U0,5,2580.0,1.0
U0,6,3060.0,1.0
U0,7,3540.0,1.0
U0,8,4020.0,1.0
U0,9,4500.0,1.0
U0,10,4980.0,1.0
U0,11,5460.0,1.0
U1,0,387.0,1.1747326904750988
U1,1,867.0,1.1738420403045844
U1,2,1347.0,1.173840746619529
U1,3,1827.0,1.1738407436781173
U1,4,2307.0,1.1738407451159008
U1,5,2787.0,1.1738407450183277
U1,6,3267.0,1.173840743650253
U1,7,3747.0,1.1738407451181982
U1,8,4227.0,1.1738407450182942
U1,9,4707.0,1.1738407436501839
U1,10,5187.0,1.1738407451181996
U1,11,5667.0,1.1738407450182928
U2,0,594.0,1.1754620991566687
U2,1,1074.0,1.174365313419538
U2,2,1554.0,1.1743629070431238
U2,3,2034.0,1.1743629022963284
U2,4,2514.0,1.1743629025650273
U2,5,2994.0,1.174362902543133
U2,6,3474.0,1.1743629022870778
U2,7,3954.0,1.1743629025646067
U2,8,4434.0,1.1743629025431457
U2,9,4914.0,1.1743629022870736
U2,10,5394.0,1.1743629025646076
U2,11,5874.0,1.1743629025431481
