label,mode,cycle,start_h,end_h,bit1_before,bit1_after,bit1_min,bit1_max,bit1_midpoint_crossings,crossing_directions,A0_peak,F0_peak,gate_peak,gate_median,Int1_source_peak_per_h,Int1_source_dose_au,Int1_peak,Rep1_max,RDF1_max,simultaneous_product_ratio_max,J_fwd1_integral,J_rev1_integral
old_code_parameters,han,0,11.265500399413497,32.42023550836183,0.009008546833684128,0.7217571531488627,0.009008546833684128,0.9944267385843951,1,U,1.9039221107288393,6.418741511448341,0.625661091847627,0.0061954832408772365,14.220025295512867,17.43550419807948,2.7028364711407256,39.994594117213694,4.740516833263119,0.9979059415561065,0.9853860383261085,0.2727822615421075
old_code_parameters,han,1,32.42023550836183,53.60230830518327,0.692525790101061,0.02047241896988572,0.01384158974222438,0.692525790101061,1,D,1.9052500993646209,6.422170748307396,0.6286748486370275,0.00617987789622282,14.288521959822361,17.44681467038954,2.715738753953904,39.37220328865163,4.707174323592167,3.3748248899429076,0.1269811245100728,0.7989262733693494
old_code_parameters,han,2,53.60230830518327,74.78435728071531,0.02295646022258624,0.7209955067372931,0.02295646022258624,0.9925513396557886,1,U,1.9052527998676148,6.422195929255343,0.628713876834025,0.006179679184142286,14.289408992683722,17.446842210031214,2.715898512840523,39.36959134507923,4.673137419814001,0.9947389126440929,0.9696637854482218,0.271771019483531
old_code_parameters,han,3,74.78435728071531,95.96640673862738,0.6918895159179463,0.019374005146624684,0.014346820402688976,0.6918895159179463,1,D,1.9052533626914496,6.4221959961801955,0.6287357945372316,0.006179500878766217,14.289907138242201,17.34313678227836,2.715987493294995,39.352078727674176,4.639702646151096,3.3269090516001714,0.1268647485319246,0.7992823451906218
old_code_parameters,han,4,95.96640673862738,117.14846090185686,0.021319015693152976,0.7448032220717922,0.021319015693152976,0.9925877941298054,1,U,1.905253739093903,6.422195823241598,0.6287515200846211,0.006180240291451356,14.29026454848327,17.45162671872699,2.7160517141741125,39.35049075296417,4.674619819023772,0.934410918645934,0.9713363873063899,0.24800612983382767
old_code_parameters,han,5,117.14846090185686,138.33051470691237,0.7164863541103434,0.01962600875062559,0.014335946851979697,0.7164863541103434,1,D,1.905253943937366,6.422195599971679,0.6287611203777764,0.006180685059395564,14.290482743946104,17.451193776436533,2.7160915098844023,39.352513507346515,4.647091232313825,3.3277895980213628,0.1271134207025792,0.8238537013619335
old_code_parameters,han,6,138.33051470691237,159.51256812752732,0.021660990821166903,0.7405204541385226,0.021660990821166903,0.9925870282287608,1,U,1.9052539777848383,6.422195327504121,0.6287645793472648,0.006180584004132187,14.290561359404636,17.45076048724381,2.7161068661996977,39.350763136074995,4.674587652249609,0.9452851565700561,0.9709933021930072,0.2522863394184059
old_code_parameters,han,7,159.51256812752732,180.69462113746104,0.7120441229717281,0.01990157523960534,0.014336174908235688,0.7120441229717281,1,D,1.9052538410880244,6.422195418606967,0.6287618804230279,0.006180483042034562,14.29050001825458,17.450326861716906,2.716097767141081,39.35250202270522,4.646030700522684,3.3275267467017535,0.1273886990733101,0.8194131235685345
old_code_parameters,han,8,180.69462113746104,201.87667371050466,0.022030090510115174,0.736208565725018,0.022030090510115174,0.9925870442999749,1,U,1.9052535342957584,6.4221956702551575,0.6287530071788625,0.006180382173015388,14.290298347161189,17.44989291024623,2.71606419767528,39.35058142059947,4.6745787469948015,0.9562293528301433,0.970623866264979,0.25659645906194206
old_code_parameters,han,9,201.87667371050466,223.05872582048494,0.7075793665464802,0.02018980826854211,0.014336170121362457,0.7075793665464802,1,D,1.9052530578548468,6.422195875792005,0.6287379433415955,0.006180281396987746,14.289955976267784,17.44945864318852,2.716006143741599,39.35249646984392,4.644977507501254,3.3274240828525268,0.12767609991566303,0.8149494375744327
old_code_parameters,han,10,223.05872582048494,244.24077744126473,0.022415497605878465,0.7318703623300901,0.022415497605878465,0.9925870439627762,1,U,1.9052524122100896,6.422196034918139,0.6287166727952854,0.006181497131187642,14.289472539291248,17.449024070894716,2.715923592257814,39.35039753614556,4.674560625938939,0.9672364346463708,0.970238164678482,0.26093295644728975
old_code_parameters,han,11,244.24077744126473,265.4228285467375,0.7030950611426194,0.020491463666603038,0.014336170221383226,0.7030950611426194,1,D,1.9052515978042674,6.422196147332116,0.6286891795852554,0.0061813953272005315,14.288847673613686,17.44858920373481,2.7158165311252933,39.352488773523085,4.6439001504427715,3.327702679750139,0.1279768255477901,0.810466060036196
old_code_parameters,han,12,265.4228285467375,286.60487911083123,0.022818072033020664,0.7275068259150077,0.022818072033020664,0.9925870439696388,1,U,1.9052506150781747,6.422196212730919,0.6286554479224667,0.006181293617080864,14.288081020381826,17.448154052048057,2.715684949235144,39.35020148397191,4.674557206020501,0.9783057638626949,0.9698353592503015,0.26529487568581617
old_code_parameters,square,0,15.611892805871772,35.61176010564186,1.3088885822409857e-05,0.9881652914078924,1.3088885822409857e-05,0.9948607263450778,1,U,1.9003315148654591,6.598324051936759,0.6863823493729125,0.005343396139989949,15.600098036547557,16.3660792355405,2.92091343041511,39.999944734185135,4.75226094601212,0.21195287812047608,0.9948468235547255,0.0068256169154808175
old_code_parameters,square,1,35.61176010564186,55.61175980107477,0.9838840713654959,0.013249957606360385,0.01324598152784151,0.9838840713654959,1,D,1.9002748171010064,6.598239287727869,0.6863044125323297,0.005343690124056086,15.59832668803479,16.36263853543285,2.9205232482794417,39.36141835739359,4.761600641019606,3.8474336553010113,0.11167707254872274,1.082128156001327
old_code_parameters,square,2,55.61175980107477,75.61175980047278,0.013256754944976246,0.985392927099609,0.013256754944976246,0.9917498660407502,1,U,1.9002747048972155,6.598239120161704,0.686304259273099,0.005343690705076925,15.598323204758996,16.36263164108929,2.9205224838378387,39.364975150685964,4.638620423716147,0.2068895260694139,0.9787343456675465,0.006723171946456845
old_code_parameters,square,3,75.61175980047278,95.6117598004716,0.981313986213742,0.01405686207304635,0.014052878615575581,0.981313986213742,1,D,1.9002747046754722,6.598239119830552,0.6863042589702418,0.005343690706225154,15.598323197875658,16.362631627465397,2.9205224823272555,39.32946984046485,4.649832246823673,3.755950884901561,0.1140601709910265,1.0811420768648894
old_code_parameters,square,4,95.6117598004716,115.6117598004716,0.014063671911132447,0.9854730212486792,0.014063671911132447,0.9918433581467823,1,U,1.900274704675033,6.598239119829896,0.686304258969643,0.005343690706227439,15.598323197862047,16.362631627438464,2.9205224823242686,39.333012536821975,4.643123133416668,0.2070903537903202,0.9780098696662857,0.006725748779260836
old_code_parameters,square,5,115.6117598004716,135.6117598004716,0.9813862708748543,0.014024215587372768,0.014020232411917743,0.9813862708748543,1,D,1.900274704675033,6.598239119829894,0.6863042589696413,0.0053436907062274445,15.598323197862008,16.362631627438383,2.920522482324263,39.33076561219193,4.654254160497981,3.759505135592959,0.11396621288621389,1.0811527477090952
old_code_parameters,square,6,135.6117598004716,155.6117598004716,0.014031024947813608,0.9854699139950097,0.014031024947813608,0.9918397295277271,1,U,1.9002747046750326,6.598239119829894,0.686304258969642,0.005343690706227453,15.598323197862024,16.362631627438365,2.9205224823242646,39.33430875179813,4.642948211267238,0.20708255199640152,0.9780393124956948,0.006725642961906435
old_code_parameters,square,7,155.6117598004716,175.6117598004716,0.9813834671136197,0.014025481630815961,0.01402149844440126,0.9813834671136197,1,D,1.9002747046750328,6.598239119829895,0.6863042589696419,0.005343690706227444,15.59832319786202,16.36263162743835,2.920522482324263,39.33071536214071,4.654082398002704,3.7593670942023603,0.11396985919588115,1.0811523359553663
old_code_parameters,square,8,175.6117598004716,195.6117598004716,0.014032291009819398,0.9854700346819021,0.014032291009819398,0.9918398704625623,1,U,1.9002747046750328,6.598239119829894,0.6863042589696419,0.005343690706227459,15.59832319786202,16.36263162743836,2.9205224823242633,39.33425848453472,4.642955005046885,0.20708285500930834,0.9780381708750082,0.006725647063439922
old_code_parameters,square,9,195.6117598004716,215.6117598004716,0.9813835760133919,0.014025432455822884,0.014021449269833952,0.9813835760133919,1,D,1.9002747046750328,6.598239119829895,0.686304258969642,0.0053436907062274445,15.598323197862024,16.362631627438343,2.920522482324264,39.33071731392762,4.65408906909505,3.759372455621684,0.11396971757177382,1.081152351949993
old_code_parameters,square,10,215.6117598004716,235.6117598004716,0.01403224183410512,0.9854700299945255,0.01403224183410512,0.9918398649887715,1,U,1.900274704675033,6.598239119829893,0.686304258969642,0.005343690706227455,15.598323197862024,16.36263162743836,2.920522482324264,39.33426043699012,4.642954741181932,0.2070828432405282,0.9780382152175169,0.006725646904128154
old_code_parameters,square,11,235.6117598004716,255.6117598004716,0.9813835717838031,0.014025434365736222,0.014021451179730748,0.9813835717838031,1,D,1.900274704675033,6.598239119829895,0.6863042589696421,0.005343690706227444,15.598323197862026,16.362631627438347,2.9205224823242633,39.330717238121935,4.654088809995216,3.7593722473885327,0.1139697230723321,1.0811523513287766
old_code_parameters,square,12,255.6117598004716,275.6117598004716,0.014032243744046657,0.9854700301765756,0.014032243744046657,0.9918398652013691,1,U,1.9002747046750315,6.598239119829893,0.686304258969641,0.005343690706227446,15.598323197862001,16.362631627438443,2.9205224823242624,39.3342603611585,4.642954751430242,0.20708284369770494,0.9780382134952924,0.00672564691032037
old_code_parameters,square,13,275.6117598004716,295.6117598004716,0.9813835719480933,0.014025434291555672,0.014021451105550753,0.9813835719480933,1,D,1.9002747046750315,6.598239119829894,0.6863042589696411,0.005343690706227433,15.598323197862003,16.362631627438425,2.920522482324262,39.33071724106622,4.654088820058452,3.7593722554761393,0.11396972285869482,1.081152351352906
pdf_table_parameters,han,0,11.265500399413497,32.42023550836183,0.8455797188541155,0.2627546105496137,0.03793159454929196,0.9606219802050536,1,D,4.0851273643356505,6.219612814258512,0.274265314557117,0.00010942579519933654,4.936775662028106,3.9927795837237334,1.6137457298384859,4.695775320947165,7.090970116546318,0.686393841275335,0.43912847407941624,1.0218889013291717
pdf_table_parameters,han,1,32.42023550836183,53.60230830518327,0.27121883689972814,0.893132037143966,0.27121883689972814,0.893132037143966,1,U,4.089050332262084,6.219670667110772,0.2747965277233996,0.00011004507325683687,4.946337499021192,4.06458784023403,1.6153452550250853,4.646150557365429,0.42790076584537173,0.566346853728145,0.7788110780158309,0.15692514215257697
pdf_table_parameters,han,2,53.60230830518327,74.78435728071531,0.8983554818730825,0.5461428790923253,0.3464006642204117,0.9516066386760877,2,DU,4.089056426279318,6.2196708753480365,0.27477833688656234,0.00011002689085795997,4.946010063958122,4.06531422145285,1.61540126620842,3.0296862971849077,2.1646186062772506,0.3701378124076525,0.41847032632754444,0.7706579346751973
pdf_table_parameters,han,3,74.78435728071531,95.96640673862738,0.5540463308112832,0.6139774162956981,0.5413831400653877,0.776815795602625,0,,4.089056325885726,6.2196709691483845,0.2747381139433001,0.00010985418807641408,4.945286050979402,4.03703627889478,1.6154210007549992,3.0108376837942155,0.9085672400499063,0.4008389577243853,0.5588472126941019,0.49890533192834224
pdf_table_parameters,han,4,95.96640673862738,117.14846090185686,0.6173833560483968,0.652513735908137,0.6173833560483968,0.7462572943982779,0,,4.0890557839519905,6.219671026341725,0.2746798211590389,0.00010998060528760297,4.9442367808627,4.062861768770222,1.615416016101633,2.18963655446197,0.5291238354878292,0.41043544235012513,0.4882618214991868,0.453129620068108
pdf_table_parameters,han,5,117.14846090185686,138.33051470691237,0.6537726263950654,0.6967424075886731,0.6537726263950654,0.7263201244230042,0,,4.089054843563052,6.219671047437544,0.2746034368902227,0.00010995747947083052,4.9428618640240085,4.063094298124145,1.615386592773162,1.929944386889881,0.36715676408687503,0.39850276387860395,0.45792924513295563,0.41496467950309823
pdf_table_parameters,han,6,138.33051470691237,159.51256812752732,0.6977272230877634,0.6826067553068682,0.6496598578992365,0.7433516930915717,0,,4.089053505590856,6.219671032346482,0.2745089142999722,0.00010993437777512662,4.9411604573995,4.06332495586468,1.6153329254746571,1.85742161056029,0.4082820949572162,0.3907347690140408,0.4328379686225703,0.4479575542471056
pdf_table_parameters,han,7,159.51256812752732,180.69462113746104,0.6835646781239375,0.6905752914790793,0.6545845582916463,0.7355332101834533,0,,4.089051770583532,6.219670980974306,0.2744588021742153,0.0001099113001724799,4.940258439135875,4.063553747101556,1.615255208830916,1.8573020996322267,0.3845836118129256,0.3838865731204076,0.44071293918527565,0.4337041443691251
pdf_table_parameters,han,8,180.69462113746104,201.87667371050466,0.6915431720704236,0.6864999125883916,0.6521028501907101,0.7396603790412585,0,,4.089049639085848,6.219670893226496,0.2745603701753708,0.00011000398678120075,4.942086663156675,4.063780677010894,1.6151536379836868,1.852663908483321,0.3967366217577764,0.3875218545595906,0.43631298808022,0.44135658926723687
pdf_table_parameters,han,9,201.87667371050466,223.05872582048494,0.6874661985950608,0.6888358736619107,0.6534785522772222,0.7374211518795754,0,,4.089048922007057,6.219670769008331,0.27464451043066196,0.00011016654467583223,4.9436011877519155,4.064005751060115,1.615028408541118,1.8518574987183667,0.39002901533587786,0.38552828099795433,0.43860983527755215,0.4372412634857961
pdf_table_parameters,han,10,223.05872582048494,244.24077744126473,0.6898087796086771,0.6876948764424171,0.6527447391259451,0.7386265278216662,0,,4.089051183056417,6.219670608224841,0.27471112890269617,0.00011014322471362038,4.944800320248531,4.064228975010645,1.6149265250745433,1.8515338440391138,0.3936017085789779,0.38655812399177836,0.4373612301299826,0.439475795572015
pdf_table_parameters,han,11,244.24077744126473,265.4228285467375,0.6886710905279243,0.688425375705223,0.6531433496678934,0.7379763770658632,0,,4.0890530421269125,6.21967041078083,0.2747601364357793,0.00011011992911818859,4.945682455844027,4.064450354907355,1.6150722691274189,1.8508656001691324,0.3916599790522289,0.3859516034063853,0.4380320575569028,0.4382786410748839
pdf_table_parameters,han,12,265.4228285467375,286.60487911083123,0.6894067717714413,0.6881444528605645,0.6529283804075113,0.7383262154834691,0,,4.089054499771296,6.2196703807750495,0.2747914488456108,0.00011009665785895057,4.946246079220995,4.06466989706132,1.6151924261172455,1.851223428505929,0.3927041838954445,0.3862787227708744,0.4376740619592268,0.43893710763080895
pdf_table_parameters,square,0,15.611892805871772,35.61176010564185,0.047820457192155996,0.29735214744033467,0.047820457192155996,0.9975877701508098,2,UD,4.137611573319292,6.225026203185516,0.5946562520844265,0.00011531034930307977,10.703812537519678,3.6145437462678602,2.1769628012840463,5.826807490280193,7.3631477200757605,0.37571689176215617,0.9518425101241065,0.7033913058309363
pdf_table_parameters,square,1,35.61176010564185,55.61175980107477,0.2966463310154712,0.5808976740605684,0.2965199547795727,0.5808976740605684,1,U,4.137485118236287,6.225049144854256,0.5881653901539492,0.00011524406692925712,10.586977022771086,3.5676493303499743,2.161955612871524,3.5500030714651443,0.6286915537116897,0.9487635905020986,0.7479834157137147,0.46354927995624684
pdf_table_parameters,square,2,55.61175980107477,75.61175980047278,0.5874117449499181,0.6427528671267898,0.5874117449499181,0.9547716413354413,0,,4.137484867805687,6.225049192747259,0.588151531058754,0.0001152439299682814,10.586727559057572,3.5675526133428237,2.161925223858232,2.4878473824893463,2.0764863248233465,0.40049595024130635,0.43599374352781717,0.381081273326446
pdf_table_parameters,square,3,75.61175980047278,95.6117598004716,0.6354463571837909,0.4931722552289498,0.3542728883476651,0.6354463571837909,2,DU,4.137484867310771,6.225049192841931,0.5881515036622735,0.00011524392969756827,10.586727065920924,3.5675524221723753,2.1619251637828323,3.0312508080185547,0.7107662989682243,1.1367821226556891,0.6103872236125046,0.752163195668637
pdf_table_parameters,square,4,95.6117598004716,115.61175980047159,0.5035814149505407,0.5293165512592322,0.5035814149505407,0.9853784775691201,0,,4.137484867309794,6.225049192842116,0.588151503608112,0.00011524392969703296,10.586727064946015,3.567552421794397,2.1619251636640637,3.0271968033455505,4.114536066406658,0.31202873950812515,0.5012000153124944,0.4759642443490324
pdf_table_parameters,square,5,115.61175980047159,135.6117598004716,0.526680632844926,0.6238797520290438,0.43176104695611583,0.6238797520290438,2,DU,4.137484867309792,6.225049192842115,0.5881515036080073,0.00011524392969703189,10.586727064944132,3.5675524217935317,2.1619251636638377,2.590151474101696,0.551674160884592,0.8502190547657061,0.6612331715711609,0.5638563530243026
pdf_table_parameters,square,6,135.6117598004716,155.6117598004716,0.6283532476810456,0.6769418195193843,0.6283532476810456,0.9116387346222221,0,,4.1374848673097935,6.2250491928421186,0.5881515036080162,0.00011524392969703234,10.586727064944291,3.5675524217935206,2.161925163663857,2.221123261678348,1.4257264281855095,0.4203743003892708,0.42472802327051884,0.37650719592689097
pdf_table_parameters,square,7,155.6117598004716,175.6117598004716,0.6682729157906193,0.4592041799517086,0.3339082339677486,0.6682729157906193,1,D,4.1374848673097935,6.225049192842116,0.5881515036080129,0.00011524392969703234,10.586727064944233,3.567552421793504,2.161925163663848,3.2394943510442684,0.7476632048094072,1.220092063189631,0.5930442357953378,0.8015352581483045
pdf_table_parameters,square,8,175.6117598004716,195.6117598004716,0.47098345289556864,0.4768725428704529,0.47098345289556864,0.9896260108355786,2,UD,4.1374848673097935,6.225049192842115,0.5881515036080132,0.00011524392969703234,10.586727064944236,3.567552421793503,2.161925163663847,3.2348437659000737,4.988052787479497,0.3008455031485965,0.5317578268576257,0.526403964696686
pdf_table_parameters,square,9,195.6117598004716,215.6117598004716,0.4752144254517541,0.6448627339371427,0.4276239591107419,0.6448627339371427,1,U,4.1374848673097935,6.225049192842118,0.5881515036080132,0.00011524392969703234,10.586727064944236,3.567552421793499,2.1619251636638475,2.7596476406635175,0.5314851398514674,0.8117682689989055,0.684226190574272,0.5144645780640118
pdf_table_parameters,square,10,215.6117598004716,235.6117598004716,0.6482951305126265,0.6924635544485631,0.6482951305126265,0.8751361497880227,0,,4.1374848673097935,6.225049192842118,0.5881515036080133,0.00011524392969703234,10.586727064944238,3.567552421793499,2.1619251636638475,2.0892346816635414,1.1364618191621634,0.406920943615833,0.4312115852440057,0.38736438040175264
pdf_table_parameters,square,11,235.6117598004716,255.6117598004716,0.6840595346153587,0.463680159382561,0.342036662123708,0.6840595346153587,1,D,4.1374848673097935,6.225049192842116,0.5881515036080129,0.00011524392969703234,10.586727064944233,3.567552421793507,2.1619251636638497,3.212088805781992,0.7246267950494824,1.1980146217940246,0.5890372980542581,0.8088446618161139
pdf_table_parameters,square,12,255.6117598004716,275.6117598004716,0.47528363583975897,0.4835572798815647,0.47528363583975897,0.9891762734666351,2,UD,4.137484867309789,6.225049192842118,0.5881515036080129,0.0001152439296970326,10.586727064944233,3.567552421793695,2.161925163663846,3.2075166420279855,4.878821369938559,0.30149814448713763,0.5276596991079273,0.5199161227202294
pdf_table_parameters,square,13,275.6117598004716,295.6117598004716,0.4817995416498968,0.6433510636302631,0.4293366096713903,0.6433510636302631,1,U,4.137484867309789,6.225049192842118,0.5881515036080143,0.0001152439296970326,10.586727064944256,3.5675524217937067,2.1619251636638506,2.734828778859467,0.5326808385271977,0.8143259576506575,0.6811996589044302,0.5195291427881085
