period_generations,period_h,Int_tag_rate_h_inv,initial_DNA_state,one_crossing_complete_fraction,zero_crossing_fraction,multiple_crossing_fraction,alternation_fidelity,DNA_conservation_residual,pass_initial_state
7.0,5.833333333333333,12.0,PB,0.0,0.5,0.5,,7.885025965492787e-12,False
7.0,5.833333333333333,12.0,LR,0.0,0.6,0.4,,2.6711077794061566e-11,False
7.25,6.041666666666667,12.0,PB,0.3,0.4,0.0,,3.504574408452754e-11,False
7.25,6.041666666666667,12.0,LR,0.0,0.6,0.4,,7.477574115455354e-12,False
7.5,6.25,12.0,PB,0.6,0.4,0.0,1.0,6.596612145415293e-12,False
7.5,6.25,12.0,LR,0.5,0.4,0.0,1.0,8.941070106516236e-12,False
7.75,6.458333333333333,12.0,PB,0.6,0.4,0.0,1.0,7.403633262015319e-12,False
7.75,6.458333333333333,12.0,LR,0.0,0.6,0.4,,3.753997113165042e-11,False
8.0,6.666666666666667,12.0,PB,0.6,0.4,0.0,1.0,6.892264536872972e-12,False
8.0,6.666666666666667,12.0,LR,0.6,0.4,0.0,1.0,1.1537881761114477e-11,False
8.25,6.875,12.0,PB,0.6,0.4,0.0,1.0,5.702105454474804e-12,False
8.25,6.875,12.0,LR,0.5,0.3,0.1,1.0,1.304689689618499e-11,False
8.5,7.083333333333333,12.0,PB,0.2,0.2,0.6,1.0,7.91300358571334e-12,False
8.5,7.083333333333333,12.0,LR,0.2,0.4,0.4,1.0,4.125366714902157e-12,False
8.75,7.291666666666667,12.0,PB,0.4,0.3,0.3,1.0,2.918187913536485e-11,False
8.75,7.291666666666667,12.0,LR,0.4,0.2,0.4,1.0,7.446820937673237e-12,False
9.0,7.5,12.0,PB,0.3,0.3,0.4,1.0,1.8347323660350412e-11,False
9.0,7.5,12.0,LR,0.4,0.3,0.3,1.0,3.386368963020914e-11,False
9.25,7.708333333333333,12.0,PB,0.5,0.3,0.2,1.0,2.216471450822155e-11,False
9.25,7.708333333333333,12.0,LR,0.6,0.2,0.2,1.0,1.908517788251629e-11,False
9.5,7.916666666666667,12.0,PB,0.4,0.4,0.2,1.0,3.0672353545924125e-11,False
9.5,7.916666666666667,12.0,LR,0.4,0.2,0.4,1.0,3.617495192287379e-11,False
9.75,8.125,12.0,PB,0.4,0.4,0.2,1.0,6.567169030802233e-11,False
9.75,8.125,12.0,LR,0.4,0.4,0.2,1.0,1.8284040947946778e-11,False
10.0,8.333333333333334,12.0,PB,0.5,0.2,0.3,1.0,4.523559304914215e-11,False
10.0,8.333333333333334,12.0,LR,0.5,0.3,0.2,1.0,2.976219271033642e-11,False
10.25,8.541666666666666,12.0,PB,0.8,0.0,0.0,1.0,2.297273482554374e-11,False
10.25,8.541666666666666,12.0,LR,0.8,0.0,0.0,1.0,2.440492252731019e-11,False
10.5,8.75,12.0,PB,1.0,0.0,0.0,1.0,6.840450428313716e-11,True
10.5,8.75,12.0,LR,1.0,0.0,0.0,1.0,7.417377823060178e-11,True
10.75,8.958333333333334,12.0,PB,1.0,0.0,0.0,1.0,5.015277082520697e-11,True
10.75,8.958333333333334,12.0,LR,1.0,0.0,0.0,1.0,4.9640513921644924e-11,True
11.0,9.166666666666666,12.0,PB,1.0,0.0,0.0,1.0,7.843681260055746e-11,True
11.0,9.166666666666666,12.0,LR,1.0,0.0,0.0,1.0,4.5316417285334865e-11,True
11.25,9.375,12.0,PB,1.0,0.0,0.0,1.0,6.52518039601091e-11,True
11.25,9.375,12.0,LR,1.0,0.0,0.0,1.0,3.7477132508456634e-11,True
11.5,9.583333333333334,12.0,PB,1.0,0.0,0.0,1.0,4.437272771440348e-11,True
11.5,9.583333333333334,12.0,LR,1.0,0.0,0.0,1.0,5.093858668203666e-11,True
11.75,9.791666666666666,12.0,PB,1.0,0.0,0.0,1.0,3.6094016664378614e-11,True
11.75,9.791666666666666,12.0,LR,1.0,0.0,0.0,1.0,1.0532641425697875e-10,True
12.0,10.0,12.0,PB,1.0,0.0,0.0,1.0,3.515121527186693e-11,True
12.0,10.0,12.0,LR,1.0,0.0,0.0,1.0,5.418732129669479e-11,True
12.25,10.208333333333334,12.0,PB,1.0,0.0,0.0,1.0,4.625233529509387e-11,True
12.25,10.208333333333334,12.0,LR,1.0,0.0,0.0,1.0,5.145772696835138e-11,True
12.5,10.416666666666666,12.0,PB,1.0,0.0,0.0,1.0,3.597722120218805e-11,True
12.5,10.416666666666666,12.0,LR,1.0,0.0,0.0,1.0,4.1497250080624326e-11,True
12.75,10.625,12.0,PB,1.0,0.0,0.0,1.0,4.213240867301238e-11,True
12.75,10.625,12.0,LR,1.0,0.0,0.0,1.0,5.7640447970186415e-11,True
13.0,10.833333333333334,12.0,PB,1.0,0.0,0.0,1.0,9.341194484591142e-12,True
13.0,10.833333333333334,12.0,LR,1.0,0.0,0.0,1.0,6.371103644653431e-11,True
